Title,Description,Thumbnail url,Channel name,Views,Likes,Comments,Duration in seconds,Duration in timestamp,Duration,Uploaded Time,Video url
Installing VS Code & How Websites Work | Sigma Web Development Course - Tutorial #1,"Latest Udemy Web dev Course With Certificate: https://goharry.in/webdev
Python Udemy Course: https://goharry.in/python
Get this course at 90% Discount if you use this link

Access the playlist: https://www.youtube.com/playlist?list=PLu0W_9lII9agq5TrH9XLIKQvv0iaF2X3w
🔥 XStore – Premium WordPress theme for eCommerce success! https://1.envato.market/2rXmmA
➡️ The GitHub Repository of the code will be provided in the upcoming videos
➡️ Notes and CheatSheets will be provided in the upcoming videos!
➡️ We are working on the Subtitles and will upload them soon!

TimeStamps:
0:00 Introduction
1:51 SIGMA Web Development Course Intro 🗿
2:02 Downloading and installing VS Code
4:33 Setting up VS Code
6:08 Creating First HTML File
11:15 How Websites Work
19:29 Quick HTML Examples
30:37 Our First Website
30:57 Sigma Outro 🗿
  
►Instagram: https://www.instagram.com/codewithharry
python, C, C++, Java, JavaScript and Other Cheatsheets [++]:
Playlist: https://www.youtube.com/playlist?list=PLu0W_9lII9agrsRZjFECeFuWY5ev2pQlk

►Learn in One Video[++]:
Python Course with 5 Projects: https://www.youtube.com/watch?v=fqF9M92jzUo
Python[15 Hr]: https://www.youtube.com/watch?v=gfDE2a7MKjA&list=PLu0W_9lII9ahKZ42vg2w9ERPmShYbYAB7
Python Advance[3.5 Hr]: https://www.youtube.com/watch?v=61a7UkDO50s&list=PLu0W_9lII9ahKZ42vg2w9ERPmShYbYAB7
Python[1 Hr]: https://www.youtube.com/watch?v=qHJjMvHLJdg&list=PLu0W_9lII9ahKZ42vg2w9ERPmShYbYAB7
Python[2 Hr]: https://www.youtube.com/watch?v=ihk_Xglr164&list=PLu0W_9lII9ahKZ42vg2w9ERPmShYbYAB7
Python[15 Min]:https://www.youtube.com/watch?v=fr1f84rg4Nw&list=PLu0W_9lII9ahKZ42vg2w9ERPmShYbYAB7
JavaScript[1 Hr]: https://www.youtube.com/watch?v=onbBV0uFVpo&list=PLu0W_9lII9ahKZ42vg2w9ERPmShYbYAB7
C[1.3 Hr]-https://www.youtube.com/watch?v=YXcgD8hRHYY&list=PLu0W_9lII9ahKZ42vg2w9ERPmShYbYAB7
php[1 Hr]: https://www.youtube.com/watch?v=xW7ro3lwaCI&list=PLu0W_9lII9ahKZ42vg2w9ERPmShYbYAB7
php[2.3 Hr]:https://www.youtube.com/watch?v=1SnPKhCdlsU&list=PLu0W_9lII9ahKZ42vg2w9ERPmShYbYAB7
php[Project]- https://www.youtube.com/watch?v=-al2bECumKg&list=PLu0W_9lII9ahKZ42vg2w9ERPmShYbYAB7
HTML[30 Min]:https://www.youtube.com/watch?v=E3ByCRqE7Lo&list=PLu0W_9lII9ahKZ42vg2w9ERPmShYbYAB7
CSS[8.5 Hr]:https://www.youtube.com/watch?v=Edsxf_NBFrw&list=PLu0W_9lII9ahKZ42vg2w9ERPmShYbYAB7
CSS[1.4 Hr]:https://www.youtube.com/watch?v=u5-K_ua9sOw&list=PLu0W_9lII9ahKZ42vg2w9ERPmShYbYAB7
Wordpress[3.2 Hr]:https://www.youtube.com/watch?v=GlLRYml8mCY&list=PLu0W_9lII9ahKZ42vg2w9ERPmShYbYAB7
Angular[2 Hr]:https://www.youtube.com/watch?v=0LhBvp8qpro&list=PLu0W_9lII9ahKZ42vg2w9ERPmShYbYAB7
Java[2.3 Hr]:https://www.youtube.com/watch?v=rV_3Lewxx6o&list=PLu0W_9lII9ahKZ42vg2w9ERPmShYbYAB7
Web Scraping[1 Hr]:https://www.youtube.com/watch?v=uufDGjTuq34&list=PLu0W_9lII9ahKZ42vg2w9ERPmShYbYAB7
MongoDB[2 Hr]:https://www.youtube.com/watch?v=oSIv-E60NiU&list=PLu0W_9lII9ahKZ42vg2w9ERPmShYbYAB7
Numpy[1 Hr]:https://www.youtube.com/watch?v=Rbh1rieb3zc&list=PLu0W_9lII9ahKZ42vg2w9ERPmShYbYAB7
Android Dev[12 Hr]- https://www.youtube.com/watch?v=mXjZQX3UzOs
Linux[1 Hr]:https://www.youtube.com/watch?v=_tCY-c-sPZc&list=PLu0W_9lII9ahKZ42vg2w9ERPmShYbYAB7
JQuery[1.1 Hr]:https://www.youtube.com/watch?v=YFlx1C8XwR0&list=PLu0W_9lII9ahKZ42vg2w9ERPmShYbYAB7
Git and GitHub[1.1 Hr]:https://www.youtube.com/watch?v=gwWKnnCMQ5c&list=PLu0W_9lII9ahKZ42vg2w9ERPmShYbYAB7

►Complete course [playlist]:
React: https://www.youtube.com/playlist?list=PLu0W_9lII9agx66oZnT6IyhcMIbUMNMdt
Python-https://www.youtube.com/playlist?list=PLu0W_9lII9agICnT8t4iYVSZ3eykIAOME
OOP Python-https://www.youtube.com/playlist?list=PLu0W_9lII9ahfRrhFcoB-4lpp9YaBmdCP
Java:https://www.youtube.com/playlist?list=PLu0W_9lII9agS67Uits0UnJyrYiXhDS6q
JavaScript- https://www.youtube.com/playlist?list=PLu0W_9lII9ajyk081To1Cbt2eI5913SsL
PHP-https://www.youtube.com/playlist?list=PLu0W_9lII9aikXkRE0WxDt1vozo3hnmtR
C-https://www.youtube.com/playlist?list=PLu0W_9lII9aiXlHcLx-mDH1Qul38wD3aR
C++-https://www.youtube.com/playlist?list=PLu0W_9lII9agpFUAlPFe_VNSlXW5uE0YL
Git & GitHub-https://www.youtube.com/playlist?list=PLu0W_9lII9ahVQekD7ePHmnirTePXwIln
Android Dev- https://www.youtube.com/playlist?list=PLu0W_9lII9aiL0kysYlfSOUgY5rNlOhUd
Python GUI- https://www.youtube.com/playlist?list=PLu0W_9lII9ajLcqRcj4PoEihkukF_OTzA
Web Development- https://www.youtube.com/playlist?list=PLu0W_9lII9agiCUZYRsvtGTXdxkzPyItg
Python Django:https://www.youtube.com/playlist?list=PLu0W_9lII9ah7DDtYtflgwMwpT3xmjXY9
Projects Using HTML, CSS & Javascript- https://www.youtube.com/playlist?list=PLu0W_9lII9aiQiOwthuSvinxoflmhRxM3
Data Structure and Algo:https://www.youtube.com/playlist?list=PLu0W_9lII9ahIappRPN0MCAgtOu3lQjQi 

Follow Me On Social Media
►Website (created using Django Rest & Angular): https://www.codewithharry.com
►Facebook: https://www.facebook.com/CodeWithHarry
►Instagram: https://www.instagram.com/codewithharry/ 
Twitter: https://twitter.com/CodeWithHarry
Comment ""#HarryBhai"" if you read this 😉😉",https://i.ytimg.com/vi/tVzUXW6siu0/maxresdefault.jpg,CodeWithHarry,6236217,154623,38309,1880,31:20,"31 Minutes, 20 Seconds",2023-09-26T14:39:53,https://www.youtube.com/watch?v=tVzUXW6siu0
Your First HTML Website | Sigma Web Development Course - Tutorial #2,"Latest Udemy Web dev Course With Certificate: https://goharry.in/webdev
Access the playlist: https://www.youtube.com/playlist?list=PLu0W_9lII9agq5TrH9XLIKQvv0iaF2X3w
➡️ Source Code: https://github.com/CodeWithHarry/Sigma-Web-Dev-Course
➡️ Notes and CheatSheets link is provided in the video
➡️ We are working on the Subtitles and will upload them soon!

⌚Timestamps⌚
0:00 Introduction
1:14 Sigma Web Development Course Intro
1:25 Configuring GIT
4:29 Configuring VS Code for Our First Website
5:56 Useful VS Code Extensions 
13:59 Linking CSS
15:48 Linking JavaScript
18:56 iPhone 15 Pro Max - Client-Server Interaction Explained
21:52 Notes & Cheatsheets
22:35 How to Earn Money 
28:03 Ending
28:11 Sigma Outro

Download UltraEdit Trial for Free: https://bit.ly/UltraEdit-CWH

►Checkout my English channel here: https://www.youtube.com/channel/UC7btqG2Ww0_2LwuQxpvo2HQ
►Instagram: www.instagram.com/codewithharry

python, C, C++, Java, JavaScript and Other Cheatsheets [++]:
Playlist: https://www.youtube.com/playlist?list=PLu0W_9lII9agrsRZjFECeFuWY5ev2pQlk

►Learn in One Video[++]:
Python Course with 5 Projects: https://www.youtube.com/watch?v=fqF9M92jzUo
Python[15 Hr]: https://www.youtube.com/watch?v=gfDE2a7MKjA&list=PLu0W_9lII9ahKZ42vg2w9ERPmShYbYAB7
Python Advance[3.5 Hr]: https://www.youtube.com/watch?v=61a7UkDO50s&list=PLu0W_9lII9ahKZ42vg2w9ERPmShYbYAB7
Python[1 Hr]: https://www.youtube.com/watch?v=qHJjMvHLJdg&list=PLu0W_9lII9ahKZ42vg2w9ERPmShYbYAB7
Python[2 Hr]: https://www.youtube.com/watch?v=ihk_Xglr164&list=PLu0W_9lII9ahKZ42vg2w9ERPmShYbYAB7
Python[15 Min]:https://www.youtube.com/watch?v=fr1f84rg4Nw&list=PLu0W_9lII9ahKZ42vg2w9ERPmShYbYAB7
JavaScript[1 Hr]: https://www.youtube.com/watch?v=onbBV0uFVpo&list=PLu0W_9lII9ahKZ42vg2w9ERPmShYbYAB7
C[1.3 Hr]-https://www.youtube.com/watch?v=YXcgD8hRHYY&list=PLu0W_9lII9ahKZ42vg2w9ERPmShYbYAB7
php[1 Hr]: https://www.youtube.com/watch?v=xW7ro3lwaCI&list=PLu0W_9lII9ahKZ42vg2w9ERPmShYbYAB7
php[2.3 Hr]:https://www.youtube.com/watch?v=1SnPKhCdlsU&list=PLu0W_9lII9ahKZ42vg2w9ERPmShYbYAB7
php[Project]- https://www.youtube.com/watch?v=-al2bECumKg&list=PLu0W_9lII9ahKZ42vg2w9ERPmShYbYAB7
HTML[30 Min]:https://www.youtube.com/watch?v=E3ByCRqE7Lo&list=PLu0W_9lII9ahKZ42vg2w9ERPmShYbYAB7
CSS[8.5 Hr]:https://www.youtube.com/watch?v=Edsxf_NBFrw&list=PLu0W_9lII9ahKZ42vg2w9ERPmShYbYAB7
CSS[1.4 Hr]:https://www.youtube.com/watch?v=u5-K_ua9sOw&list=PLu0W_9lII9ahKZ42vg2w9ERPmShYbYAB7
Wordpress[3.2 Hr]:https://www.youtube.com/watch?v=GlLRYml8mCY&list=PLu0W_9lII9ahKZ42vg2w9ERPmShYbYAB7
Angular[2 Hr]:https://www.youtube.com/watch?v=0LhBvp8qpro&list=PLu0W_9lII9ahKZ42vg2w9ERPmShYbYAB7
Java[2.3 Hr]:https://www.youtube.com/watch?v=rV_3Lewxx6o&list=PLu0W_9lII9ahKZ42vg2w9ERPmShYbYAB7
Web Scraping[1 Hr]:https://www.youtube.com/watch?v=uufDGjTuq34&list=PLu0W_9lII9ahKZ42vg2w9ERPmShYbYAB7
MongoDB[2 Hr]:https://www.youtube.com/watch?v=oSIv-E60NiU&list=PLu0W_9lII9ahKZ42vg2w9ERPmShYbYAB7
Numpy[1 Hr]:https://www.youtube.com/watch?v=Rbh1rieb3zc&list=PLu0W_9lII9ahKZ42vg2w9ERPmShYbYAB7
Android Dev[12 Hr]- https://www.youtube.com/watch?v=mXjZQX3UzOs
Linux[1 Hr]:https://www.youtube.com/watch?v=_tCY-c-sPZc&list=PLu0W_9lII9ahKZ42vg2w9ERPmShYbYAB7
JQuery[1.1 Hr]:https://www.youtube.com/watch?v=YFlx1C8XwR0&list=PLu0W_9lII9ahKZ42vg2w9ERPmShYbYAB7
Git and GitHub[1.1 Hr]:https://www.youtube.com/watch?v=gwWKnnCMQ5c&list=PLu0W_9lII9ahKZ42vg2w9ERPmShYbYAB7

►Complete course [playlist]:
React: https://www.youtube.com/playlist?list=PLu0W_9lII9agx66oZnT6IyhcMIbUMNMdt
Python-https://www.youtube.com/playlist?list=PLu0W_9lII9agICnT8t4iYVSZ3eykIAOME
OOP Python-https://www.youtube.com/playlist?list=PLu0W_9lII9ahfRrhFcoB-4lpp9YaBmdCP
Java:https://www.youtube.com/playlist?list=PLu0W_9lII9agS67Uits0UnJyrYiXhDS6q
JavaScript- https://www.youtube.com/playlist?list=PLu0W_9lII9ajyk081To1Cbt2eI5913SsL
PHP-https://www.youtube.com/playlist?list=PLu0W_9lII9aikXkRE0WxDt1vozo3hnmtR
C-https://www.youtube.com/playlist?list=PLu0W_9lII9aiXlHcLx-mDH1Qul38wD3aR
C++-https://www.youtube.com/playlist?list=PLu0W_9lII9agpFUAlPFe_VNSlXW5uE0YL
Git & GitHub-https://www.youtube.com/playlist?list=PLu0W_9lII9ahVQekD7ePHmnirTePXwIln
Android Dev- https://www.youtube.com/playlist?list=PLu0W_9lII9aiL0kysYlfSOUgY5rNlOhUd
Python GUI- https://www.youtube.com/playlist?list=PLu0W_9lII9ajLcqRcj4PoEihkukF_OTzA
Web Development- https://www.youtube.com/playlist?list=PLu0W_9lII9agiCUZYRsvtGTXdxkzPyItg
Python Django:https://www.youtube.com/playlist?list=PLu0W_9lII9ah7DDtYtflgwMwpT3xmjXY9
Projects Using HTML, CSS & Javascript- https://www.youtube.com/playlist?list=PLu0W_9lII9aiQiOwthuSvinxoflmhRxM3
Data Structure and Algo:https://www.youtube.com/playlist?list=PLu0W_9lII9ahIappRPN0MCAgtOu3lQjQi 

Follow Me On Social Media
►Website (created using Django Rest & Angular): https://www.codewithharry.com
►Facebook: https://www.facebook.com/CodeWithHarry
►Instagram: https://www.instagram.com/codewithharry/ 
Twitter: https://twitter.com/CodeWithHarry
Comment ""#HarryBhai"" if you read this 😉😉",https://i.ytimg.com/vi/kJEsTjH5mVg/maxresdefault.jpg,CodeWithHarry,2225783,106591,29677,1711,28:31,"28 Minutes, 31 Seconds",2023-09-27T15:47:25,https://www.youtube.com/watch?v=kJEsTjH5mVg
Basic Structure of an HTML Website | Sigma Web Development Course - Tutorial #3,"Latest Udemy Web dev Course With Certificate: https://goharry.in/webdev
Access the playlist: https://www.youtube.com/playlist?list=PLu0W_9lII9agq5TrH9XLIKQvv0iaF2X3w
➡️ Source Code: https://github.com/CodeWithHarry/Sigma-Web-Dev-Course
➡️ Notes and CheatSheets link is provided in the video
➡️ We are working on the Subtitles and will upload them soon!

⌚Timestamps⌚
0:00 Introduction
00:46 Sigma Web Development Course Intro
02:58 Basic Structure of an HTML File
07:00 HTML Attributes
07:58 Sigma Rule
08:28 Mobile Preview Tip
10:00 One Small Request
10:48 Sigma Outro

►Checkout my English channel here: https://www.youtube.com/channel/UC7btqG2Ww0_2LwuQxpvo2HQ
►Instagram: www.instagram.com/codewithharry

python, C, C++, Java, JavaScript and Other Cheatsheets [++]:
Playlist: https://www.youtube.com/playlist?list=PLu0W_9lII9agrsRZjFECeFuWY5ev2pQlk

►Learn in One Video[++]:
Python Course with 5 Projects: https://www.youtube.com/watch?v=fqF9M92jzUo
Python[15 Hr]: https://www.youtube.com/watch?v=gfDE2a7MKjA&list=PLu0W_9lII9ahKZ42vg2w9ERPmShYbYAB7
Python Advance[3.5 Hr]: https://www.youtube.com/watch?v=61a7UkDO50s&list=PLu0W_9lII9ahKZ42vg2w9ERPmShYbYAB7
Python[1 Hr]: https://www.youtube.com/watch?v=qHJjMvHLJdg&list=PLu0W_9lII9ahKZ42vg2w9ERPmShYbYAB7
Python[2 Hr]: https://www.youtube.com/watch?v=ihk_Xglr164&list=PLu0W_9lII9ahKZ42vg2w9ERPmShYbYAB7
Python[15 Min]:https://www.youtube.com/watch?v=fr1f84rg4Nw&list=PLu0W_9lII9ahKZ42vg2w9ERPmShYbYAB7
JavaScript[1 Hr]: https://www.youtube.com/watch?v=onbBV0uFVpo&list=PLu0W_9lII9ahKZ42vg2w9ERPmShYbYAB7
C[1.3 Hr]-https://www.youtube.com/watch?v=YXcgD8hRHYY&list=PLu0W_9lII9ahKZ42vg2w9ERPmShYbYAB7
php[1 Hr]: https://www.youtube.com/watch?v=xW7ro3lwaCI&list=PLu0W_9lII9ahKZ42vg2w9ERPmShYbYAB7
php[2.3 Hr]:https://www.youtube.com/watch?v=1SnPKhCdlsU&list=PLu0W_9lII9ahKZ42vg2w9ERPmShYbYAB7
php[Project]- https://www.youtube.com/watch?v=-al2bECumKg&list=PLu0W_9lII9ahKZ42vg2w9ERPmShYbYAB7
HTML[30 Min]:https://www.youtube.com/watch?v=E3ByCRqE7Lo&list=PLu0W_9lII9ahKZ42vg2w9ERPmShYbYAB7
CSS[8.5 Hr]:https://www.youtube.com/watch?v=Edsxf_NBFrw&list=PLu0W_9lII9ahKZ42vg2w9ERPmShYbYAB7
CSS[1.4 Hr]:https://www.youtube.com/watch?v=u5-K_ua9sOw&list=PLu0W_9lII9ahKZ42vg2w9ERPmShYbYAB7
Wordpress[3.2 Hr]:https://www.youtube.com/watch?v=GlLRYml8mCY&list=PLu0W_9lII9ahKZ42vg2w9ERPmShYbYAB7
Angular[2 Hr]:https://www.youtube.com/watch?v=0LhBvp8qpro&list=PLu0W_9lII9ahKZ42vg2w9ERPmShYbYAB7
Java[2.3 Hr]:https://www.youtube.com/watch?v=rV_3Lewxx6o&list=PLu0W_9lII9ahKZ42vg2w9ERPmShYbYAB7
Web Scraping[1 Hr]:https://www.youtube.com/watch?v=uufDGjTuq34&list=PLu0W_9lII9ahKZ42vg2w9ERPmShYbYAB7
MongoDB[2 Hr]:https://www.youtube.com/watch?v=oSIv-E60NiU&list=PLu0W_9lII9ahKZ42vg2w9ERPmShYbYAB7
Numpy[1 Hr]:https://www.youtube.com/watch?v=Rbh1rieb3zc&list=PLu0W_9lII9ahKZ42vg2w9ERPmShYbYAB7
Android Dev[12 Hr]- https://www.youtube.com/watch?v=mXjZQX3UzOs
Linux[1 Hr]:https://www.youtube.com/watch?v=_tCY-c-sPZc&list=PLu0W_9lII9ahKZ42vg2w9ERPmShYbYAB7
JQuery[1.1 Hr]:https://www.youtube.com/watch?v=YFlx1C8XwR0&list=PLu0W_9lII9ahKZ42vg2w9ERPmShYbYAB7
Git and GitHub[1.1 Hr]:https://www.youtube.com/watch?v=gwWKnnCMQ5c&list=PLu0W_9lII9ahKZ42vg2w9ERPmShYbYAB7

►Complete course [playlist]:
React: https://www.youtube.com/playlist?list=PLu0W_9lII9agx66oZnT6IyhcMIbUMNMdt
Python-https://www.youtube.com/playlist?list=PLu0W_9lII9agICnT8t4iYVSZ3eykIAOME
OOP Python-https://www.youtube.com/playlist?list=PLu0W_9lII9ahfRrhFcoB-4lpp9YaBmdCP
Java:https://www.youtube.com/playlist?list=PLu0W_9lII9agS67Uits0UnJyrYiXhDS6q
JavaScript- https://www.youtube.com/playlist?list=PLu0W_9lII9ajyk081To1Cbt2eI5913SsL
PHP-https://www.youtube.com/playlist?list=PLu0W_9lII9aikXkRE0WxDt1vozo3hnmtR
C-https://www.youtube.com/playlist?list=PLu0W_9lII9aiXlHcLx-mDH1Qul38wD3aR
C++-https://www.youtube.com/playlist?list=PLu0W_9lII9agpFUAlPFe_VNSlXW5uE0YL
Git & GitHub-https://www.youtube.com/playlist?list=PLu0W_9lII9ahVQekD7ePHmnirTePXwIln
Android Dev- https://www.youtube.com/playlist?list=PLu0W_9lII9aiL0kysYlfSOUgY5rNlOhUd
Python GUI- https://www.youtube.com/playlist?list=PLu0W_9lII9ajLcqRcj4PoEihkukF_OTzA
Web Development- https://www.youtube.com/playlist?list=PLu0W_9lII9agiCUZYRsvtGTXdxkzPyItg
Python Django:https://www.youtube.com/playlist?list=PLu0W_9lII9ah7DDtYtflgwMwpT3xmjXY9
Projects Using HTML, CSS & Javascript- https://www.youtube.com/playlist?list=PLu0W_9lII9aiQiOwthuSvinxoflmhRxM3
Data Structure and Algo:https://www.youtube.com/playlist?list=PLu0W_9lII9ahIappRPN0MCAgtOu3lQjQi 

Follow Me On Social Media
►Website (created using Django Rest & Angular): https://www.codewithharry.com
►Facebook: https://www.facebook.com/CodeWithHarry
►Instagram: https://www.instagram.com/codewithharry/ 
Twitter: https://twitter.com/CodeWithHarry
Comment ""#HarryBhai"" if you read this 😉😉",https://i.ytimg.com/vi/BGeDBfCIqas/maxresdefault.jpg,CodeWithHarry,1409184,61749,7800,672,11:12,"11 Minutes, 12 Seconds",2023-09-28T16:41:18,https://www.youtube.com/watch?v=BGeDBfCIqas
"Heading, Paragraphs and Links | Sigma Web Development Course - Tutorial #4","Latest Udemy Web dev Course With Certificate: https://goharry.in/webdev
Access the web development course playlist: https://www.youtube.com/playlist?list=PLu0W_9lII9agq5TrH9XLIKQvv0iaF2X3w
➡️ Source Code: https://github.com/CodeWithHarry/Sigma-Web-Dev-Course
➡️ Notes and CheatSheets link is provided in the videos
➡️ We are working on the Subtitles and will upload them soon!

⌚Timestamps⌚
0:00 Introduction
00:26 Sigma Web Development Course Intro
00:43 Source Code
04:25 Headings
06:30 Course Speed by Deepak Kalal
07:15 Paragraphs
07:25 A VS Code Trick
12:40 Bookmark Manager
18:06 Conclusion
19:11 Sigma Outro

►Checkout my English channel here: https://www.youtube.com/channel/UC7btqG2Ww0_2LwuQxpvo2HQ
►Instagram: www.instagram.com/codewithharry

python, C, C++, Java, JavaScript and Other Cheatsheets [++]:
Playlist: https://www.youtube.com/playlist?list=PLu0W_9lII9agrsRZjFECeFuWY5ev2pQlk

►Learn in One Video[++]:
Python Course with 5 Projects: https://www.youtube.com/watch?v=fqF9M92jzUo
Python[15 Hr]: https://www.youtube.com/watch?v=gfDE2a7MKjA&list=PLu0W_9lII9ahKZ42vg2w9ERPmShYbYAB7
Python Advance[3.5 Hr]: https://www.youtube.com/watch?v=61a7UkDO50s&list=PLu0W_9lII9ahKZ42vg2w9ERPmShYbYAB7
Python[1 Hr]: https://www.youtube.com/watch?v=qHJjMvHLJdg&list=PLu0W_9lII9ahKZ42vg2w9ERPmShYbYAB7
Python[2 Hr]: https://www.youtube.com/watch?v=ihk_Xglr164&list=PLu0W_9lII9ahKZ42vg2w9ERPmShYbYAB7
Python[15 Min]:https://www.youtube.com/watch?v=fr1f84rg4Nw&list=PLu0W_9lII9ahKZ42vg2w9ERPmShYbYAB7
JavaScript[1 Hr]: https://www.youtube.com/watch?v=onbBV0uFVpo&list=PLu0W_9lII9ahKZ42vg2w9ERPmShYbYAB7
C[1.3 Hr]-https://www.youtube.com/watch?v=YXcgD8hRHYY&list=PLu0W_9lII9ahKZ42vg2w9ERPmShYbYAB7
php[1 Hr]: https://www.youtube.com/watch?v=xW7ro3lwaCI&list=PLu0W_9lII9ahKZ42vg2w9ERPmShYbYAB7
php[2.3 Hr]:https://www.youtube.com/watch?v=1SnPKhCdlsU&list=PLu0W_9lII9ahKZ42vg2w9ERPmShYbYAB7
php[Project]- https://www.youtube.com/watch?v=-al2bECumKg&list=PLu0W_9lII9ahKZ42vg2w9ERPmShYbYAB7
HTML[30 Min]:https://www.youtube.com/watch?v=E3ByCRqE7Lo&list=PLu0W_9lII9ahKZ42vg2w9ERPmShYbYAB7
CSS[8.5 Hr]:https://www.youtube.com/watch?v=Edsxf_NBFrw&list=PLu0W_9lII9ahKZ42vg2w9ERPmShYbYAB7
CSS[1.4 Hr]:https://www.youtube.com/watch?v=u5-K_ua9sOw&list=PLu0W_9lII9ahKZ42vg2w9ERPmShYbYAB7
Wordpress[3.2 Hr]:https://www.youtube.com/watch?v=GlLRYml8mCY&list=PLu0W_9lII9ahKZ42vg2w9ERPmShYbYAB7
Angular[2 Hr]:https://www.youtube.com/watch?v=0LhBvp8qpro&list=PLu0W_9lII9ahKZ42vg2w9ERPmShYbYAB7
Java[2.3 Hr]:https://www.youtube.com/watch?v=rV_3Lewxx6o&list=PLu0W_9lII9ahKZ42vg2w9ERPmShYbYAB7
Web Scraping[1 Hr]:https://www.youtube.com/watch?v=uufDGjTuq34&list=PLu0W_9lII9ahKZ42vg2w9ERPmShYbYAB7
MongoDB[2 Hr]:https://www.youtube.com/watch?v=oSIv-E60NiU&list=PLu0W_9lII9ahKZ42vg2w9ERPmShYbYAB7
Numpy[1 Hr]:https://www.youtube.com/watch?v=Rbh1rieb3zc&list=PLu0W_9lII9ahKZ42vg2w9ERPmShYbYAB7
Android Dev[12 Hr]- https://www.youtube.com/watch?v=mXjZQX3UzOs
Linux[1 Hr]:https://www.youtube.com/watch?v=_tCY-c-sPZc&list=PLu0W_9lII9ahKZ42vg2w9ERPmShYbYAB7
JQuery[1.1 Hr]:https://www.youtube.com/watch?v=YFlx1C8XwR0&list=PLu0W_9lII9ahKZ42vg2w9ERPmShYbYAB7
Git and GitHub[1.1 Hr]:https://www.youtube.com/watch?v=gwWKnnCMQ5c&list=PLu0W_9lII9ahKZ42vg2w9ERPmShYbYAB7

►Complete course [playlist]:
React: https://www.youtube.com/playlist?list=PLu0W_9lII9agx66oZnT6IyhcMIbUMNMdt
Python-https://www.youtube.com/playlist?list=PLu0W_9lII9agICnT8t4iYVSZ3eykIAOME
OOP Python-https://www.youtube.com/playlist?list=PLu0W_9lII9ahfRrhFcoB-4lpp9YaBmdCP
Java:https://www.youtube.com/playlist?list=PLu0W_9lII9agS67Uits0UnJyrYiXhDS6q
JavaScript- https://www.youtube.com/playlist?list=PLu0W_9lII9ajyk081To1Cbt2eI5913SsL
PHP-https://www.youtube.com/playlist?list=PLu0W_9lII9aikXkRE0WxDt1vozo3hnmtR
C-https://www.youtube.com/playlist?list=PLu0W_9lII9aiXlHcLx-mDH1Qul38wD3aR
C++-https://www.youtube.com/playlist?list=PLu0W_9lII9agpFUAlPFe_VNSlXW5uE0YL
Git & GitHub-https://www.youtube.com/playlist?list=PLu0W_9lII9ahVQekD7ePHmnirTePXwIln
Android Dev- https://www.youtube.com/playlist?list=PLu0W_9lII9aiL0kysYlfSOUgY5rNlOhUd
Python GUI- https://www.youtube.com/playlist?list=PLu0W_9lII9ajLcqRcj4PoEihkukF_OTzA
Web Development- https://www.youtube.com/playlist?list=PLu0W_9lII9agiCUZYRsvtGTXdxkzPyItg
Python Django:https://www.youtube.com/playlist?list=PLu0W_9lII9ah7DDtYtflgwMwpT3xmjXY9
Projects Using HTML, CSS & Javascript- https://www.youtube.com/playlist?list=PLu0W_9lII9aiQiOwthuSvinxoflmhRxM3
Data Structure and Algo:https://www.youtube.com/playlist?list=PLu0W_9lII9ahIappRPN0MCAgtOu3lQjQi 

Follow Me On Social Media
►Website (created using Django Rest & Angular): https://www.codewithharry.com
►Facebook: https://www.facebook.com/CodeWithHarry
►Instagram: https://www.instagram.com/codewithharry/ 
Twitter: https://twitter.com/CodeWithHarry
Comment ""#HarryBhai"" if you read this 😉😉",https://i.ytimg.com/vi/nXba2-mgn1k/maxresdefault.jpg,CodeWithHarry,1290966,69151,7419,1174,19:34,"19 Minutes, 34 Seconds",2023-09-29T15:45:43,https://www.youtube.com/watch?v=nXba2-mgn1k
"Image, Lists, and Tables in HTML | Sigma Web Development Course - Tutorial #5","Latest Udemy Web dev Course With Certificate: https://goharry.in/webdev
Access the web development course playlist: https://www.youtube.com/playlist?list=PLu0W_9lII9agq5TrH9XLIKQvv0iaF2X3w
➡️ Source Code: https://github.com/CodeWithHarry/Sigma-Web-Dev-Course
➡️ Notes and CheatSheets link is provided in the videos
➡️ We are working on the Subtitles and will upload them soon!

TimeStamps ⌚
00:00 Introduction
00:20 Sigma Web Development Course Intro 🗿
00:31 Access Source Code + Playlist
00:49 HTML Image
06:04 HTML Tables
13:27 HTML Lists
17:07 Conclusion
17:57 Sigma Outro 🗿

►Checkout my English channel here: https://www.youtube.com/channel/UC7btqG2Ww0_2LwuQxpvo2HQ
►Instagram: www.instagram.com/codewithharry

python, C, C++, Java, JavaScript and Other Cheatsheets [++]:
Playlist: https://www.youtube.com/playlist?list=PLu0W_9lII9agrsRZjFECeFuWY5ev2pQlk

►Learn in One Video[++]:
Python Course with 5 Projects: https://www.youtube.com/watch?v=fqF9M92jzUo
Python[15 Hr]: https://www.youtube.com/watch?v=gfDE2a7MKjA&list=PLu0W_9lII9ahKZ42vg2w9ERPmShYbYAB7
Python Advance[3.5 Hr]: https://www.youtube.com/watch?v=61a7UkDO50s&list=PLu0W_9lII9ahKZ42vg2w9ERPmShYbYAB7
Python[1 Hr]: https://www.youtube.com/watch?v=qHJjMvHLJdg&list=PLu0W_9lII9ahKZ42vg2w9ERPmShYbYAB7
Python[2 Hr]: https://www.youtube.com/watch?v=ihk_Xglr164&list=PLu0W_9lII9ahKZ42vg2w9ERPmShYbYAB7
Python[15 Min]:https://www.youtube.com/watch?v=fr1f84rg4Nw&list=PLu0W_9lII9ahKZ42vg2w9ERPmShYbYAB7
JavaScript[1 Hr]: https://www.youtube.com/watch?v=onbBV0uFVpo&list=PLu0W_9lII9ahKZ42vg2w9ERPmShYbYAB7
C[1.3 Hr]-https://www.youtube.com/watch?v=YXcgD8hRHYY&list=PLu0W_9lII9ahKZ42vg2w9ERPmShYbYAB7
php[1 Hr]: https://www.youtube.com/watch?v=xW7ro3lwaCI&list=PLu0W_9lII9ahKZ42vg2w9ERPmShYbYAB7
php[2.3 Hr]:https://www.youtube.com/watch?v=1SnPKhCdlsU&list=PLu0W_9lII9ahKZ42vg2w9ERPmShYbYAB7
php[Project]- https://www.youtube.com/watch?v=-al2bECumKg&list=PLu0W_9lII9ahKZ42vg2w9ERPmShYbYAB7
HTML[30 Min]:https://www.youtube.com/watch?v=E3ByCRqE7Lo&list=PLu0W_9lII9ahKZ42vg2w9ERPmShYbYAB7
CSS[8.5 Hr]:https://www.youtube.com/watch?v=Edsxf_NBFrw&list=PLu0W_9lII9ahKZ42vg2w9ERPmShYbYAB7
CSS[1.4 Hr]:https://www.youtube.com/watch?v=u5-K_ua9sOw&list=PLu0W_9lII9ahKZ42vg2w9ERPmShYbYAB7
Wordpress[3.2 Hr]:https://www.youtube.com/watch?v=GlLRYml8mCY&list=PLu0W_9lII9ahKZ42vg2w9ERPmShYbYAB7
Angular[2 Hr]:https://www.youtube.com/watch?v=0LhBvp8qpro&list=PLu0W_9lII9ahKZ42vg2w9ERPmShYbYAB7
Java[2.3 Hr]:https://www.youtube.com/watch?v=rV_3Lewxx6o&list=PLu0W_9lII9ahKZ42vg2w9ERPmShYbYAB7
Web Scraping[1 Hr]:https://www.youtube.com/watch?v=uufDGjTuq34&list=PLu0W_9lII9ahKZ42vg2w9ERPmShYbYAB7
MongoDB[2 Hr]:https://www.youtube.com/watch?v=oSIv-E60NiU&list=PLu0W_9lII9ahKZ42vg2w9ERPmShYbYAB7
Numpy[1 Hr]:https://www.youtube.com/watch?v=Rbh1rieb3zc&list=PLu0W_9lII9ahKZ42vg2w9ERPmShYbYAB7
Android Dev[12 Hr]- https://www.youtube.com/watch?v=mXjZQX3UzOs
Linux[1 Hr]:https://www.youtube.com/watch?v=_tCY-c-sPZc&list=PLu0W_9lII9ahKZ42vg2w9ERPmShYbYAB7
JQuery[1.1 Hr]:https://www.youtube.com/watch?v=YFlx1C8XwR0&list=PLu0W_9lII9ahKZ42vg2w9ERPmShYbYAB7
Git and GitHub[1.1 Hr]:https://www.youtube.com/watch?v=gwWKnnCMQ5c&list=PLu0W_9lII9ahKZ42vg2w9ERPmShYbYAB7

►Complete course [playlist]:
React: https://www.youtube.com/playlist?list=PLu0W_9lII9agx66oZnT6IyhcMIbUMNMdt
Python-https://www.youtube.com/playlist?list=PLu0W_9lII9agICnT8t4iYVSZ3eykIAOME
OOP Python-https://www.youtube.com/playlist?list=PLu0W_9lII9ahfRrhFcoB-4lpp9YaBmdCP
Java:https://www.youtube.com/playlist?list=PLu0W_9lII9agS67Uits0UnJyrYiXhDS6q
JavaScript- https://www.youtube.com/playlist?list=PLu0W_9lII9ajyk081To1Cbt2eI5913SsL
PHP-https://www.youtube.com/playlist?list=PLu0W_9lII9aikXkRE0WxDt1vozo3hnmtR
C-https://www.youtube.com/playlist?list=PLu0W_9lII9aiXlHcLx-mDH1Qul38wD3aR
C++-https://www.youtube.com/playlist?list=PLu0W_9lII9agpFUAlPFe_VNSlXW5uE0YL
Git & GitHub-https://www.youtube.com/playlist?list=PLu0W_9lII9ahVQekD7ePHmnirTePXwIln
Android Dev- https://www.youtube.com/playlist?list=PLu0W_9lII9aiL0kysYlfSOUgY5rNlOhUd
Python GUI- https://www.youtube.com/playlist?list=PLu0W_9lII9ajLcqRcj4PoEihkukF_OTzA
Web Development- https://www.youtube.com/playlist?list=PLu0W_9lII9agiCUZYRsvtGTXdxkzPyItg
Python Django:https://www.youtube.com/playlist?list=PLu0W_9lII9ah7DDtYtflgwMwpT3xmjXY9
Projects Using HTML, CSS & Javascript- https://www.youtube.com/playlist?list=PLu0W_9lII9aiQiOwthuSvinxoflmhRxM3
Data Structure and Algo:https://www.youtube.com/playlist?list=PLu0W_9lII9ahIappRPN0MCAgtOu3lQjQi 

Follow Me On Social Media
►Website (created using Django Rest & Angular): https://www.codewithharry.com
►Facebook: https://www.facebook.com/CodeWithHarry
►Instagram: https://www.instagram.com/codewithharry/ 
Twitter: https://twitter.com/CodeWithHarry
Comment ""#HarryBhai"" if you read this 😉😉",https://i.ytimg.com/vi/1BsVhumGlNc/maxresdefault.jpg,CodeWithHarry,1283967,82940,9756,1100,18:20,"18 Minutes, 20 Seconds",2023-09-30T14:30:00,https://www.youtube.com/watch?v=1BsVhumGlNc
SEO and Core Web Vitals in HTML | Sigma Web Development Course - Tutorial #6,"Latest Udemy Web dev Course With Certificate: https://goharry.in/webdev
Access the web development course playlist: https://www.youtube.com/playlist?list=PLu0W_9lII9agq5TrH9XLIKQvv0iaF2X3w
➡️ Source Code: https://github.com/CodeWithHarry/Sigma-Web-Dev-Course
➡️ Notes and CheatSheets link is provided in the videos
➡️ We are working on the Subtitles and will upload them soon!

TimeStamps ⌚
00:00 Introduction
00:33 Sigma Web Development Course Intro 🗿
00:58 What is SEO?
02:08 Cumulative Layout Shift (CLS)
02:52 Largest Contextual Paint (LCP)
03:18 First Input Delay (FID)
03:50 How to generate LightHouse Report?
06:32 Meta Description and Keywords
08:20 Mobile Preview Trick
10:35 A note on Meta Keywords
11:19 Conclusion
12:47 Sigma Outro 🗿
►Checkout my English channel here: https://www.youtube.com/channel/UC7btqG2Ww0_2LwuQxpvo2HQ
►Instagram: www.instagram.com/codewithharry

python, C, C++, Java, JavaScript and Other Cheatsheets [++]:
Playlist: https://www.youtube.com/playlist?list=PLu0W_9lII9agrsRZjFECeFuWY5ev2pQlk

►Learn in One Video[++]:
Python Course with 5 Projects: https://www.youtube.com/watch?v=fqF9M92jzUo
Python[15 Hr]: https://www.youtube.com/watch?v=gfDE2a7MKjA&list=PLu0W_9lII9ahKZ42vg2w9ERPmShYbYAB7
Python Advance[3.5 Hr]: https://www.youtube.com/watch?v=61a7UkDO50s&list=PLu0W_9lII9ahKZ42vg2w9ERPmShYbYAB7
Python[1 Hr]: https://www.youtube.com/watch?v=qHJjMvHLJdg&list=PLu0W_9lII9ahKZ42vg2w9ERPmShYbYAB7
Python[2 Hr]: https://www.youtube.com/watch?v=ihk_Xglr164&list=PLu0W_9lII9ahKZ42vg2w9ERPmShYbYAB7
Python[15 Min]:https://www.youtube.com/watch?v=fr1f84rg4Nw&list=PLu0W_9lII9ahKZ42vg2w9ERPmShYbYAB7
JavaScript[1 Hr]: https://www.youtube.com/watch?v=onbBV0uFVpo&list=PLu0W_9lII9ahKZ42vg2w9ERPmShYbYAB7
C[1.3 Hr]-https://www.youtube.com/watch?v=YXcgD8hRHYY&list=PLu0W_9lII9ahKZ42vg2w9ERPmShYbYAB7
php[1 Hr]: https://www.youtube.com/watch?v=xW7ro3lwaCI&list=PLu0W_9lII9ahKZ42vg2w9ERPmShYbYAB7
php[2.3 Hr]:https://www.youtube.com/watch?v=1SnPKhCdlsU&list=PLu0W_9lII9ahKZ42vg2w9ERPmShYbYAB7
php[Project]- https://www.youtube.com/watch?v=-al2bECumKg&list=PLu0W_9lII9ahKZ42vg2w9ERPmShYbYAB7
HTML[30 Min]:https://www.youtube.com/watch?v=E3ByCRqE7Lo&list=PLu0W_9lII9ahKZ42vg2w9ERPmShYbYAB7
CSS[8.5 Hr]:https://www.youtube.com/watch?v=Edsxf_NBFrw&list=PLu0W_9lII9ahKZ42vg2w9ERPmShYbYAB7
CSS[1.4 Hr]:https://www.youtube.com/watch?v=u5-K_ua9sOw&list=PLu0W_9lII9ahKZ42vg2w9ERPmShYbYAB7
Wordpress[3.2 Hr]:https://www.youtube.com/watch?v=GlLRYml8mCY&list=PLu0W_9lII9ahKZ42vg2w9ERPmShYbYAB7
Angular[2 Hr]:https://www.youtube.com/watch?v=0LhBvp8qpro&list=PLu0W_9lII9ahKZ42vg2w9ERPmShYbYAB7
Java[2.3 Hr]:https://www.youtube.com/watch?v=rV_3Lewxx6o&list=PLu0W_9lII9ahKZ42vg2w9ERPmShYbYAB7
Web Scraping[1 Hr]:https://www.youtube.com/watch?v=uufDGjTuq34&list=PLu0W_9lII9ahKZ42vg2w9ERPmShYbYAB7
MongoDB[2 Hr]:https://www.youtube.com/watch?v=oSIv-E60NiU&list=PLu0W_9lII9ahKZ42vg2w9ERPmShYbYAB7
Numpy[1 Hr]:https://www.youtube.com/watch?v=Rbh1rieb3zc&list=PLu0W_9lII9ahKZ42vg2w9ERPmShYbYAB7
Android Dev[12 Hr]- https://www.youtube.com/watch?v=mXjZQX3UzOs
Linux[1 Hr]:https://www.youtube.com/watch?v=_tCY-c-sPZc&list=PLu0W_9lII9ahKZ42vg2w9ERPmShYbYAB7
JQuery[1.1 Hr]:https://www.youtube.com/watch?v=YFlx1C8XwR0&list=PLu0W_9lII9ahKZ42vg2w9ERPmShYbYAB7
Git and GitHub[1.1 Hr]:https://www.youtube.com/watch?v=gwWKnnCMQ5c&list=PLu0W_9lII9ahKZ42vg2w9ERPmShYbYAB7

►Complete course [playlist]:
React: https://www.youtube.com/playlist?list=PLu0W_9lII9agx66oZnT6IyhcMIbUMNMdt
Python-https://www.youtube.com/playlist?list=PLu0W_9lII9agICnT8t4iYVSZ3eykIAOME
OOP Python-https://www.youtube.com/playlist?list=PLu0W_9lII9ahfRrhFcoB-4lpp9YaBmdCP
Java:https://www.youtube.com/playlist?list=PLu0W_9lII9agS67Uits0UnJyrYiXhDS6q
JavaScript- https://www.youtube.com/playlist?list=PLu0W_9lII9ajyk081To1Cbt2eI5913SsL
PHP-https://www.youtube.com/playlist?list=PLu0W_9lII9aikXkRE0WxDt1vozo3hnmtR
C-https://www.youtube.com/playlist?list=PLu0W_9lII9aiXlHcLx-mDH1Qul38wD3aR
C++-https://www.youtube.com/playlist?list=PLu0W_9lII9agpFUAlPFe_VNSlXW5uE0YL
Git & GitHub-https://www.youtube.com/playlist?list=PLu0W_9lII9ahVQekD7ePHmnirTePXwIln
Android Dev- https://www.youtube.com/playlist?list=PLu0W_9lII9aiL0kysYlfSOUgY5rNlOhUd
Python GUI- https://www.youtube.com/playlist?list=PLu0W_9lII9ajLcqRcj4PoEihkukF_OTzA
Web Development- https://www.youtube.com/playlist?list=PLu0W_9lII9agiCUZYRsvtGTXdxkzPyItg
Python Django:https://www.youtube.com/playlist?list=PLu0W_9lII9ah7DDtYtflgwMwpT3xmjXY9
Projects Using HTML, CSS & Javascript- https://www.youtube.com/playlist?list=PLu0W_9lII9aiQiOwthuSvinxoflmhRxM3
Data Structure and Algo:https://www.youtube.com/playlist?list=PLu0W_9lII9ahIappRPN0MCAgtOu3lQjQi 

Follow Me On Social Media
►Website (created using Django Rest & Angular): https://www.codewithharry.com
►Facebook: https://www.facebook.com/CodeWithHarry
►Instagram: https://www.instagram.com/codewithharry/ 
Twitter: https://twitter.com/CodeWithHarry
Comment ""#HarryBhai"" if you read this 😉😉",https://i.ytimg.com/vi/CyRlWlaJnTY/maxresdefault.jpg,CodeWithHarry,946526,39320,4765,796,13:16,"13 Minutes, 16 Seconds",2023-10-01T13:49:07,https://www.youtube.com/watch?v=CyRlWlaJnTY
Forms and input tags in HTML | Sigma Web Development Course - Tutorial #7,"Latest Udemy Web dev Course With Certificate: https://goharry.in/webdev
Access the web development course playlist: https://www.youtube.com/playlist?list=PLu0W_9lII9agq5TrH9XLIKQvv0iaF2X3w
➡️ Source Code: https://github.com/CodeWithHarry/Sigma-Web-Dev-Course
➡️ Notes and CheatSheets: https://www.codewithharry.com/notes/
➡️ We are working on the Subtitles and will upload them soon!

TimeStamps ⌚
00:00 Introduction 
00:34 Sigma Intro 
02:30 What is a Form 
03:36 Input Tag 
02:54 Get and Post 
05:09 Label Tag 
08:17 Textarea Tag
14:20 Sigma Outro  

►Checkout my English channel here: https://www.youtube.com/channel/UC7btqG2Ww0_2LwuQxpvo2HQ
►Instagram: www.instagram.com/codewithharry

python, C, C++, Java, JavaScript and Other Cheatsheets [++]:
Playlist: https://www.youtube.com/playlist?list=PLu0W_9lII9agrsRZjFECeFuWY5ev2pQlk

►Learn in One Video[++]:
Python Course with 5 Projects: https://www.youtube.com/watch?v=fqF9M92jzUo
Python[15 Hr]: https://www.youtube.com/watch?v=gfDE2a7MKjA&list=PLu0W_9lII9ahKZ42vg2w9ERPmShYbYAB7
Python Advance[3.5 Hr]: https://www.youtube.com/watch?v=61a7UkDO50s&list=PLu0W_9lII9ahKZ42vg2w9ERPmShYbYAB7
Python[1 Hr]: https://www.youtube.com/watch?v=qHJjMvHLJdg&list=PLu0W_9lII9ahKZ42vg2w9ERPmShYbYAB7
Python[2 Hr]: https://www.youtube.com/watch?v=ihk_Xglr164&list=PLu0W_9lII9ahKZ42vg2w9ERPmShYbYAB7
Python[15 Min]:https://www.youtube.com/watch?v=fr1f84rg4Nw&list=PLu0W_9lII9ahKZ42vg2w9ERPmShYbYAB7
JavaScript[1 Hr]: https://www.youtube.com/watch?v=onbBV0uFVpo&list=PLu0W_9lII9ahKZ42vg2w9ERPmShYbYAB7
C[1.3 Hr]-https://www.youtube.com/watch?v=YXcgD8hRHYY&list=PLu0W_9lII9ahKZ42vg2w9ERPmShYbYAB7
php[1 Hr]: https://www.youtube.com/watch?v=xW7ro3lwaCI&list=PLu0W_9lII9ahKZ42vg2w9ERPmShYbYAB7
php[2.3 Hr]:https://www.youtube.com/watch?v=1SnPKhCdlsU&list=PLu0W_9lII9ahKZ42vg2w9ERPmShYbYAB7
php[Project]- https://www.youtube.com/watch?v=-al2bECumKg&list=PLu0W_9lII9ahKZ42vg2w9ERPmShYbYAB7
HTML[30 Min]:https://www.youtube.com/watch?v=E3ByCRqE7Lo&list=PLu0W_9lII9ahKZ42vg2w9ERPmShYbYAB7
CSS[8.5 Hr]:https://www.youtube.com/watch?v=Edsxf_NBFrw&list=PLu0W_9lII9ahKZ42vg2w9ERPmShYbYAB7
CSS[1.4 Hr]:https://www.youtube.com/watch?v=u5-K_ua9sOw&list=PLu0W_9lII9ahKZ42vg2w9ERPmShYbYAB7
Wordpress[3.2 Hr]:https://www.youtube.com/watch?v=GlLRYml8mCY&list=PLu0W_9lII9ahKZ42vg2w9ERPmShYbYAB7
Angular[2 Hr]:https://www.youtube.com/watch?v=0LhBvp8qpro&list=PLu0W_9lII9ahKZ42vg2w9ERPmShYbYAB7
Java[2.3 Hr]:https://www.youtube.com/watch?v=rV_3Lewxx6o&list=PLu0W_9lII9ahKZ42vg2w9ERPmShYbYAB7
Web Scraping[1 Hr]:https://www.youtube.com/watch?v=uufDGjTuq34&list=PLu0W_9lII9ahKZ42vg2w9ERPmShYbYAB7
MongoDB[2 Hr]:https://www.youtube.com/watch?v=oSIv-E60NiU&list=PLu0W_9lII9ahKZ42vg2w9ERPmShYbYAB7
Numpy[1 Hr]:https://www.youtube.com/watch?v=Rbh1rieb3zc&list=PLu0W_9lII9ahKZ42vg2w9ERPmShYbYAB7
Android Dev[12 Hr]- https://www.youtube.com/watch?v=mXjZQX3UzOs
Linux[1 Hr]:https://www.youtube.com/watch?v=_tCY-c-sPZc&list=PLu0W_9lII9ahKZ42vg2w9ERPmShYbYAB7
JQuery[1.1 Hr]:https://www.youtube.com/watch?v=YFlx1C8XwR0&list=PLu0W_9lII9ahKZ42vg2w9ERPmShYbYAB7
Git and GitHub[1.1 Hr]:https://www.youtube.com/watch?v=gwWKnnCMQ5c&list=PLu0W_9lII9ahKZ42vg2w9ERPmShYbYAB7

►Complete course [playlist]:
React: https://www.youtube.com/playlist?list=PLu0W_9lII9agx66oZnT6IyhcMIbUMNMdt
Python-https://www.youtube.com/playlist?list=PLu0W_9lII9agICnT8t4iYVSZ3eykIAOME
OOP Python-https://www.youtube.com/playlist?list=PLu0W_9lII9ahfRrhFcoB-4lpp9YaBmdCP
Java:https://www.youtube.com/playlist?list=PLu0W_9lII9agS67Uits0UnJyrYiXhDS6q
JavaScript- https://www.youtube.com/playlist?list=PLu0W_9lII9ajyk081To1Cbt2eI5913SsL
PHP-https://www.youtube.com/playlist?list=PLu0W_9lII9aikXkRE0WxDt1vozo3hnmtR
C-https://www.youtube.com/playlist?list=PLu0W_9lII9aiXlHcLx-mDH1Qul38wD3aR
C++-https://www.youtube.com/playlist?list=PLu0W_9lII9agpFUAlPFe_VNSlXW5uE0YL
Git & GitHub-https://www.youtube.com/playlist?list=PLu0W_9lII9ahVQekD7ePHmnirTePXwIln
Android Dev- https://www.youtube.com/playlist?list=PLu0W_9lII9aiL0kysYlfSOUgY5rNlOhUd
Python GUI- https://www.youtube.com/playlist?list=PLu0W_9lII9ajLcqRcj4PoEihkukF_OTzA
Web Development- https://www.youtube.com/playlist?list=PLu0W_9lII9agiCUZYRsvtGTXdxkzPyItg
Python Django:https://www.youtube.com/playlist?list=PLu0W_9lII9ah7DDtYtflgwMwpT3xmjXY9
Projects Using HTML, CSS & Javascript- https://www.youtube.com/playlist?list=PLu0W_9lII9aiQiOwthuSvinxoflmhRxM3
Data Structure and Algo:https://www.youtube.com/playlist?list=PLu0W_9lII9ahIappRPN0MCAgtOu3lQjQi 

Follow Me On Social Media
►Website (created using Django Rest & Angular): https://www.codewithharry.com
►Facebook: https://www.facebook.com/CodeWithHarry
►Instagram: https://www.instagram.com/codewithharry/ 
Twitter: https://twitter.com/CodeWithHarry
Comment ""#HarryBhai"" if you read this 😉😉",https://i.ytimg.com/vi/tLBlhp0SA_0/maxresdefault.jpg,CodeWithHarry,965599,64189,6937,893,14:53,"14 Minutes, 53 Seconds",2023-10-02T15:13:49,https://www.youtube.com/watch?v=tLBlhp0SA_0
Inline & Block Elements in HTML | Sigma Web Development Course - Tutorial #8,"Latest Udemy Web dev Course With Certificate: https://goharry.in/webdev
Access the web development course playlist: https://www.youtube.com/playlist?list=PLu0W_9lII9agq5TrH9XLIKQvv0iaF2X3w
➡️ Source Code: https://github.com/CodeWithHarry/Sigma-Web-Dev-Course
➡️ Notes and CheatSheets: https://www.codewithharry.com/notes/
➡️ We are working on the Subtitles and will upload them soon!

TimeStamps ⌚
00:00 Introduction 
00:22 Sigma Web Development Intro 🗿
01:10 Inline Elements Vs Block Elements
06:11 Comprehensive list for Inline and Block Elements
07:34 Quick Quiz 📝
08:21 Conclusion
10:28 Sigma Outro 🗿

►Checkout my English channel here: https://www.youtube.com/channel/UC7btqG2Ww0_2LwuQxpvo2HQ
►Instagram: www.instagram.com/codewithharry

python, C, C++, Java, JavaScript and Other Cheatsheets [++]:
Playlist: https://www.youtube.com/playlist?list=PLu0W_9lII9agrsRZjFECeFuWY5ev2pQlk

►Learn in One Video[++]:
Python Course with 5 Projects: https://www.youtube.com/watch?v=fqF9M92jzUo
Python[15 Hr]: https://www.youtube.com/watch?v=gfDE2a7MKjA&list=PLu0W_9lII9ahKZ42vg2w9ERPmShYbYAB7
Python Advance[3.5 Hr]: https://www.youtube.com/watch?v=61a7UkDO50s&list=PLu0W_9lII9ahKZ42vg2w9ERPmShYbYAB7
Python[1 Hr]: https://www.youtube.com/watch?v=qHJjMvHLJdg&list=PLu0W_9lII9ahKZ42vg2w9ERPmShYbYAB7
Python[2 Hr]: https://www.youtube.com/watch?v=ihk_Xglr164&list=PLu0W_9lII9ahKZ42vg2w9ERPmShYbYAB7
Python[15 Min]:https://www.youtube.com/watch?v=fr1f84rg4Nw&list=PLu0W_9lII9ahKZ42vg2w9ERPmShYbYAB7
JavaScript[1 Hr]: https://www.youtube.com/watch?v=onbBV0uFVpo&list=PLu0W_9lII9ahKZ42vg2w9ERPmShYbYAB7
C[1.3 Hr]-https://www.youtube.com/watch?v=YXcgD8hRHYY&list=PLu0W_9lII9ahKZ42vg2w9ERPmShYbYAB7
php[1 Hr]: https://www.youtube.com/watch?v=xW7ro3lwaCI&list=PLu0W_9lII9ahKZ42vg2w9ERPmShYbYAB7
php[2.3 Hr]:https://www.youtube.com/watch?v=1SnPKhCdlsU&list=PLu0W_9lII9ahKZ42vg2w9ERPmShYbYAB7
php[Project]- https://www.youtube.com/watch?v=-al2bECumKg&list=PLu0W_9lII9ahKZ42vg2w9ERPmShYbYAB7
HTML[30 Min]:https://www.youtube.com/watch?v=E3ByCRqE7Lo&list=PLu0W_9lII9ahKZ42vg2w9ERPmShYbYAB7
CSS[8.5 Hr]:https://www.youtube.com/watch?v=Edsxf_NBFrw&list=PLu0W_9lII9ahKZ42vg2w9ERPmShYbYAB7
CSS[1.4 Hr]:https://www.youtube.com/watch?v=u5-K_ua9sOw&list=PLu0W_9lII9ahKZ42vg2w9ERPmShYbYAB7
Wordpress[3.2 Hr]:https://www.youtube.com/watch?v=GlLRYml8mCY&list=PLu0W_9lII9ahKZ42vg2w9ERPmShYbYAB7
Angular[2 Hr]:https://www.youtube.com/watch?v=0LhBvp8qpro&list=PLu0W_9lII9ahKZ42vg2w9ERPmShYbYAB7
Java[2.3 Hr]:https://www.youtube.com/watch?v=rV_3Lewxx6o&list=PLu0W_9lII9ahKZ42vg2w9ERPmShYbYAB7
Web Scraping[1 Hr]:https://www.youtube.com/watch?v=uufDGjTuq34&list=PLu0W_9lII9ahKZ42vg2w9ERPmShYbYAB7
MongoDB[2 Hr]:https://www.youtube.com/watch?v=oSIv-E60NiU&list=PLu0W_9lII9ahKZ42vg2w9ERPmShYbYAB7
Numpy[1 Hr]:https://www.youtube.com/watch?v=Rbh1rieb3zc&list=PLu0W_9lII9ahKZ42vg2w9ERPmShYbYAB7
Android Dev[12 Hr]- https://www.youtube.com/watch?v=mXjZQX3UzOs
Linux[1 Hr]:https://www.youtube.com/watch?v=_tCY-c-sPZc&list=PLu0W_9lII9ahKZ42vg2w9ERPmShYbYAB7
JQuery[1.1 Hr]:https://www.youtube.com/watch?v=YFlx1C8XwR0&list=PLu0W_9lII9ahKZ42vg2w9ERPmShYbYAB7
Git and GitHub[1.1 Hr]:https://www.youtube.com/watch?v=gwWKnnCMQ5c&list=PLu0W_9lII9ahKZ42vg2w9ERPmShYbYAB7

►Complete course [playlist]:
React: https://www.youtube.com/playlist?list=PLu0W_9lII9agx66oZnT6IyhcMIbUMNMdt
Python-https://www.youtube.com/playlist?list=PLu0W_9lII9agICnT8t4iYVSZ3eykIAOME
OOP Python-https://www.youtube.com/playlist?list=PLu0W_9lII9ahfRrhFcoB-4lpp9YaBmdCP
Java:https://www.youtube.com/playlist?list=PLu0W_9lII9agS67Uits0UnJyrYiXhDS6q
JavaScript- https://www.youtube.com/playlist?list=PLu0W_9lII9ajyk081To1Cbt2eI5913SsL
PHP-https://www.youtube.com/playlist?list=PLu0W_9lII9aikXkRE0WxDt1vozo3hnmtR
C-https://www.youtube.com/playlist?list=PLu0W_9lII9aiXlHcLx-mDH1Qul38wD3aR
C++-https://www.youtube.com/playlist?list=PLu0W_9lII9agpFUAlPFe_VNSlXW5uE0YL
Git & GitHub-https://www.youtube.com/playlist?list=PLu0W_9lII9ahVQekD7ePHmnirTePXwIln
Android Dev- https://www.youtube.com/playlist?list=PLu0W_9lII9aiL0kysYlfSOUgY5rNlOhUd
Python GUI- https://www.youtube.com/playlist?list=PLu0W_9lII9ajLcqRcj4PoEihkukF_OTzA
Web Development- https://www.youtube.com/playlist?list=PLu0W_9lII9agiCUZYRsvtGTXdxkzPyItg
Python Django:https://www.youtube.com/playlist?list=PLu0W_9lII9ah7DDtYtflgwMwpT3xmjXY9
Projects Using HTML, CSS & Javascript- https://www.youtube.com/playlist?list=PLu0W_9lII9aiQiOwthuSvinxoflmhRxM3
Data Structure and Algo:https://www.youtube.com/playlist?list=PLu0W_9lII9ahIappRPN0MCAgtOu3lQjQi 

Follow Me On Social Media
►Website (created using Django Rest & Angular): https://www.codewithharry.com
►Facebook: https://www.facebook.com/CodeWithHarry
►Instagram: https://www.instagram.com/codewithharry/ 
Twitter: https://twitter.com/CodeWithHarry
Comment ""#HarryBhai"" if you read this 😉😉",https://i.ytimg.com/vi/vnnlUCLfn6I/maxresdefault.jpg,CodeWithHarry,674942,38361,9404,652,10:52,"10 Minutes, 52 Seconds",2023-10-03T14:09:32,https://www.youtube.com/watch?v=vnnlUCLfn6I
Id & Classes in HTML | Sigma Web Development Course - Tutorial #9,"Latest Udemy Web dev Course With Certificate: https://goharry.in/webdev
Access the web development course playlist: https://www.youtube.com/playlist?list=PLu0W_9lII9agq5TrH9XLIKQvv0iaF2X3w
➡️ Source Code: https://github.com/CodeWithHarry/Sigma-Web-Dev-Course
➡️ Notes and CheatSheets: https://www.codewithharry.com/notes/
➡️ We are working on the Subtitles and will upload them soon!

TimeStamps ⌚
00:00 Introduction 
00:41 Sigma Web Development Intro 🗿
01:53 StoryTime
04:43 Id and Classes
06:54 CSS Demo 
10:28 Sigma Outro 🗿

►Checkout my English channel here: https://www.youtube.com/channel/UC7btqG2Ww0_2LwuQxpvo2HQ
►Instagram: www.instagram.com/codewithharry

python, C, C++, Java, JavaScript and Other Cheatsheets [++]:
Playlist: https://www.youtube.com/playlist?list=PLu0W_9lII9agrsRZjFECeFuWY5ev2pQlk

►Learn in One Video[++]:
Python Course with 5 Projects: https://www.youtube.com/watch?v=fqF9M92jzUo
Python[15 Hr]: https://www.youtube.com/watch?v=gfDE2a7MKjA&list=PLu0W_9lII9ahKZ42vg2w9ERPmShYbYAB7
Python Advance[3.5 Hr]: https://www.youtube.com/watch?v=61a7UkDO50s&list=PLu0W_9lII9ahKZ42vg2w9ERPmShYbYAB7
Python[1 Hr]: https://www.youtube.com/watch?v=qHJjMvHLJdg&list=PLu0W_9lII9ahKZ42vg2w9ERPmShYbYAB7
Python[2 Hr]: https://www.youtube.com/watch?v=ihk_Xglr164&list=PLu0W_9lII9ahKZ42vg2w9ERPmShYbYAB7
Python[15 Min]:https://www.youtube.com/watch?v=fr1f84rg4Nw&list=PLu0W_9lII9ahKZ42vg2w9ERPmShYbYAB7
JavaScript[1 Hr]: https://www.youtube.com/watch?v=onbBV0uFVpo&list=PLu0W_9lII9ahKZ42vg2w9ERPmShYbYAB7
C[1.3 Hr]-https://www.youtube.com/watch?v=YXcgD8hRHYY&list=PLu0W_9lII9ahKZ42vg2w9ERPmShYbYAB7
php[1 Hr]: https://www.youtube.com/watch?v=xW7ro3lwaCI&list=PLu0W_9lII9ahKZ42vg2w9ERPmShYbYAB7
php[2.3 Hr]:https://www.youtube.com/watch?v=1SnPKhCdlsU&list=PLu0W_9lII9ahKZ42vg2w9ERPmShYbYAB7
php[Project]- https://www.youtube.com/watch?v=-al2bECumKg&list=PLu0W_9lII9ahKZ42vg2w9ERPmShYbYAB7
HTML[30 Min]:https://www.youtube.com/watch?v=E3ByCRqE7Lo&list=PLu0W_9lII9ahKZ42vg2w9ERPmShYbYAB7
CSS[8.5 Hr]:https://www.youtube.com/watch?v=Edsxf_NBFrw&list=PLu0W_9lII9ahKZ42vg2w9ERPmShYbYAB7
CSS[1.4 Hr]:https://www.youtube.com/watch?v=u5-K_ua9sOw&list=PLu0W_9lII9ahKZ42vg2w9ERPmShYbYAB7
Wordpress[3.2 Hr]:https://www.youtube.com/watch?v=GlLRYml8mCY&list=PLu0W_9lII9ahKZ42vg2w9ERPmShYbYAB7
Angular[2 Hr]:https://www.youtube.com/watch?v=0LhBvp8qpro&list=PLu0W_9lII9ahKZ42vg2w9ERPmShYbYAB7
Java[2.3 Hr]:https://www.youtube.com/watch?v=rV_3Lewxx6o&list=PLu0W_9lII9ahKZ42vg2w9ERPmShYbYAB7
Web Scraping[1 Hr]:https://www.youtube.com/watch?v=uufDGjTuq34&list=PLu0W_9lII9ahKZ42vg2w9ERPmShYbYAB7
MongoDB[2 Hr]:https://www.youtube.com/watch?v=oSIv-E60NiU&list=PLu0W_9lII9ahKZ42vg2w9ERPmShYbYAB7
Numpy[1 Hr]:https://www.youtube.com/watch?v=Rbh1rieb3zc&list=PLu0W_9lII9ahKZ42vg2w9ERPmShYbYAB7
Android Dev[12 Hr]- https://www.youtube.com/watch?v=mXjZQX3UzOs
Linux[1 Hr]:https://www.youtube.com/watch?v=_tCY-c-sPZc&list=PLu0W_9lII9ahKZ42vg2w9ERPmShYbYAB7
JQuery[1.1 Hr]:https://www.youtube.com/watch?v=YFlx1C8XwR0&list=PLu0W_9lII9ahKZ42vg2w9ERPmShYbYAB7
Git and GitHub[1.1 Hr]:https://www.youtube.com/watch?v=gwWKnnCMQ5c&list=PLu0W_9lII9ahKZ42vg2w9ERPmShYbYAB7

►Complete course [playlist]:
React: https://www.youtube.com/playlist?list=PLu0W_9lII9agx66oZnT6IyhcMIbUMNMdt
Python-https://www.youtube.com/playlist?list=PLu0W_9lII9agICnT8t4iYVSZ3eykIAOME
OOP Python-https://www.youtube.com/playlist?list=PLu0W_9lII9ahfRrhFcoB-4lpp9YaBmdCP
Java:https://www.youtube.com/playlist?list=PLu0W_9lII9agS67Uits0UnJyrYiXhDS6q
JavaScript- https://www.youtube.com/playlist?list=PLu0W_9lII9ajyk081To1Cbt2eI5913SsL
PHP-https://www.youtube.com/playlist?list=PLu0W_9lII9aikXkRE0WxDt1vozo3hnmtR
C-https://www.youtube.com/playlist?list=PLu0W_9lII9aiXlHcLx-mDH1Qul38wD3aR
C++-https://www.youtube.com/playlist?list=PLu0W_9lII9agpFUAlPFe_VNSlXW5uE0YL
Git & GitHub-https://www.youtube.com/playlist?list=PLu0W_9lII9ahVQekD7ePHmnirTePXwIln
Android Dev- https://www.youtube.com/playlist?list=PLu0W_9lII9aiL0kysYlfSOUgY5rNlOhUd
Python GUI- https://www.youtube.com/playlist?list=PLu0W_9lII9ajLcqRcj4PoEihkukF_OTzA
Web Development- https://www.youtube.com/playlist?list=PLu0W_9lII9agiCUZYRsvtGTXdxkzPyItg
Python Django:https://www.youtube.com/playlist?list=PLu0W_9lII9ah7DDtYtflgwMwpT3xmjXY9
Projects Using HTML, CSS & Javascript- https://www.youtube.com/playlist?list=PLu0W_9lII9aiQiOwthuSvinxoflmhRxM3
Data Structure and Algo:https://www.youtube.com/playlist?list=PLu0W_9lII9ahIappRPN0MCAgtOu3lQjQi 

Follow Me On Social Media
►Website (created using Django Rest & Angular): https://www.codewithharry.com
►Facebook: https://www.facebook.com/CodeWithHarry
►Instagram: https://www.instagram.com/codewithharry/ 
Twitter: https://twitter.com/CodeWithHarry
Comment ""#HarryBhai"" if you read this 😉😉",https://i.ytimg.com/vi/vlAWzsGd-Yk/maxresdefault.jpg,CodeWithHarry,578922,30654,3161,657,10:57,"10 Minutes, 57 Seconds",2023-10-04T15:39:25,https://www.youtube.com/watch?v=vlAWzsGd-Yk
"Video, Audio & Media in HTML | Sigma Web Development Course - Tutorial #10","Latest Udemy Web dev Course With Certificate: https://goharry.in/webdev
Access the web development course playlist: https://www.youtube.com/playlist?list=PLu0W_9lII9agq5TrH9XLIKQvv0iaF2X3w
➡️ Source Code: https://github.com/CodeWithHarry/Sigma-Web-Dev-Course
➡️ Notes and CheatSheets: https://www.codewithharry.com/notes/
➡️ We are working on the Subtitles and will upload them soon!

TimeStamps ⌚
0:00 - Introduction 
0:35 - Intro
0:45 - Setting Up the Workspace 
0:57 - Topic Overview: Video, Audio, Media 
1:06 - The Video Tag and Attributes
1:12 - SRC Attribute and Video Sizing
1:19 - Making Video Responsive 
2:00 - Video Controls
2:29 - Download, Full-screen, and Mute Options 
3:11 - AutoPlay Attribute
3:15 - Removing AutoPlay
3:28 - Loop Attribute
3:42 - Muted Attribute 
4:26 - Poster Attribute
4:41 - Dimensions: Width and Height
5:13 - Introduction to Audio 
6:20 - Looping Audio
6:54 - Repeat Feature for MP3 
7:42 - Preload Attribute
14:00 - Sigma Outro  


►Checkout my English channel here: https://www.youtube.com/channel/UC7btqG2Ww0_2LwuQxpvo2HQ
►Instagram: www.instagram.com/codewithharry

python, C, C++, Java, JavaScript and Other Cheatsheets [++]:
Playlist: https://www.youtube.com/playlist?list=PLu0W_9lII9agrsRZjFECeFuWY5ev2pQlk

►Learn in One Video[++]:
Python Course with 5 Projects: https://www.youtube.com/watch?v=fqF9M92jzUo
Python[15 Hr]: https://www.youtube.com/watch?v=gfDE2a7MKjA&list=PLu0W_9lII9ahKZ42vg2w9ERPmShYbYAB7
Python Advance[3.5 Hr]: https://www.youtube.com/watch?v=61a7UkDO50s&list=PLu0W_9lII9ahKZ42vg2w9ERPmShYbYAB7
Python[1 Hr]: https://www.youtube.com/watch?v=qHJjMvHLJdg&list=PLu0W_9lII9ahKZ42vg2w9ERPmShYbYAB7
Python[2 Hr]: https://www.youtube.com/watch?v=ihk_Xglr164&list=PLu0W_9lII9ahKZ42vg2w9ERPmShYbYAB7 
php[Project]- https://www.youtube.com/watch?v=-al2bECumKg&list=PLu0W_9lII9ahKZ42vg2w9ERPmShYbYAB7
HTML[30 Min]:https://www.youtube.com/watch?v=E3ByCRqE7Lo&list=PLu0W_9lII9ahKZ42vg2w9ERPmShYbYAB7
CSS[8.5 Hr]:https://www.youtube.com/watch?v=Edsxf_NBFrw&list=PLu0W_9lII9ahKZ42vg2w9ERPmShYbYAB7
CSS[1.4 Hr]:https://www.youtube.com/watch?v=u5-K_ua9sOw&list=PLu0W_9lII9ahKZ42vg2w9ERPmShYbYAB7
Wordpress[3.2 Hr]:https://www.youtube.com/watch?v=GlLRYml8mCY&list=PLu0W_9lII9ahKZ42vg2w9ERPmShYbYAB7
Angular[2 Hr]:https://www.youtube.com/watch?v=0LhBvp8qpro&list=PLu0W_9lII9ahKZ42vg2w9ERPmShYbYAB7
Java[2.3 Hr]:https://www.youtube.com/watch?v=rV_3Lewxx6o&list=PLu0W_9lII9ahKZ42vg2w9ERPmShYbYAB7
Web Scraping[1 Hr]:https://www.youtube.com/watch?v=uufDGjTuq34&list=PLu0W_9lII9ahKZ42vg2w9ERPmShYbYAB7
MongoDB[2 Hr]:https://www.youtube.com/watch?v=oSIv-E60NiU&list=PLu0W_9lII9ahKZ42vg2w9ERPmShYbYAB7
Numpy[1 Hr]:https://www.youtube.com/watch?v=Rbh1rieb3zc&list=PLu0W_9lII9ahKZ42vg2w9ERPmShYbYAB7
Android Dev[12 Hr]- https://www.youtube.com/watch?v=mXjZQX3UzOs
Linux[1 Hr]:https://www.youtube.com/watch?v=_tCY-c-sPZc&list=PLu0W_9lII9ahKZ42vg2w9ERPmShYbYAB7
JQuery[1.1 Hr]:https://www.youtube.com/watch?v=YFlx1C8XwR0&list=PLu0W_9lII9ahKZ42vg2w9ERPmShYbYAB7
Git and GitHub[1.1 Hr]:https://www.youtube.com/watch?v=gwWKnnCMQ5c&list=PLu0W_9lII9ahKZ42vg2w9ERPmShYbYAB7

►Complete course [playlist]:
React: https://www.youtube.com/playlist?list=PLu0W_9lII9agx66oZnT6IyhcMIbUMNMdt
Python-https://www.youtube.com/playlist?list=PLu0W_9lII9agICnT8t4iYVSZ3eykIAOME
OOP Python-https://www.youtube.com/playlist?list=PLu0W_9lII9ahfRrhFcoB-4lpp9YaBmdCP
Java:https://www.youtube.com/playlist?list=PLu0W_9lII9agS67Uits0UnJyrYiXhDS6q
JavaScript- https://www.youtube.com/playlist?list=PLu0W_9lII9ajyk081To1Cbt2eI5913SsL
PHP-https://www.youtube.com/playlist?list=PLu0W_9lII9aikXkRE0WxDt1vozo3hnmtR
C-https://www.youtube.com/playlist?list=PLu0W_9lII9aiXlHcLx-mDH1Qul38wD3aR
C++-https://www.youtube.com/playlist?list=PLu0W_9lII9agpFUAlPFe_VNSlXW5uE0YL
Git & GitHub-https://www.youtube.com/playlist?list=PLu0W_9lII9ahVQekD7ePHmnirTePXwIln
Android Dev- https://www.youtube.com/playlist?list=PLu0W_9lII9aiL0kysYlfSOUgY5rNlOhUd
Python GUI- https://www.youtube.com/playlist?list=PLu0W_9lII9ajLcqRcj4PoEihkukF_OTzA
Web Development- https://www.youtube.com/playlist?list=PLu0W_9lII9agiCUZYRsvtGTXdxkzPyItg
Python Django:https://www.youtube.com/playlist?list=PLu0W_9lII9ah7DDtYtflgwMwpT3xmjXY9
Projects Using HTML, CSS & Javascript- https://www.youtube.com/playlist?list=PLu0W_9lII9aiQiOwthuSvinxoflmhRxM3
Data Structure and Algo:https://www.youtube.com/playlist?list=PLu0W_9lII9ahIappRPN0MCAgtOu3lQjQi 

Follow Me On Social Media
►Website (created using Django Rest & Angular): https://www.codewithharry.com
►Facebook: https://www.facebook.com/CodeWithHarry
►Instagram: https://www.instagram.com/codewithharry/ 
Twitter: https://twitter.com/CodeWithHarry
Comment ""#HarryBhai"" if you read this 😉😉",https://i.ytimg.com/vi/XZwBNDGuWGU/maxresdefault.jpg,CodeWithHarry,769578,41316,5526,888,14:48,"14 Minutes, 48 Seconds",2023-10-05T14:30:08,https://www.youtube.com/watch?v=XZwBNDGuWGU
Semantic Tags  in HTML | Sigma Web Development Course - Tutorial #11,"Latest Udemy Web dev Course With Certificate: https://goharry.in/webdev
Access the web development course playlist: https://www.youtube.com/playlist?list=PLu0W_9lII9agq5TrH9XLIKQvv0iaF2X3w
➡️ Source Code: https://github.com/CodeWithHarry/Sigma-Web-Dev-Course
➡️ Notes and CheatSheets: https://www.codewithharry.com/notes/
➡️ We are working on the Subtitles and will upload them soon!

TimeStamps ⌚
00:00 Introduction
00:30 Sigma Web Development Intro
00:40 What are Semantic Tags
01:49 Semantic Tags Examples 
09:56 Conclusion
10:19 Sigma Outro

►Checkout my English channel here: https://www.youtube.com/channel/UC7btqG2Ww0_2LwuQxpvo2HQ
►Instagram: www.instagram.com/codewithharry

python, C, C++, Java, JavaScript and Other Cheatsheets [++]:
Playlist: https://www.youtube.com/playlist?list=PLu0W_9lII9agrsRZjFECeFuWY5ev2pQlk

►Learn in One Video[++]:
Python Course with 5 Projects: https://www.youtube.com/watch?v=fqF9M92jzUo
Python[15 Hr]: https://www.youtube.com/watch?v=gfDE2a7MKjA&list=PLu0W_9lII9ahKZ42vg2w9ERPmShYbYAB7
Python Advance[3.5 Hr]: https://www.youtube.com/watch?v=61a7UkDO50s&list=PLu0W_9lII9ahKZ42vg2w9ERPmShYbYAB7
Python[1 Hr]: https://www.youtube.com/watch?v=qHJjMvHLJdg&list=PLu0W_9lII9ahKZ42vg2w9ERPmShYbYAB7
Python[2 Hr]: https://www.youtube.com/watch?v=ihk_Xglr164&list=PLu0W_9lII9ahKZ42vg2w9ERPmShYbYAB7
Python[15 Min]:https://www.youtube.com/watch?v=fr1f84rg4Nw&list=PLu0W_9lII9ahKZ42vg2w9ERPmShYbYAB7
JavaScript[1 Hr]: https://www.youtube.com/watch?v=onbBV0uFVpo&list=PLu0W_9lII9ahKZ42vg2w9ERPmShYbYAB7
C[1.3 Hr]-https://www.youtube.com/watch?v=YXcgD8hRHYY&list=PLu0W_9lII9ahKZ42vg2w9ERPmShYbYAB7
php[1 Hr]: https://www.youtube.com/watch?v=xW7ro3lwaCI&list=PLu0W_9lII9ahKZ42vg2w9ERPmShYbYAB7
php[2.3 Hr]:https://www.youtube.com/watch?v=1SnPKhCdlsU&list=PLu0W_9lII9ahKZ42vg2w9ERPmShYbYAB7
php[Project]- https://www.youtube.com/watch?v=-al2bECumKg&list=PLu0W_9lII9ahKZ42vg2w9ERPmShYbYAB7
HTML[30 Min]:https://www.youtube.com/watch?v=E3ByCRqE7Lo&list=PLu0W_9lII9ahKZ42vg2w9ERPmShYbYAB7
CSS[8.5 Hr]:https://www.youtube.com/watch?v=Edsxf_NBFrw&list=PLu0W_9lII9ahKZ42vg2w9ERPmShYbYAB7
CSS[1.4 Hr]:https://www.youtube.com/watch?v=u5-K_ua9sOw&list=PLu0W_9lII9ahKZ42vg2w9ERPmShYbYAB7
Wordpress[3.2 Hr]:https://www.youtube.com/watch?v=GlLRYml8mCY&list=PLu0W_9lII9ahKZ42vg2w9ERPmShYbYAB7
Angular[2 Hr]:https://www.youtube.com/watch?v=0LhBvp8qpro&list=PLu0W_9lII9ahKZ42vg2w9ERPmShYbYAB7
Java[2.3 Hr]:https://www.youtube.com/watch?v=rV_3Lewxx6o&list=PLu0W_9lII9ahKZ42vg2w9ERPmShYbYAB7
Web Scraping[1 Hr]:https://www.youtube.com/watch?v=uufDGjTuq34&list=PLu0W_9lII9ahKZ42vg2w9ERPmShYbYAB7
MongoDB[2 Hr]:https://www.youtube.com/watch?v=oSIv-E60NiU&list=PLu0W_9lII9ahKZ42vg2w9ERPmShYbYAB7
Numpy[1 Hr]:https://www.youtube.com/watch?v=Rbh1rieb3zc&list=PLu0W_9lII9ahKZ42vg2w9ERPmShYbYAB7
Android Dev[12 Hr]- https://www.youtube.com/watch?v=mXjZQX3UzOs
Linux[1 Hr]:https://www.youtube.com/watch?v=_tCY-c-sPZc&list=PLu0W_9lII9ahKZ42vg2w9ERPmShYbYAB7
JQuery[1.1 Hr]:https://www.youtube.com/watch?v=YFlx1C8XwR0&list=PLu0W_9lII9ahKZ42vg2w9ERPmShYbYAB7
Git and GitHub[1.1 Hr]:https://www.youtube.com/watch?v=gwWKnnCMQ5c&list=PLu0W_9lII9ahKZ42vg2w9ERPmShYbYAB7

►Complete course [playlist]:
React: https://www.youtube.com/playlist?list=PLu0W_9lII9agx66oZnT6IyhcMIbUMNMdt
Python-https://www.youtube.com/playlist?list=PLu0W_9lII9agICnT8t4iYVSZ3eykIAOME
OOP Python-https://www.youtube.com/playlist?list=PLu0W_9lII9ahfRrhFcoB-4lpp9YaBmdCP
Java:https://www.youtube.com/playlist?list=PLu0W_9lII9agS67Uits0UnJyrYiXhDS6q
JavaScript- https://www.youtube.com/playlist?list=PLu0W_9lII9ajyk081To1Cbt2eI5913SsL
PHP-https://www.youtube.com/playlist?list=PLu0W_9lII9aikXkRE0WxDt1vozo3hnmtR
C-https://www.youtube.com/playlist?list=PLu0W_9lII9aiXlHcLx-mDH1Qul38wD3aR
C++-https://www.youtube.com/playlist?list=PLu0W_9lII9agpFUAlPFe_VNSlXW5uE0YL
Git & GitHub-https://www.youtube.com/playlist?list=PLu0W_9lII9ahVQekD7ePHmnirTePXwIln
Android Dev- https://www.youtube.com/playlist?list=PLu0W_9lII9aiL0kysYlfSOUgY5rNlOhUd
Python GUI- https://www.youtube.com/playlist?list=PLu0W_9lII9ajLcqRcj4PoEihkukF_OTzA
Web Development- https://www.youtube.com/playlist?list=PLu0W_9lII9agiCUZYRsvtGTXdxkzPyItg
Python Django:https://www.youtube.com/playlist?list=PLu0W_9lII9ah7DDtYtflgwMwpT3xmjXY9
Projects Using HTML, CSS & Javascript- https://www.youtube.com/playlist?list=PLu0W_9lII9aiQiOwthuSvinxoflmhRxM3
Data Structure and Algo:https://www.youtube.com/playlist?list=PLu0W_9lII9ahIappRPN0MCAgtOu3lQjQi 

Follow Me On Social Media
►Website (created using Django Rest & Angular): https://www.codewithharry.com
►Facebook: https://www.facebook.com/CodeWithHarry
►Instagram: https://www.instagram.com/codewithharry/ 
Twitter: https://twitter.com/CodeWithHarry
Comment ""#HarryBhai"" if you read this 😉😉",https://i.ytimg.com/vi/fhoDRB53DwY/maxresdefault.jpg,CodeWithHarry,563870,39889,1965,642,10:42,"10 Minutes, 42 Seconds",2023-10-06T13:31:01,https://www.youtube.com/watch?v=fhoDRB53DwY
Exercise 1 - Pure HTML Media Player | Sigma Web Development Course - Tutorial #12,"Latest Udemy Web dev Course With Certificate: https://goharry.in/webdev
Access the web development course playlist: https://www.youtube.com/playlist?list=PLu0W_9lII9agq5TrH9XLIKQvv0iaF2X3w
➡️ Source Code: https://github.com/CodeWithHarry/Sigma-Web-Dev-Course
➡️ Notes and CheatSheets: https://www.codewithharry.com/notes/
➡️ We are working on the Subtitles and will upload them soon!

00:00 Introduction
00:26 Sigma Web Development Intro
00:36 Exercise 1
03:12 Conclusion
03:18 Sigma Outro

►Checkout my English channel here: https://www.youtube.com/channel/UC7btqG2Ww0_2LwuQxpvo2HQ
►Instagram: www.instagram.com/codewithharry

python, C, C++, Java, JavaScript and Other Cheatsheets [++]:
Playlist: https://www.youtube.com/playlist?list=PLu0W_9lII9agrsRZjFECeFuWY5ev2pQlk

►Learn in One Video[++]:
Python Course with 5 Projects: https://www.youtube.com/watch?v=fqF9M92jzUo
Python[15 Hr]: https://www.youtube.com/watch?v=gfDE2a7MKjA&list=PLu0W_9lII9ahKZ42vg2w9ERPmShYbYAB7
Python Advance[3.5 Hr]: https://www.youtube.com/watch?v=61a7UkDO50s&list=PLu0W_9lII9ahKZ42vg2w9ERPmShYbYAB7
Python[1 Hr]: https://www.youtube.com/watch?v=qHJjMvHLJdg&list=PLu0W_9lII9ahKZ42vg2w9ERPmShYbYAB7
Python[2 Hr]: https://www.youtube.com/watch?v=ihk_Xglr164&list=PLu0W_9lII9ahKZ42vg2w9ERPmShYbYAB7
Python[15 Min]:https://www.youtube.com/watch?v=fr1f84rg4Nw&list=PLu0W_9lII9ahKZ42vg2w9ERPmShYbYAB7
JavaScript[1 Hr]: https://www.youtube.com/watch?v=onbBV0uFVpo&list=PLu0W_9lII9ahKZ42vg2w9ERPmShYbYAB7
C[1.3 Hr]-https://www.youtube.com/watch?v=YXcgD8hRHYY&list=PLu0W_9lII9ahKZ42vg2w9ERPmShYbYAB7
php[1 Hr]: https://www.youtube.com/watch?v=xW7ro3lwaCI&list=PLu0W_9lII9ahKZ42vg2w9ERPmShYbYAB7
php[2.3 Hr]:https://www.youtube.com/watch?v=1SnPKhCdlsU&list=PLu0W_9lII9ahKZ42vg2w9ERPmShYbYAB7
php[Project]- https://www.youtube.com/watch?v=-al2bECumKg&list=PLu0W_9lII9ahKZ42vg2w9ERPmShYbYAB7
HTML[30 Min]:https://www.youtube.com/watch?v=E3ByCRqE7Lo&list=PLu0W_9lII9ahKZ42vg2w9ERPmShYbYAB7
CSS[8.5 Hr]:https://www.youtube.com/watch?v=Edsxf_NBFrw&list=PLu0W_9lII9ahKZ42vg2w9ERPmShYbYAB7
CSS[1.4 Hr]:https://www.youtube.com/watch?v=u5-K_ua9sOw&list=PLu0W_9lII9ahKZ42vg2w9ERPmShYbYAB7
Wordpress[3.2 Hr]:https://www.youtube.com/watch?v=GlLRYml8mCY&list=PLu0W_9lII9ahKZ42vg2w9ERPmShYbYAB7
Angular[2 Hr]:https://www.youtube.com/watch?v=0LhBvp8qpro&list=PLu0W_9lII9ahKZ42vg2w9ERPmShYbYAB7
Java[2.3 Hr]:https://www.youtube.com/watch?v=rV_3Lewxx6o&list=PLu0W_9lII9ahKZ42vg2w9ERPmShYbYAB7
Web Scraping[1 Hr]:https://www.youtube.com/watch?v=uufDGjTuq34&list=PLu0W_9lII9ahKZ42vg2w9ERPmShYbYAB7
MongoDB[2 Hr]:https://www.youtube.com/watch?v=oSIv-E60NiU&list=PLu0W_9lII9ahKZ42vg2w9ERPmShYbYAB7
Numpy[1 Hr]:https://www.youtube.com/watch?v=Rbh1rieb3zc&list=PLu0W_9lII9ahKZ42vg2w9ERPmShYbYAB7
Android Dev[12 Hr]- https://www.youtube.com/watch?v=mXjZQX3UzOs
Linux[1 Hr]:https://www.youtube.com/watch?v=_tCY-c-sPZc&list=PLu0W_9lII9ahKZ42vg2w9ERPmShYbYAB7
JQuery[1.1 Hr]:https://www.youtube.com/watch?v=YFlx1C8XwR0&list=PLu0W_9lII9ahKZ42vg2w9ERPmShYbYAB7
Git and GitHub[1.1 Hr]:https://www.youtube.com/watch?v=gwWKnnCMQ5c&list=PLu0W_9lII9ahKZ42vg2w9ERPmShYbYAB7

►Complete course [playlist]:
React: https://www.youtube.com/playlist?list=PLu0W_9lII9agx66oZnT6IyhcMIbUMNMdt
Python-https://www.youtube.com/playlist?list=PLu0W_9lII9agICnT8t4iYVSZ3eykIAOME
OOP Python-https://www.youtube.com/playlist?list=PLu0W_9lII9ahfRrhFcoB-4lpp9YaBmdCP
Java:https://www.youtube.com/playlist?list=PLu0W_9lII9agS67Uits0UnJyrYiXhDS6q
JavaScript- https://www.youtube.com/playlist?list=PLu0W_9lII9ajyk081To1Cbt2eI5913SsL
PHP-https://www.youtube.com/playlist?list=PLu0W_9lII9aikXkRE0WxDt1vozo3hnmtR
C-https://www.youtube.com/playlist?list=PLu0W_9lII9aiXlHcLx-mDH1Qul38wD3aR
C++-https://www.youtube.com/playlist?list=PLu0W_9lII9agpFUAlPFe_VNSlXW5uE0YL
Git & GitHub-https://www.youtube.com/playlist?list=PLu0W_9lII9ahVQekD7ePHmnirTePXwIln
Android Dev- https://www.youtube.com/playlist?list=PLu0W_9lII9aiL0kysYlfSOUgY5rNlOhUd
Python GUI- https://www.youtube.com/playlist?list=PLu0W_9lII9ajLcqRcj4PoEihkukF_OTzA
Web Development- https://www.youtube.com/playlist?list=PLu0W_9lII9agiCUZYRsvtGTXdxkzPyItg
Python Django:https://www.youtube.com/playlist?list=PLu0W_9lII9ah7DDtYtflgwMwpT3xmjXY9
Projects Using HTML, CSS & Javascript- https://www.youtube.com/playlist?list=PLu0W_9lII9aiQiOwthuSvinxoflmhRxM3
Data Structure and Algo:https://www.youtube.com/playlist?list=PLu0W_9lII9ahIappRPN0MCAgtOu3lQjQi 

Follow Me On Social Media
►Website (created using Django Rest & Angular): https://www.codewithharry.com
►Facebook: https://www.facebook.com/CodeWithHarry
►Instagram: https://www.instagram.com/codewithharry/ 
Twitter: https://twitter.com/CodeWithHarry
Comment ""#HarryBhai"" if you read this 😉😉",https://i.ytimg.com/vi/5xFRg_TzlAg/maxresdefault.jpg,CodeWithHarry,488811,22564,9395,221,3:41,"3 Minutes, 41 Seconds",2023-10-07T13:53:48,https://www.youtube.com/watch?v=5xFRg_TzlAg
"Entities, Code tag and more on HTML | Sigma Web Development Course - Tutorial #13","Latest Udemy Web dev Course With Certificate: https://goharry.in/webdev
Access the web development course playlist: https://www.youtube.com/playlist?list=PLu0W_9lII9agq5TrH9XLIKQvv0iaF2X3w
➡️ Source Code: https://github.com/CodeWithHarry/Sigma-Web-Dev-Course
➡️ Notes and CheatSheets: https://www.codewithharry.com/notes/
➡️ We are working on the Subtitles and will upload them soon!

⌚ TimeStamps:
00:00 Introduction and HTML Conclusion
00:21 Sigma Intro
01:05 HTML Entities and Special Symbols
03:25 Quotation Tags and Obsolete HTML Tags
05:42 Code Tag and Prism.js Library
08:37 Conclusion and Upcoming CSS Videos
08:58 Sigma Outro

►Checkout my English channel here: https://www.youtube.com/channel/UC7btqG2Ww0_2LwuQxpvo2HQ
►Instagram: www.instagram.com/codewithharry

python, C, C++, Java, JavaScript and Other Cheatsheets [++]:
Playlist: https://www.youtube.com/playlist?list=PLu0W_9lII9agrsRZjFECeFuWY5ev2pQlk

►Learn in One Video[++]:
Python Course with 5 Projects: https://www.youtube.com/watch?v=fqF9M92jzUo
Python[15 Hr]: https://www.youtube.com/watch?v=gfDE2a7MKjA&list=PLu0W_9lII9ahKZ42vg2w9ERPmShYbYAB7
Python Advance[3.5 Hr]: https://www.youtube.com/watch?v=61a7UkDO50s&list=PLu0W_9lII9ahKZ42vg2w9ERPmShYbYAB7
Python[1 Hr]: https://www.youtube.com/watch?v=qHJjMvHLJdg&list=PLu0W_9lII9ahKZ42vg2w9ERPmShYbYAB7
Python[2 Hr]: https://www.youtube.com/watch?v=ihk_Xglr164&list=PLu0W_9lII9ahKZ42vg2w9ERPmShYbYAB7
Python[15 Min]:https://www.youtube.com/watch?v=fr1f84rg4Nw&list=PLu0W_9lII9ahKZ42vg2w9ERPmShYbYAB7
JavaScript[1 Hr]: https://www.youtube.com/watch?v=onbBV0uFVpo&list=PLu0W_9lII9ahKZ42vg2w9ERPmShYbYAB7
C[1.3 Hr]-https://www.youtube.com/watch?v=YXcgD8hRHYY&list=PLu0W_9lII9ahKZ42vg2w9ERPmShYbYAB7
php[1 Hr]: https://www.youtube.com/watch?v=xW7ro3lwaCI&list=PLu0W_9lII9ahKZ42vg2w9ERPmShYbYAB7
php[2.3 Hr]:https://www.youtube.com/watch?v=1SnPKhCdlsU&list=PLu0W_9lII9ahKZ42vg2w9ERPmShYbYAB7
php[Project]- https://www.youtube.com/watch?v=-al2bECumKg&list=PLu0W_9lII9ahKZ42vg2w9ERPmShYbYAB7
HTML[30 Min]:https://www.youtube.com/watch?v=E3ByCRqE7Lo&list=PLu0W_9lII9ahKZ42vg2w9ERPmShYbYAB7
CSS[8.5 Hr]:https://www.youtube.com/watch?v=Edsxf_NBFrw&list=PLu0W_9lII9ahKZ42vg2w9ERPmShYbYAB7
CSS[1.4 Hr]:https://www.youtube.com/watch?v=u5-K_ua9sOw&list=PLu0W_9lII9ahKZ42vg2w9ERPmShYbYAB7
Wordpress[3.2 Hr]:https://www.youtube.com/watch?v=GlLRYml8mCY&list=PLu0W_9lII9ahKZ42vg2w9ERPmShYbYAB7
Angular[2 Hr]:https://www.youtube.com/watch?v=0LhBvp8qpro&list=PLu0W_9lII9ahKZ42vg2w9ERPmShYbYAB7
Java[2.3 Hr]:https://www.youtube.com/watch?v=rV_3Lewxx6o&list=PLu0W_9lII9ahKZ42vg2w9ERPmShYbYAB7
Web Scraping[1 Hr]:https://www.youtube.com/watch?v=uufDGjTuq34&list=PLu0W_9lII9ahKZ42vg2w9ERPmShYbYAB7
MongoDB[2 Hr]:https://www.youtube.com/watch?v=oSIv-E60NiU&list=PLu0W_9lII9ahKZ42vg2w9ERPmShYbYAB7
Numpy[1 Hr]:https://www.youtube.com/watch?v=Rbh1rieb3zc&list=PLu0W_9lII9ahKZ42vg2w9ERPmShYbYAB7
Android Dev[12 Hr]- https://www.youtube.com/watch?v=mXjZQX3UzOs
Linux[1 Hr]:https://www.youtube.com/watch?v=_tCY-c-sPZc&list=PLu0W_9lII9ahKZ42vg2w9ERPmShYbYAB7
JQuery[1.1 Hr]:https://www.youtube.com/watch?v=YFlx1C8XwR0&list=PLu0W_9lII9ahKZ42vg2w9ERPmShYbYAB7
Git and GitHub[1.1 Hr]:https://www.youtube.com/watch?v=gwWKnnCMQ5c&list=PLu0W_9lII9ahKZ42vg2w9ERPmShYbYAB7

►Complete course [playlist]:
React: https://www.youtube.com/playlist?list=PLu0W_9lII9agx66oZnT6IyhcMIbUMNMdt
Python-https://www.youtube.com/playlist?list=PLu0W_9lII9agICnT8t4iYVSZ3eykIAOME
OOP Python-https://www.youtube.com/playlist?list=PLu0W_9lII9ahfRrhFcoB-4lpp9YaBmdCP
Java:https://www.youtube.com/playlist?list=PLu0W_9lII9agS67Uits0UnJyrYiXhDS6q
JavaScript- https://www.youtube.com/playlist?list=PLu0W_9lII9ajyk081To1Cbt2eI5913SsL
PHP-https://www.youtube.com/playlist?list=PLu0W_9lII9aikXkRE0WxDt1vozo3hnmtR
C-https://www.youtube.com/playlist?list=PLu0W_9lII9aiXlHcLx-mDH1Qul38wD3aR
C++-https://www.youtube.com/playlist?list=PLu0W_9lII9agpFUAlPFe_VNSlXW5uE0YL
Git & GitHub-https://www.youtube.com/playlist?list=PLu0W_9lII9ahVQekD7ePHmnirTePXwIln
Android Dev- https://www.youtube.com/playlist?list=PLu0W_9lII9aiL0kysYlfSOUgY5rNlOhUd
Python GUI- https://www.youtube.com/playlist?list=PLu0W_9lII9ajLcqRcj4PoEihkukF_OTzA
Web Development- https://www.youtube.com/playlist?list=PLu0W_9lII9agiCUZYRsvtGTXdxkzPyItg
Python Django:https://www.youtube.com/playlist?list=PLu0W_9lII9ah7DDtYtflgwMwpT3xmjXY9
Projects Using HTML, CSS & Javascript- https://www.youtube.com/playlist?list=PLu0W_9lII9aiQiOwthuSvinxoflmhRxM3
Data Structure and Algo:https://www.youtube.com/playlist?list=PLu0W_9lII9ahIappRPN0MCAgtOu3lQjQi 

Follow Me On Social Media
►Website (created using Django Rest & Angular): https://www.codewithharry.com
►Facebook: https://www.facebook.com/CodeWithHarry
►Instagram: https://www.instagram.com/codewithharry/ 
Twitter: https://twitter.com/CodeWithHarry
Comment ""#HarryBhai"" if you read this 😉😉",https://i.ytimg.com/vi/cvsbHZcDx8w/maxresdefault.jpg,CodeWithHarry,491300,24065,2709,561,9:21,"9 Minutes, 21 Seconds",2023-10-08T13:01:59,https://www.youtube.com/watch?v=cvsbHZcDx8w
Introduction to CSS | Sigma Web Development Course - Tutorial #14,"Latest Udemy Web dev Course With Certificate: https://goharry.in/webdev
Access the Sigma web development course playlist: https://www.youtube.com/playlist?list=PLu0W_9lII9agq5TrH9XLIKQvv0iaF2X3w
➡️ Source Code: https://github.com/CodeWithHarry/Sigma-Web-Dev-Course
➡️ Notes and CheatSheets: https://www.codewithharry.com/notes/
➡️ English Subtitles are now up for all the videos!

⌚ TimeStamps:
00:00 Introduction
01:06 Sigma Web Development Intro
01:16 Introduction to CSS
04:18 CSS Syntax
7:30 Exercise 1
7:56 Conclusion
8:52 Sigma Outro

►Checkout my English channel here: https://www.youtube.com/channel/UC7btqG2Ww0_2LwuQxpvo2HQ
►Instagram: www.instagram.com/codewithharry

python, C, C++, Java, JavaScript and Other Cheatsheets [++]:
Playlist: https://www.youtube.com/playlist?list=PLu0W_9lII9agrsRZjFECeFuWY5ev2pQlk

►Learn in One Video[++]:
Python Course with 5 Projects: https://www.youtube.com/watch?v=fqF9M92jzUo
Python[15 Hr]: https://www.youtube.com/watch?v=gfDE2a7MKjA&list=PLu0W_9lII9ahKZ42vg2w9ERPmShYbYAB7
Python Advance[3.5 Hr]: https://www.youtube.com/watch?v=61a7UkDO50s&list=PLu0W_9lII9ahKZ42vg2w9ERPmShYbYAB7
Python[1 Hr]: https://www.youtube.com/watch?v=qHJjMvHLJdg&list=PLu0W_9lII9ahKZ42vg2w9ERPmShYbYAB7
Python[2 Hr]: https://www.youtube.com/watch?v=ihk_Xglr164&list=PLu0W_9lII9ahKZ42vg2w9ERPmShYbYAB7
Python[15 Min]:https://www.youtube.com/watch?v=fr1f84rg4Nw&list=PLu0W_9lII9ahKZ42vg2w9ERPmShYbYAB7
JavaScript[1 Hr]: https://www.youtube.com/watch?v=onbBV0uFVpo&list=PLu0W_9lII9ahKZ42vg2w9ERPmShYbYAB7
C[1.3 Hr]-https://www.youtube.com/watch?v=YXcgD8hRHYY&list=PLu0W_9lII9ahKZ42vg2w9ERPmShYbYAB7
php[1 Hr]: https://www.youtube.com/watch?v=xW7ro3lwaCI&list=PLu0W_9lII9ahKZ42vg2w9ERPmShYbYAB7
php[2.3 Hr]:https://www.youtube.com/watch?v=1SnPKhCdlsU&list=PLu0W_9lII9ahKZ42vg2w9ERPmShYbYAB7
php[Project]- https://www.youtube.com/watch?v=-al2bECumKg&list=PLu0W_9lII9ahKZ42vg2w9ERPmShYbYAB7
HTML[30 Min]:https://www.youtube.com/watch?v=E3ByCRqE7Lo&list=PLu0W_9lII9ahKZ42vg2w9ERPmShYbYAB7
CSS[8.5 Hr]:https://www.youtube.com/watch?v=Edsxf_NBFrw&list=PLu0W_9lII9ahKZ42vg2w9ERPmShYbYAB7
CSS[1.4 Hr]:https://www.youtube.com/watch?v=u5-K_ua9sOw&list=PLu0W_9lII9ahKZ42vg2w9ERPmShYbYAB7
Wordpress[3.2 Hr]:https://www.youtube.com/watch?v=GlLRYml8mCY&list=PLu0W_9lII9ahKZ42vg2w9ERPmShYbYAB7
Angular[2 Hr]:https://www.youtube.com/watch?v=0LhBvp8qpro&list=PLu0W_9lII9ahKZ42vg2w9ERPmShYbYAB7
Java[2.3 Hr]:https://www.youtube.com/watch?v=rV_3Lewxx6o&list=PLu0W_9lII9ahKZ42vg2w9ERPmShYbYAB7
Web Scraping[1 Hr]:https://www.youtube.com/watch?v=uufDGjTuq34&list=PLu0W_9lII9ahKZ42vg2w9ERPmShYbYAB7
MongoDB[2 Hr]:https://www.youtube.com/watch?v=oSIv-E60NiU&list=PLu0W_9lII9ahKZ42vg2w9ERPmShYbYAB7
Numpy[1 Hr]:https://www.youtube.com/watch?v=Rbh1rieb3zc&list=PLu0W_9lII9ahKZ42vg2w9ERPmShYbYAB7
Android Dev[12 Hr]- https://www.youtube.com/watch?v=mXjZQX3UzOs
Linux[1 Hr]:https://www.youtube.com/watch?v=_tCY-c-sPZc&list=PLu0W_9lII9ahKZ42vg2w9ERPmShYbYAB7
JQuery[1.1 Hr]:https://www.youtube.com/watch?v=YFlx1C8XwR0&list=PLu0W_9lII9ahKZ42vg2w9ERPmShYbYAB7
Git and GitHub[1.1 Hr]:https://www.youtube.com/watch?v=gwWKnnCMQ5c&list=PLu0W_9lII9ahKZ42vg2w9ERPmShYbYAB7

►Complete course [playlist]:
React: https://www.youtube.com/playlist?list=PLu0W_9lII9agx66oZnT6IyhcMIbUMNMdt
Python-https://www.youtube.com/playlist?list=PLu0W_9lII9agICnT8t4iYVSZ3eykIAOME
OOP Python-https://www.youtube.com/playlist?list=PLu0W_9lII9ahfRrhFcoB-4lpp9YaBmdCP
Java:https://www.youtube.com/playlist?list=PLu0W_9lII9agS67Uits0UnJyrYiXhDS6q
JavaScript- https://www.youtube.com/playlist?list=PLu0W_9lII9ajyk081To1Cbt2eI5913SsL
PHP-https://www.youtube.com/playlist?list=PLu0W_9lII9aikXkRE0WxDt1vozo3hnmtR
C-https://www.youtube.com/playlist?list=PLu0W_9lII9aiXlHcLx-mDH1Qul38wD3aR
C++-https://www.youtube.com/playlist?list=PLu0W_9lII9agpFUAlPFe_VNSlXW5uE0YL
Git & GitHub-https://www.youtube.com/playlist?list=PLu0W_9lII9ahVQekD7ePHmnirTePXwIln
Android Dev- https://www.youtube.com/playlist?list=PLu0W_9lII9aiL0kysYlfSOUgY5rNlOhUd
Python GUI- https://www.youtube.com/playlist?list=PLu0W_9lII9ajLcqRcj4PoEihkukF_OTzA
Web Development- https://www.youtube.com/playlist?list=PLu0W_9lII9agiCUZYRsvtGTXdxkzPyItg
Python Django:https://www.youtube.com/playlist?list=PLu0W_9lII9ah7DDtYtflgwMwpT3xmjXY9
Projects Using HTML, CSS & Javascript- https://www.youtube.com/playlist?list=PLu0W_9lII9aiQiOwthuSvinxoflmhRxM3
Data Structure and Algo:https://www.youtube.com/playlist?list=PLu0W_9lII9ahIappRPN0MCAgtOu3lQjQi 

Follow Me On Social Media
►Website (created using Django Rest & Angular): https://www.codewithharry.com
►Facebook: https://www.facebook.com/CodeWithHarry
►Instagram: https://www.instagram.com/codewithharry/ 
Twitter: https://twitter.com/CodeWithHarry
Comment ""#HarryBhai"" if you read this 😉😉",https://i.ytimg.com/vi/1dkfuga2_Ps/maxresdefault.jpg,CodeWithHarry,543711,30679,3908,554,9:14,"9 Minutes, 14 Seconds",2023-10-09T13:03:17,https://www.youtube.com/watch?v=1dkfuga2_Ps
"Inline, Internal & External CSS | Sigma Web Development Course - Tutorial #15","Latest Udemy Web dev Course With Certificate: https://goharry.in/webdev
Access the Sigma web development course playlist: https://www.youtube.com/playlist?list=PLu0W_9lII9agq5TrH9XLIKQvv0iaF2X3w
➡️ Source Code: https://github.com/CodeWithHarry/Sigma-Web-Dev-Course
➡️ Notes and CheatSheets: https://www.codewithharry.com/notes/
➡️ English Subtitles are now up for all the videos!

TimeStamps:
00:00 Introduction
00:46 Sigma Web Development Intro
00:56 Inline CSS
04:14 Internal CSS
06:28 External CSS
10:10 Conclusion
10:40 Sigma Outro

►Checkout my English channel here: https://www.youtube.com/channel/UC7btqG2Ww0_2LwuQxpvo2HQ
►Instagram: www.instagram.com/codewithharry

python, C, C++, Java, JavaScript and Other Cheatsheets [++]:
Playlist: https://www.youtube.com/playlist?list=PLu0W_9lII9agrsRZjFECeFuWY5ev2pQlk

►Learn in One Video[++]:
Python Course with 5 Projects: https://www.youtube.com/watch?v=fqF9M92jzUo
Python[15 Hr]: https://www.youtube.com/watch?v=gfDE2a7MKjA&list=PLu0W_9lII9ahKZ42vg2w9ERPmShYbYAB7
Python Advance[3.5 Hr]: https://www.youtube.com/watch?v=61a7UkDO50s&list=PLu0W_9lII9ahKZ42vg2w9ERPmShYbYAB7
Python[1 Hr]: https://www.youtube.com/watch?v=qHJjMvHLJdg&list=PLu0W_9lII9ahKZ42vg2w9ERPmShYbYAB7
Python[2 Hr]: https://www.youtube.com/watch?v=ihk_Xglr164&list=PLu0W_9lII9ahKZ42vg2w9ERPmShYbYAB7
Python[15 Min]:https://www.youtube.com/watch?v=fr1f84rg4Nw&list=PLu0W_9lII9ahKZ42vg2w9ERPmShYbYAB7
JavaScript[1 Hr]: https://www.youtube.com/watch?v=onbBV0uFVpo&list=PLu0W_9lII9ahKZ42vg2w9ERPmShYbYAB7
C[1.3 Hr]-https://www.youtube.com/watch?v=YXcgD8hRHYY&list=PLu0W_9lII9ahKZ42vg2w9ERPmShYbYAB7
php[1 Hr]: https://www.youtube.com/watch?v=xW7ro3lwaCI&list=PLu0W_9lII9ahKZ42vg2w9ERPmShYbYAB7
php[2.3 Hr]:https://www.youtube.com/watch?v=1SnPKhCdlsU&list=PLu0W_9lII9ahKZ42vg2w9ERPmShYbYAB7
php[Project]- https://www.youtube.com/watch?v=-al2bECumKg&list=PLu0W_9lII9ahKZ42vg2w9ERPmShYbYAB7
HTML[30 Min]:https://www.youtube.com/watch?v=E3ByCRqE7Lo&list=PLu0W_9lII9ahKZ42vg2w9ERPmShYbYAB7
CSS[8.5 Hr]:https://www.youtube.com/watch?v=Edsxf_NBFrw&list=PLu0W_9lII9ahKZ42vg2w9ERPmShYbYAB7
CSS[1.4 Hr]:https://www.youtube.com/watch?v=u5-K_ua9sOw&list=PLu0W_9lII9ahKZ42vg2w9ERPmShYbYAB7
Wordpress[3.2 Hr]:https://www.youtube.com/watch?v=GlLRYml8mCY&list=PLu0W_9lII9ahKZ42vg2w9ERPmShYbYAB7
Angular[2 Hr]:https://www.youtube.com/watch?v=0LhBvp8qpro&list=PLu0W_9lII9ahKZ42vg2w9ERPmShYbYAB7
Java[2.3 Hr]:https://www.youtube.com/watch?v=rV_3Lewxx6o&list=PLu0W_9lII9ahKZ42vg2w9ERPmShYbYAB7
Web Scraping[1 Hr]:https://www.youtube.com/watch?v=uufDGjTuq34&list=PLu0W_9lII9ahKZ42vg2w9ERPmShYbYAB7
MongoDB[2 Hr]:https://www.youtube.com/watch?v=oSIv-E60NiU&list=PLu0W_9lII9ahKZ42vg2w9ERPmShYbYAB7
Numpy[1 Hr]:https://www.youtube.com/watch?v=Rbh1rieb3zc&list=PLu0W_9lII9ahKZ42vg2w9ERPmShYbYAB7
Android Dev[12 Hr]- https://www.youtube.com/watch?v=mXjZQX3UzOs
Linux[1 Hr]:https://www.youtube.com/watch?v=_tCY-c-sPZc&list=PLu0W_9lII9ahKZ42vg2w9ERPmShYbYAB7
JQuery[1.1 Hr]:https://www.youtube.com/watch?v=YFlx1C8XwR0&list=PLu0W_9lII9ahKZ42vg2w9ERPmShYbYAB7
Git and GitHub[1.1 Hr]:https://www.youtube.com/watch?v=gwWKnnCMQ5c&list=PLu0W_9lII9ahKZ42vg2w9ERPmShYbYAB7

►Complete course [playlist]:
React: https://www.youtube.com/playlist?list=PLu0W_9lII9agx66oZnT6IyhcMIbUMNMdt
Python-https://www.youtube.com/playlist?list=PLu0W_9lII9agICnT8t4iYVSZ3eykIAOME
OOP Python-https://www.youtube.com/playlist?list=PLu0W_9lII9ahfRrhFcoB-4lpp9YaBmdCP
Java:https://www.youtube.com/playlist?list=PLu0W_9lII9agS67Uits0UnJyrYiXhDS6q
JavaScript- https://www.youtube.com/playlist?list=PLu0W_9lII9ajyk081To1Cbt2eI5913SsL
PHP-https://www.youtube.com/playlist?list=PLu0W_9lII9aikXkRE0WxDt1vozo3hnmtR
C-https://www.youtube.com/playlist?list=PLu0W_9lII9aiXlHcLx-mDH1Qul38wD3aR
C++-https://www.youtube.com/playlist?list=PLu0W_9lII9agpFUAlPFe_VNSlXW5uE0YL
Git & GitHub-https://www.youtube.com/playlist?list=PLu0W_9lII9ahVQekD7ePHmnirTePXwIln
Android Dev- https://www.youtube.com/playlist?list=PLu0W_9lII9aiL0kysYlfSOUgY5rNlOhUd
Python GUI- https://www.youtube.com/playlist?list=PLu0W_9lII9ajLcqRcj4PoEihkukF_OTzA
Web Development- https://www.youtube.com/playlist?list=PLu0W_9lII9agiCUZYRsvtGTXdxkzPyItg
Python Django:https://www.youtube.com/playlist?list=PLu0W_9lII9ah7DDtYtflgwMwpT3xmjXY9
Projects Using HTML, CSS & Javascript- https://www.youtube.com/playlist?list=PLu0W_9lII9aiQiOwthuSvinxoflmhRxM3
Data Structure and Algo:https://www.youtube.com/playlist?list=PLu0W_9lII9ahIappRPN0MCAgtOu3lQjQi 

Follow Me On Social Media
►Website (created using Django Rest & Angular): https://www.codewithharry.com
►Facebook: https://www.facebook.com/CodeWithHarry
►Instagram: https://www.instagram.com/codewithharry/ 
Twitter: https://twitter.com/CodeWithHarry
Comment ""#HarryBhai"" if you read this 😉😉",https://i.ytimg.com/vi/-XwZpYIyCEA/maxresdefault.jpg,CodeWithHarry,462916,23277,2596,664,11:04,"11 Minutes, 4 Seconds",2023-10-10T14:54:34,https://www.youtube.com/watch?v=-XwZpYIyCEA
Exercise 1 - Solution & Shoutouts | Sigma Web Development Course - Tutorial #16,"Latest Udemy Web dev Course With Certificate: https://goharry.in/webdev
Access the Sigma web development course playlist: https://www.youtube.com/playlist?list=PLu0W_9lII9agq5TrH9XLIKQvv0iaF2X3w
➡️ Source Code: https://github.com/CodeWithHarry/Sigma-Web-Dev-Course
➡️ Notes and CheatSheets: https://www.codewithharry.com/notes/
➡️ English Subtitles are now up for all the videos!

TimeStamps:
00:00 Introduction
00:19 Sigma Web Development Intro
00:28 Solution
03:53 Shoutouts
06:15 Conclusion
06:56 Sigma Outro

►Checkout my English channel here: https://www.youtube.com/channel/UC7btqG2Ww0_2LwuQxpvo2HQ
►Instagram: www.instagram.com/codewithharry

python, C, C++, Java, JavaScript and Other Cheatsheets [++]:
Playlist: https://www.youtube.com/playlist?list=PLu0W_9lII9agrsRZjFECeFuWY5ev2pQlk

►Learn in One Video[++]:
Python Course with 5 Projects: https://www.youtube.com/watch?v=fqF9M92jzUo
Python[15 Hr]: https://www.youtube.com/watch?v=gfDE2a7MKjA&list=PLu0W_9lII9ahKZ42vg2w9ERPmShYbYAB7
Python Advance[3.5 Hr]: https://www.youtube.com/watch?v=61a7UkDO50s&list=PLu0W_9lII9ahKZ42vg2w9ERPmShYbYAB7
Python[1 Hr]: https://www.youtube.com/watch?v=qHJjMvHLJdg&list=PLu0W_9lII9ahKZ42vg2w9ERPmShYbYAB7
Python[2 Hr]: https://www.youtube.com/watch?v=ihk_Xglr164&list=PLu0W_9lII9ahKZ42vg2w9ERPmShYbYAB7
Python[15 Min]:https://www.youtube.com/watch?v=fr1f84rg4Nw&list=PLu0W_9lII9ahKZ42vg2w9ERPmShYbYAB7
JavaScript[1 Hr]: https://www.youtube.com/watch?v=onbBV0uFVpo&list=PLu0W_9lII9ahKZ42vg2w9ERPmShYbYAB7
C[1.3 Hr]-https://www.youtube.com/watch?v=YXcgD8hRHYY&list=PLu0W_9lII9ahKZ42vg2w9ERPmShYbYAB7
php[1 Hr]: https://www.youtube.com/watch?v=xW7ro3lwaCI&list=PLu0W_9lII9ahKZ42vg2w9ERPmShYbYAB7
php[2.3 Hr]:https://www.youtube.com/watch?v=1SnPKhCdlsU&list=PLu0W_9lII9ahKZ42vg2w9ERPmShYbYAB7
php[Project]- https://www.youtube.com/watch?v=-al2bECumKg&list=PLu0W_9lII9ahKZ42vg2w9ERPmShYbYAB7
HTML[30 Min]:https://www.youtube.com/watch?v=E3ByCRqE7Lo&list=PLu0W_9lII9ahKZ42vg2w9ERPmShYbYAB7
CSS[8.5 Hr]:https://www.youtube.com/watch?v=Edsxf_NBFrw&list=PLu0W_9lII9ahKZ42vg2w9ERPmShYbYAB7
CSS[1.4 Hr]:https://www.youtube.com/watch?v=u5-K_ua9sOw&list=PLu0W_9lII9ahKZ42vg2w9ERPmShYbYAB7
Wordpress[3.2 Hr]:https://www.youtube.com/watch?v=GlLRYml8mCY&list=PLu0W_9lII9ahKZ42vg2w9ERPmShYbYAB7
Angular[2 Hr]:https://www.youtube.com/watch?v=0LhBvp8qpro&list=PLu0W_9lII9ahKZ42vg2w9ERPmShYbYAB7
Java[2.3 Hr]:https://www.youtube.com/watch?v=rV_3Lewxx6o&list=PLu0W_9lII9ahKZ42vg2w9ERPmShYbYAB7
Web Scraping[1 Hr]:https://www.youtube.com/watch?v=uufDGjTuq34&list=PLu0W_9lII9ahKZ42vg2w9ERPmShYbYAB7
MongoDB[2 Hr]:https://www.youtube.com/watch?v=oSIv-E60NiU&list=PLu0W_9lII9ahKZ42vg2w9ERPmShYbYAB7
Numpy[1 Hr]:https://www.youtube.com/watch?v=Rbh1rieb3zc&list=PLu0W_9lII9ahKZ42vg2w9ERPmShYbYAB7
Android Dev[12 Hr]- https://www.youtube.com/watch?v=mXjZQX3UzOs
Linux[1 Hr]:https://www.youtube.com/watch?v=_tCY-c-sPZc&list=PLu0W_9lII9ahKZ42vg2w9ERPmShYbYAB7
JQuery[1.1 Hr]:https://www.youtube.com/watch?v=YFlx1C8XwR0&list=PLu0W_9lII9ahKZ42vg2w9ERPmShYbYAB7
Git and GitHub[1.1 Hr]:https://www.youtube.com/watch?v=gwWKnnCMQ5c&list=PLu0W_9lII9ahKZ42vg2w9ERPmShYbYAB7

►Complete course [playlist]:
React: https://www.youtube.com/playlist?list=PLu0W_9lII9agx66oZnT6IyhcMIbUMNMdt
Python-https://www.youtube.com/playlist?list=PLu0W_9lII9agICnT8t4iYVSZ3eykIAOME
OOP Python-https://www.youtube.com/playlist?list=PLu0W_9lII9ahfRrhFcoB-4lpp9YaBmdCP
Java:https://www.youtube.com/playlist?list=PLu0W_9lII9agS67Uits0UnJyrYiXhDS6q
JavaScript- https://www.youtube.com/playlist?list=PLu0W_9lII9ajyk081To1Cbt2eI5913SsL
PHP-https://www.youtube.com/playlist?list=PLu0W_9lII9aikXkRE0WxDt1vozo3hnmtR
C-https://www.youtube.com/playlist?list=PLu0W_9lII9aiXlHcLx-mDH1Qul38wD3aR
C++-https://www.youtube.com/playlist?list=PLu0W_9lII9agpFUAlPFe_VNSlXW5uE0YL
Git & GitHub-https://www.youtube.com/playlist?list=PLu0W_9lII9ahVQekD7ePHmnirTePXwIln
Android Dev- https://www.youtube.com/playlist?list=PLu0W_9lII9aiL0kysYlfSOUgY5rNlOhUd
Python GUI- https://www.youtube.com/playlist?list=PLu0W_9lII9ajLcqRcj4PoEihkukF_OTzA
Web Development- https://www.youtube.com/playlist?list=PLu0W_9lII9agiCUZYRsvtGTXdxkzPyItg
Python Django:https://www.youtube.com/playlist?list=PLu0W_9lII9ah7DDtYtflgwMwpT3xmjXY9
Projects Using HTML, CSS & Javascript- https://www.youtube.com/playlist?list=PLu0W_9lII9aiQiOwthuSvinxoflmhRxM3
Data Structure and Algo:https://www.youtube.com/playlist?list=PLu0W_9lII9ahIappRPN0MCAgtOu3lQjQi 

Follow Me On Social Media
►Website (created using Django Rest & Angular): https://www.codewithharry.com
►Facebook: https://www.facebook.com/CodeWithHarry
►Instagram: https://www.instagram.com/codewithharry/ 
Twitter: https://twitter.com/CodeWithHarry
Comment ""#HarryBhai"" if you read this 😉😉",https://i.ytimg.com/vi/anGMeDGvZhw/maxresdefault.jpg,CodeWithHarry,415258,14908,1194,439,7:19,"7 Minutes, 19 Seconds",2023-10-11T15:49:45,https://www.youtube.com/watch?v=anGMeDGvZhw
CSS Selectors MasterClass | Sigma Web Development Course - Tutorial #17,"Latest Udemy Web dev Course With Certificate: https://goharry.in/webdev
Access the Sigma web development course playlist: https://www.youtube.com/playlist?list=PLu0W_9lII9agq5TrH9XLIKQvv0iaF2X3w
➡️ Source Code: https://github.com/CodeWithHarry/Sigma-Web-Dev-Course
➡️ Notes and CheatSheets: https://www.codewithharry.com/notes/
➡️ English Subtitles are now up for all the videos!

More on Pseudo Selector: https://web.dev/learn/css/pseudo-classes

TimeStamps:
00:00 Introduction 
00:47 Roll the Intro
00:57 Importance of Video #17 
01:30 Internal CSS
02:00 (Element Selector ) Selection of Div
03:24 Class Selector 
04:00 ID Sellector
04:45 Child Selector
06:28 Descendant Sellector
07:05 Universal Sellector
08:02 Pseudo Sellector
12:46 Important Notes
13:36 Sigma Outro

►Checkout my English channel here: https://www.youtube.com/channel/UC7btqG2Ww0_2LwuQxpvo2HQ
►Instagram: www.instagram.com/codewithharry

python, C, C++, Java, JavaScript and Other Cheatsheets [++]:
Playlist: https://www.youtube.com/playlist?list=PLu0W_9lII9agrsRZjFECeFuWY5ev2pQlk

►Learn in One Video[++]:
Python Course with 5 Projects: https://www.youtube.com/watch?v=fqF9M92jzUo
Python[15 Hr]: https://www.youtube.com/watch?v=gfDE2a7MKjA&list=PLu0W_9lII9ahKZ42vg2w9ERPmShYbYAB7
Python Advance[3.5 Hr]: https://www.youtube.com/watch?v=61a7UkDO50s&list=PLu0W_9lII9ahKZ42vg2w9ERPmShYbYAB7
Python[1 Hr]: https://www.youtube.com/watch?v=qHJjMvHLJdg&list=PLu0W_9lII9ahKZ42vg2w9ERPmShYbYAB7
Python[2 Hr]: https://www.youtube.com/watch?v=ihk_Xglr164&list=PLu0W_9lII9ahKZ42vg2w9ERPmShYbYAB7
Python[15 Min]:https://www.youtube.com/watch?v=fr1f84rg4Nw&list=PLu0W_9lII9ahKZ42vg2w9ERPmShYbYAB7
JavaScript[1 Hr]: https://www.youtube.com/watch?v=onbBV0uFVpo&list=PLu0W_9lII9ahKZ42vg2w9ERPmShYbYAB7
C[1.3 Hr]-https://www.youtube.com/watch?v=YXcgD8hRHYY&list=PLu0W_9lII9ahKZ42vg2w9ERPmShYbYAB7
php[1 Hr]: https://www.youtube.com/watch?v=xW7ro3lwaCI&list=PLu0W_9lII9ahKZ42vg2w9ERPmShYbYAB7
php[2.3 Hr]:https://www.youtube.com/watch?v=1SnPKhCdlsU&list=PLu0W_9lII9ahKZ42vg2w9ERPmShYbYAB7
php[Project]- https://www.youtube.com/watch?v=-al2bECumKg&list=PLu0W_9lII9ahKZ42vg2w9ERPmShYbYAB7
HTML[30 Min]:https://www.youtube.com/watch?v=E3ByCRqE7Lo&list=PLu0W_9lII9ahKZ42vg2w9ERPmShYbYAB7
CSS[8.5 Hr]:https://www.youtube.com/watch?v=Edsxf_NBFrw&list=PLu0W_9lII9ahKZ42vg2w9ERPmShYbYAB7
CSS[1.4 Hr]:https://www.youtube.com/watch?v=u5-K_ua9sOw&list=PLu0W_9lII9ahKZ42vg2w9ERPmShYbYAB7
Wordpress[3.2 Hr]:https://www.youtube.com/watch?v=GlLRYml8mCY&list=PLu0W_9lII9ahKZ42vg2w9ERPmShYbYAB7
Angular[2 Hr]:https://www.youtube.com/watch?v=0LhBvp8qpro&list=PLu0W_9lII9ahKZ42vg2w9ERPmShYbYAB7
Java[2.3 Hr]:https://www.youtube.com/watch?v=rV_3Lewxx6o&list=PLu0W_9lII9ahKZ42vg2w9ERPmShYbYAB7
Web Scraping[1 Hr]:https://www.youtube.com/watch?v=uufDGjTuq34&list=PLu0W_9lII9ahKZ42vg2w9ERPmShYbYAB7
MongoDB[2 Hr]:https://www.youtube.com/watch?v=oSIv-E60NiU&list=PLu0W_9lII9ahKZ42vg2w9ERPmShYbYAB7
Numpy[1 Hr]:https://www.youtube.com/watch?v=Rbh1rieb3zc&list=PLu0W_9lII9ahKZ42vg2w9ERPmShYbYAB7
Android Dev[12 Hr]- https://www.youtube.com/watch?v=mXjZQX3UzOs
Linux[1 Hr]:https://www.youtube.com/watch?v=_tCY-c-sPZc&list=PLu0W_9lII9ahKZ42vg2w9ERPmShYbYAB7
JQuery[1.1 Hr]:https://www.youtube.com/watch?v=YFlx1C8XwR0&list=PLu0W_9lII9ahKZ42vg2w9ERPmShYbYAB7
Git and GitHub[1.1 Hr]:https://www.youtube.com/watch?v=gwWKnnCMQ5c&list=PLu0W_9lII9ahKZ42vg2w9ERPmShYbYAB7

►Complete course [playlist]:
React: https://www.youtube.com/playlist?list=PLu0W_9lII9agx66oZnT6IyhcMIbUMNMdt
Python-https://www.youtube.com/playlist?list=PLu0W_9lII9agICnT8t4iYVSZ3eykIAOME
OOP Python-https://www.youtube.com/playlist?list=PLu0W_9lII9ahfRrhFcoB-4lpp9YaBmdCP
Java:https://www.youtube.com/playlist?list=PLu0W_9lII9agS67Uits0UnJyrYiXhDS6q
JavaScript- https://www.youtube.com/playlist?list=PLu0W_9lII9ajyk081To1Cbt2eI5913SsL
PHP-https://www.youtube.com/playlist?list=PLu0W_9lII9aikXkRE0WxDt1vozo3hnmtR
C-https://www.youtube.com/playlist?list=PLu0W_9lII9aiXlHcLx-mDH1Qul38wD3aR
C++-https://www.youtube.com/playlist?list=PLu0W_9lII9agpFUAlPFe_VNSlXW5uE0YL
Git & GitHub-https://www.youtube.com/playlist?list=PLu0W_9lII9ahVQekD7ePHmnirTePXwIln
Android Dev- https://www.youtube.com/playlist?list=PLu0W_9lII9aiL0kysYlfSOUgY5rNlOhUd
Python GUI- https://www.youtube.com/playlist?list=PLu0W_9lII9ajLcqRcj4PoEihkukF_OTzA
Web Development- https://www.youtube.com/playlist?list=PLu0W_9lII9agiCUZYRsvtGTXdxkzPyItg
Python Django:https://www.youtube.com/playlist?list=PLu0W_9lII9ah7DDtYtflgwMwpT3xmjXY9
Projects Using HTML, CSS & Javascript- https://www.youtube.com/playlist?list=PLu0W_9lII9aiQiOwthuSvinxoflmhRxM3
Data Structure and Algo:https://www.youtube.com/playlist?list=PLu0W_9lII9ahIappRPN0MCAgtOu3lQjQi 

Follow Me On Social Media
►Website (created using Django Rest & Angular): https://www.codewithharry.com
►Facebook: https://www.facebook.com/CodeWithHarry
►Instagram: https://www.instagram.com/codewithharry/ 
Twitter: https://twitter.com/CodeWithHarry
Comment ""#HarryBhai"" if you read this 😉😉",https://i.ytimg.com/vi/1cEG1T8beO4/maxresdefault.jpg,CodeWithHarry,644736,26688,2873,840,14:00,"14 Minutes, 0 Seconds",2023-10-12T14:19:07,https://www.youtube.com/watch?v=1cEG1T8beO4
"CSS Box Model - Margin, Padding & Borders | Sigma Web Development Course - Tutorial #18","Latest Udemy Web dev Course With Certificate: https://goharry.in/webdev
Access the Sigma web development course playlist: https://www.youtube.com/playlist?list=PLu0W_9lII9agq5TrH9XLIKQvv0iaF2X3w
➡️ Source Code: https://github.com/CodeWithHarry/Sigma-Web-Dev-Course
➡️ Notes and CheatSheets: https://www.codewithharry.com/notes/
➡️ English Subtitles are now up for all the videos!
TimeStamps:
00:00 Introduction
00:26 Sigma Web Development Intro
00:35 CSS Box model
14:50 Margin Collapse
16:43 Conclusion
17:18 Sigma Outro

►Checkout my English channel here: https://www.youtube.com/channel/UC7btqG2Ww0_2LwuQxpvo2HQ
►Instagram: www.instagram.com/codewithharry

python, C, C++, Java, JavaScript and Other Cheatsheets [++]:
Playlist: https://www.youtube.com/playlist?list=PLu0W_9lII9agrsRZjFECeFuWY5ev2pQlk

►Learn in One Video[++]:
Python Course with 5 Projects: https://www.youtube.com/watch?v=fqF9M92jzUo
Python[15 Hr]: https://www.youtube.com/watch?v=gfDE2a7MKjA&list=PLu0W_9lII9ahKZ42vg2w9ERPmShYbYAB7
Python Advance[3.5 Hr]: https://www.youtube.com/watch?v=61a7UkDO50s&list=PLu0W_9lII9ahKZ42vg2w9ERPmShYbYAB7
Python[1 Hr]: https://www.youtube.com/watch?v=qHJjMvHLJdg&list=PLu0W_9lII9ahKZ42vg2w9ERPmShYbYAB7
Python[2 Hr]: https://www.youtube.com/watch?v=ihk_Xglr164&list=PLu0W_9lII9ahKZ42vg2w9ERPmShYbYAB7
Python[15 Min]:https://www.youtube.com/watch?v=fr1f84rg4Nw&list=PLu0W_9lII9ahKZ42vg2w9ERPmShYbYAB7
JavaScript[1 Hr]: https://www.youtube.com/watch?v=onbBV0uFVpo&list=PLu0W_9lII9ahKZ42vg2w9ERPmShYbYAB7
C[1.3 Hr]-https://www.youtube.com/watch?v=YXcgD8hRHYY&list=PLu0W_9lII9ahKZ42vg2w9ERPmShYbYAB7
php[1 Hr]: https://www.youtube.com/watch?v=xW7ro3lwaCI&list=PLu0W_9lII9ahKZ42vg2w9ERPmShYbYAB7
php[2.3 Hr]:https://www.youtube.com/watch?v=1SnPKhCdlsU&list=PLu0W_9lII9ahKZ42vg2w9ERPmShYbYAB7
php[Project]- https://www.youtube.com/watch?v=-al2bECumKg&list=PLu0W_9lII9ahKZ42vg2w9ERPmShYbYAB7
HTML[30 Min]:https://www.youtube.com/watch?v=E3ByCRqE7Lo&list=PLu0W_9lII9ahKZ42vg2w9ERPmShYbYAB7
CSS[8.5 Hr]:https://www.youtube.com/watch?v=Edsxf_NBFrw&list=PLu0W_9lII9ahKZ42vg2w9ERPmShYbYAB7
CSS[1.4 Hr]:https://www.youtube.com/watch?v=u5-K_ua9sOw&list=PLu0W_9lII9ahKZ42vg2w9ERPmShYbYAB7
Wordpress[3.2 Hr]:https://www.youtube.com/watch?v=GlLRYml8mCY&list=PLu0W_9lII9ahKZ42vg2w9ERPmShYbYAB7
Angular[2 Hr]:https://www.youtube.com/watch?v=0LhBvp8qpro&list=PLu0W_9lII9ahKZ42vg2w9ERPmShYbYAB7
Java[2.3 Hr]:https://www.youtube.com/watch?v=rV_3Lewxx6o&list=PLu0W_9lII9ahKZ42vg2w9ERPmShYbYAB7
Web Scraping[1 Hr]:https://www.youtube.com/watch?v=uufDGjTuq34&list=PLu0W_9lII9ahKZ42vg2w9ERPmShYbYAB7
MongoDB[2 Hr]:https://www.youtube.com/watch?v=oSIv-E60NiU&list=PLu0W_9lII9ahKZ42vg2w9ERPmShYbYAB7
Numpy[1 Hr]:https://www.youtube.com/watch?v=Rbh1rieb3zc&list=PLu0W_9lII9ahKZ42vg2w9ERPmShYbYAB7
Android Dev[12 Hr]- https://www.youtube.com/watch?v=mXjZQX3UzOs
Linux[1 Hr]:https://www.youtube.com/watch?v=_tCY-c-sPZc&list=PLu0W_9lII9ahKZ42vg2w9ERPmShYbYAB7
JQuery[1.1 Hr]:https://www.youtube.com/watch?v=YFlx1C8XwR0&list=PLu0W_9lII9ahKZ42vg2w9ERPmShYbYAB7
Git and GitHub[1.1 Hr]:https://www.youtube.com/watch?v=gwWKnnCMQ5c&list=PLu0W_9lII9ahKZ42vg2w9ERPmShYbYAB7

►Complete course [playlist]:
React: https://www.youtube.com/playlist?list=PLu0W_9lII9agx66oZnT6IyhcMIbUMNMdt
Python-https://www.youtube.com/playlist?list=PLu0W_9lII9agICnT8t4iYVSZ3eykIAOME
OOP Python-https://www.youtube.com/playlist?list=PLu0W_9lII9ahfRrhFcoB-4lpp9YaBmdCP
Java:https://www.youtube.com/playlist?list=PLu0W_9lII9agS67Uits0UnJyrYiXhDS6q
JavaScript- https://www.youtube.com/playlist?list=PLu0W_9lII9ajyk081To1Cbt2eI5913SsL
PHP-https://www.youtube.com/playlist?list=PLu0W_9lII9aikXkRE0WxDt1vozo3hnmtR
C-https://www.youtube.com/playlist?list=PLu0W_9lII9aiXlHcLx-mDH1Qul38wD3aR
C++-https://www.youtube.com/playlist?list=PLu0W_9lII9agpFUAlPFe_VNSlXW5uE0YL
Git & GitHub-https://www.youtube.com/playlist?list=PLu0W_9lII9ahVQekD7ePHmnirTePXwIln
Android Dev- https://www.youtube.com/playlist?list=PLu0W_9lII9aiL0kysYlfSOUgY5rNlOhUd
Python GUI- https://www.youtube.com/playlist?list=PLu0W_9lII9ajLcqRcj4PoEihkukF_OTzA
Web Development- https://www.youtube.com/playlist?list=PLu0W_9lII9agiCUZYRsvtGTXdxkzPyItg
Python Django:https://www.youtube.com/playlist?list=PLu0W_9lII9ah7DDtYtflgwMwpT3xmjXY9
Projects Using HTML, CSS & Javascript- https://www.youtube.com/playlist?list=PLu0W_9lII9aiQiOwthuSvinxoflmhRxM3
Data Structure and Algo:https://www.youtube.com/playlist?list=PLu0W_9lII9ahIappRPN0MCAgtOu3lQjQi 

Follow Me On Social Media
►Website (created using Django Rest & Angular): https://www.codewithharry.com
►Facebook: https://www.facebook.com/CodeWithHarry
►Instagram: https://www.instagram.com/codewithharry/ 
Twitter: https://twitter.com/CodeWithHarry
Comment ""#HarryBhai"" if you read this 😉😉",https://i.ytimg.com/vi/Xrxd6cEajhM/maxresdefault.jpg,CodeWithHarry,634801,28058,5068,1061,17:41,"17 Minutes, 41 Seconds",2023-10-13T12:46:55,https://www.youtube.com/watch?v=Xrxd6cEajhM
"CSS Fonts, Text & Color Properties | Sigma Web Development Course - Tutorial #19","Latest Udemy Web dev Course With Certificate: https://goharry.in/webdev 
Access the Sigma web development course playlist: https://www.youtube.com/playlist?list=PLu0W_9lII9agq5TrH9XLIKQvv0iaF2X3w
➡️ Source Code: https://github.com/CodeWithHarry/Sigma-Web-Dev-Course
➡️ Notes and CheatSheets: https://www.codewithharry.com/notes/
➡️ English Subtitles are now up for all the videos!

TimeStamps ⌚
Introduction - 00:00
Sigma Web Development Intro - 00:20
Fonts - 00:30
Font Properties - 09:35
Line Height - 11:58
Letter Spacing - 13:20
Text Decorations - 14:01
Colors - 21:37
Conclusion - 30:54
Sigma Outro - 31:46
►Checkout my English channel here: https://www.youtube.com/channel/UC7btqG2Ww0_2LwuQxpvo2HQ
►Instagram: www.instagram.com/codewithharry

python, C, C++, Java, JavaScript and Other Cheatsheets [++]:
Playlist: https://www.youtube.com/playlist?list=PLu0W_9lII9agrsRZjFECeFuWY5ev2pQlk

►Learn in One Video[++]:
Python Course with 5 Projects: https://www.youtube.com/watch?v=fqF9M92jzUo
Python[15 Hr]: https://www.youtube.com/watch?v=gfDE2a7MKjA&list=PLu0W_9lII9ahKZ42vg2w9ERPmShYbYAB7
Python Advance[3.5 Hr]: https://www.youtube.com/watch?v=61a7UkDO50s&list=PLu0W_9lII9ahKZ42vg2w9ERPmShYbYAB7
Python[1 Hr]: https://www.youtube.com/watch?v=qHJjMvHLJdg&list=PLu0W_9lII9ahKZ42vg2w9ERPmShYbYAB7
Python[2 Hr]: https://www.youtube.com/watch?v=ihk_Xglr164&list=PLu0W_9lII9ahKZ42vg2w9ERPmShYbYAB7
Python[15 Min]:https://www.youtube.com/watch?v=fr1f84rg4Nw&list=PLu0W_9lII9ahKZ42vg2w9ERPmShYbYAB7
JavaScript[1 Hr]: https://www.youtube.com/watch?v=onbBV0uFVpo&list=PLu0W_9lII9ahKZ42vg2w9ERPmShYbYAB7
C[1.3 Hr]-https://www.youtube.com/watch?v=YXcgD8hRHYY&list=PLu0W_9lII9ahKZ42vg2w9ERPmShYbYAB7
php[1 Hr]: https://www.youtube.com/watch?v=xW7ro3lwaCI&list=PLu0W_9lII9ahKZ42vg2w9ERPmShYbYAB7
php[2.3 Hr]:https://www.youtube.com/watch?v=1SnPKhCdlsU&list=PLu0W_9lII9ahKZ42vg2w9ERPmShYbYAB7
php[Project]- https://www.youtube.com/watch?v=-al2bECumKg&list=PLu0W_9lII9ahKZ42vg2w9ERPmShYbYAB7
HTML[30 Min]:https://www.youtube.com/watch?v=E3ByCRqE7Lo&list=PLu0W_9lII9ahKZ42vg2w9ERPmShYbYAB7
CSS[8.5 Hr]:https://www.youtube.com/watch?v=Edsxf_NBFrw&list=PLu0W_9lII9ahKZ42vg2w9ERPmShYbYAB7
CSS[1.4 Hr]:https://www.youtube.com/watch?v=u5-K_ua9sOw&list=PLu0W_9lII9ahKZ42vg2w9ERPmShYbYAB7
Wordpress[3.2 Hr]:https://www.youtube.com/watch?v=GlLRYml8mCY&list=PLu0W_9lII9ahKZ42vg2w9ERPmShYbYAB7
Angular[2 Hr]:https://www.youtube.com/watch?v=0LhBvp8qpro&list=PLu0W_9lII9ahKZ42vg2w9ERPmShYbYAB7
Java[2.3 Hr]:https://www.youtube.com/watch?v=rV_3Lewxx6o&list=PLu0W_9lII9ahKZ42vg2w9ERPmShYbYAB7
Web Scraping[1 Hr]:https://www.youtube.com/watch?v=uufDGjTuq34&list=PLu0W_9lII9ahKZ42vg2w9ERPmShYbYAB7
MongoDB[2 Hr]:https://www.youtube.com/watch?v=oSIv-E60NiU&list=PLu0W_9lII9ahKZ42vg2w9ERPmShYbYAB7
Numpy[1 Hr]:https://www.youtube.com/watch?v=Rbh1rieb3zc&list=PLu0W_9lII9ahKZ42vg2w9ERPmShYbYAB7
Android Dev[12 Hr]- https://www.youtube.com/watch?v=mXjZQX3UzOs
Linux[1 Hr]:https://www.youtube.com/watch?v=_tCY-c-sPZc&list=PLu0W_9lII9ahKZ42vg2w9ERPmShYbYAB7
JQuery[1.1 Hr]:https://www.youtube.com/watch?v=YFlx1C8XwR0&list=PLu0W_9lII9ahKZ42vg2w9ERPmShYbYAB7
Git and GitHub[1.1 Hr]:https://www.youtube.com/watch?v=gwWKnnCMQ5c&list=PLu0W_9lII9ahKZ42vg2w9ERPmShYbYAB7

►Complete course [playlist]:
React: https://www.youtube.com/playlist?list=PLu0W_9lII9agx66oZnT6IyhcMIbUMNMdt
Python-https://www.youtube.com/playlist?list=PLu0W_9lII9agICnT8t4iYVSZ3eykIAOME
OOP Python-https://www.youtube.com/playlist?list=PLu0W_9lII9ahfRrhFcoB-4lpp9YaBmdCP
Java:https://www.youtube.com/playlist?list=PLu0W_9lII9agS67Uits0UnJyrYiXhDS6q
JavaScript- https://www.youtube.com/playlist?list=PLu0W_9lII9ajyk081To1Cbt2eI5913SsL
PHP-https://www.youtube.com/playlist?list=PLu0W_9lII9aikXkRE0WxDt1vozo3hnmtR
C-https://www.youtube.com/playlist?list=PLu0W_9lII9aiXlHcLx-mDH1Qul38wD3aR
C++-https://www.youtube.com/playlist?list=PLu0W_9lII9agpFUAlPFe_VNSlXW5uE0YL
Git & GitHub-https://www.youtube.com/playlist?list=PLu0W_9lII9ahVQekD7ePHmnirTePXwIln
Android Dev- https://www.youtube.com/playlist?list=PLu0W_9lII9aiL0kysYlfSOUgY5rNlOhUd
Python GUI- https://www.youtube.com/playlist?list=PLu0W_9lII9ajLcqRcj4PoEihkukF_OTzA
Web Development- https://www.youtube.com/playlist?list=PLu0W_9lII9agiCUZYRsvtGTXdxkzPyItg
Python Django:https://www.youtube.com/playlist?list=PLu0W_9lII9ah7DDtYtflgwMwpT3xmjXY9
Projects Using HTML, CSS & Javascript- https://www.youtube.com/playlist?list=PLu0W_9lII9aiQiOwthuSvinxoflmhRxM3
Data Structure and Algo:https://www.youtube.com/playlist?list=PLu0W_9lII9ahIappRPN0MCAgtOu3lQjQi 

Follow Me On Social Media
►Website (created using Django Rest & Angular): https://www.codewithharry.com
►Facebook: https://www.facebook.com/CodeWithHarry
►Instagram: https://www.instagram.com/codewithharry/ 
Twitter: https://twitter.com/CodeWithHarry
Comment ""#HarryBhai"" if you read this 😉😉",https://i.ytimg.com/vi/aFicd4-YTfo/maxresdefault.jpg,CodeWithHarry,643711,33308,3541,1928,32:08,"32 Minutes, 8 Seconds",2023-10-14T13:55:57,https://www.youtube.com/watch?v=aFicd4-YTfo
Exercise 2 - CSS Challenge | Sigma Web Development Course - Tutorial #20,"Latest Udemy Web dev Course With Certificate: https://goharry.in/webdev
Access the Sigma web development course playlist: https://www.youtube.com/playlist?list=PLu0W_9lII9agq5TrH9XLIKQvv0iaF2X3w
➡️ Source Code: https://github.com/CodeWithHarry/Sigma-Web-Dev-Course
➡️ Notes and CheatSheets: https://www.codewithharry.com/notes/
➡️ English Subtitles are now up for all the videos!

TimeStamps ⌚
Introduction - 00:00
Sigma Web Development Intro - 00:32
Exercise Overview - 01:08
HTML Code Walkthrough - 01:58
CSS Challenge Explanation - 02:32
How to Comment Solutions - 03:15
Additional Resources - 03:36
Conclusion - 03:51
Sigma Outro - 03:55

►Checkout my English channel here: https://www.youtube.com/channel/UC7btqG2Ww0_2LwuQxpvo2HQ
►Instagram: www.instagram.com/codewithharry

python, C, C++, Java, JavaScript and Other Cheatsheets [++]:
Playlist: https://www.youtube.com/playlist?list=PLu0W_9lII9agrsRZjFECeFuWY5ev2pQlk

►Learn in One Video[++]:
Python Course with 5 Projects: https://www.youtube.com/watch?v=fqF9M92jzUo
Python[15 Hr]: https://www.youtube.com/watch?v=gfDE2a7MKjA&list=PLu0W_9lII9ahKZ42vg2w9ERPmShYbYAB7
Python Advance[3.5 Hr]: https://www.youtube.com/watch?v=61a7UkDO50s&list=PLu0W_9lII9ahKZ42vg2w9ERPmShYbYAB7
Python[1 Hr]: https://www.youtube.com/watch?v=qHJjMvHLJdg&list=PLu0W_9lII9ahKZ42vg2w9ERPmShYbYAB7
Python[2 Hr]: https://www.youtube.com/watch?v=ihk_Xglr164&list=PLu0W_9lII9ahKZ42vg2w9ERPmShYbYAB7
Python[15 Min]:https://www.youtube.com/watch?v=fr1f84rg4Nw&list=PLu0W_9lII9ahKZ42vg2w9ERPmShYbYAB7
JavaScript[1 Hr]: https://www.youtube.com/watch?v=onbBV0uFVpo&list=PLu0W_9lII9ahKZ42vg2w9ERPmShYbYAB7
C[1.3 Hr]-https://www.youtube.com/watch?v=YXcgD8hRHYY&list=PLu0W_9lII9ahKZ42vg2w9ERPmShYbYAB7
php[1 Hr]: https://www.youtube.com/watch?v=xW7ro3lwaCI&list=PLu0W_9lII9ahKZ42vg2w9ERPmShYbYAB7
php[2.3 Hr]:https://www.youtube.com/watch?v=1SnPKhCdlsU&list=PLu0W_9lII9ahKZ42vg2w9ERPmShYbYAB7
php[Project]- https://www.youtube.com/watch?v=-al2bECumKg&list=PLu0W_9lII9ahKZ42vg2w9ERPmShYbYAB7
HTML[30 Min]:https://www.youtube.com/watch?v=E3ByCRqE7Lo&list=PLu0W_9lII9ahKZ42vg2w9ERPmShYbYAB7
CSS[8.5 Hr]:https://www.youtube.com/watch?v=Edsxf_NBFrw&list=PLu0W_9lII9ahKZ42vg2w9ERPmShYbYAB7
CSS[1.4 Hr]:https://www.youtube.com/watch?v=u5-K_ua9sOw&list=PLu0W_9lII9ahKZ42vg2w9ERPmShYbYAB7
Wordpress[3.2 Hr]:https://www.youtube.com/watch?v=GlLRYml8mCY&list=PLu0W_9lII9ahKZ42vg2w9ERPmShYbYAB7
Angular[2 Hr]:https://www.youtube.com/watch?v=0LhBvp8qpro&list=PLu0W_9lII9ahKZ42vg2w9ERPmShYbYAB7
Java[2.3 Hr]:https://www.youtube.com/watch?v=rV_3Lewxx6o&list=PLu0W_9lII9ahKZ42vg2w9ERPmShYbYAB7
Web Scraping[1 Hr]:https://www.youtube.com/watch?v=uufDGjTuq34&list=PLu0W_9lII9ahKZ42vg2w9ERPmShYbYAB7
MongoDB[2 Hr]:https://www.youtube.com/watch?v=oSIv-E60NiU&list=PLu0W_9lII9ahKZ42vg2w9ERPmShYbYAB7
Numpy[1 Hr]:https://www.youtube.com/watch?v=Rbh1rieb3zc&list=PLu0W_9lII9ahKZ42vg2w9ERPmShYbYAB7
Android Dev[12 Hr]- https://www.youtube.com/watch?v=mXjZQX3UzOs
Linux[1 Hr]:https://www.youtube.com/watch?v=_tCY-c-sPZc&list=PLu0W_9lII9ahKZ42vg2w9ERPmShYbYAB7
JQuery[1.1 Hr]:https://www.youtube.com/watch?v=YFlx1C8XwR0&list=PLu0W_9lII9ahKZ42vg2w9ERPmShYbYAB7
Git and GitHub[1.1 Hr]:https://www.youtube.com/watch?v=gwWKnnCMQ5c&list=PLu0W_9lII9ahKZ42vg2w9ERPmShYbYAB7

►Complete course [playlist]:
React: https://www.youtube.com/playlist?list=PLu0W_9lII9agx66oZnT6IyhcMIbUMNMdt
Python-https://www.youtube.com/playlist?list=PLu0W_9lII9agICnT8t4iYVSZ3eykIAOME
OOP Python-https://www.youtube.com/playlist?list=PLu0W_9lII9ahfRrhFcoB-4lpp9YaBmdCP
Java:https://www.youtube.com/playlist?list=PLu0W_9lII9agS67Uits0UnJyrYiXhDS6q
JavaScript- https://www.youtube.com/playlist?list=PLu0W_9lII9ajyk081To1Cbt2eI5913SsL
PHP-https://www.youtube.com/playlist?list=PLu0W_9lII9aikXkRE0WxDt1vozo3hnmtR
C-https://www.youtube.com/playlist?list=PLu0W_9lII9aiXlHcLx-mDH1Qul38wD3aR
C++-https://www.youtube.com/playlist?list=PLu0W_9lII9agpFUAlPFe_VNSlXW5uE0YL
Git & GitHub-https://www.youtube.com/playlist?list=PLu0W_9lII9ahVQekD7ePHmnirTePXwIln
Android Dev- https://www.youtube.com/playlist?list=PLu0W_9lII9aiL0kysYlfSOUgY5rNlOhUd
Python GUI- https://www.youtube.com/playlist?list=PLu0W_9lII9ajLcqRcj4PoEihkukF_OTzA
Web Development- https://www.youtube.com/playlist?list=PLu0W_9lII9agiCUZYRsvtGTXdxkzPyItg
Python Django:https://www.youtube.com/playlist?list=PLu0W_9lII9ah7DDtYtflgwMwpT3xmjXY9
Projects Using HTML, CSS & Javascript- https://www.youtube.com/playlist?list=PLu0W_9lII9aiQiOwthuSvinxoflmhRxM3
Data Structure and Algo:https://www.youtube.com/playlist?list=PLu0W_9lII9ahIappRPN0MCAgtOu3lQjQi 

Follow Me On Social Media
►Website (created using Django Rest & Angular): https://www.codewithharry.com
►Facebook: https://www.facebook.com/CodeWithHarry
►Instagram: https://www.instagram.com/codewithharry/ 
Twitter: https://twitter.com/CodeWithHarry
Comment ""#HarryBhai"" if you read this 😉😉",https://i.ytimg.com/vi/4aBolpJoutw/maxresdefault.jpg,CodeWithHarry,402991,17336,11583,259,4:19,"4 Minutes, 19 Seconds",2023-10-15T14:40:42,https://www.youtube.com/watch?v=4aBolpJoutw
CSS Specificity & Cascade | Sigma Web Development Course - Tutorial #21,"Latest Udemy Web dev Course With Certificate: https://goharry.in/webdev
Access the Sigma web development course playlist: https://www.youtube.com/playlist?list=PLu0W_9lII9agq5TrH9XLIKQvv0iaF2X3w
➡️ Source Code: https://github.com/CodeWithHarry/Sigma-Web-Dev-Course
➡️ Notes and CheatSheets: https://www.codewithharry.com/notes/
➡️ English Subtitles are now up for all the videos!

TimeStamps ⌚
Introduction - 00:00
Sigma Web Development Intro - 00:32
What is Specificity in CSS - 01:21
Exploring Different Classes - 01:58
Cascade Algorithm in CSS - 02:36
Best Practices in CSS - 18:06
Conclusion - 19:25
Sigma Outro - 19:44


►Checkout my English channel here: https://www.youtube.com/channel/UC7btqG2Ww0_2LwuQxpvo2HQ
►Instagram: www.instagram.com/codewithharry

python, C, C++, Java, JavaScript and Other Cheatsheets [++]:
Playlist: https://www.youtube.com/playlist?list=PLu0W_9lII9agrsRZjFECeFuWY5ev2pQlk

►Learn in One Video[++]:
Python Course with 5 Projects: https://www.youtube.com/watch?v=fqF9M92jzUo
Python[15 Hr]: https://www.youtube.com/watch?v=gfDE2a7MKjA&list=PLu0W_9lII9ahKZ42vg2w9ERPmShYbYAB7
Python Advance[3.5 Hr]: https://www.youtube.com/watch?v=61a7UkDO50s&list=PLu0W_9lII9ahKZ42vg2w9ERPmShYbYAB7
Python[1 Hr]: https://www.youtube.com/watch?v=qHJjMvHLJdg&list=PLu0W_9lII9ahKZ42vg2w9ERPmShYbYAB7
Python[2 Hr]: https://www.youtube.com/watch?v=ihk_Xglr164&list=PLu0W_9lII9ahKZ42vg2w9ERPmShYbYAB7
Python[15 Min]:https://www.youtube.com/watch?v=fr1f84rg4Nw&list=PLu0W_9lII9ahKZ42vg2w9ERPmShYbYAB7
JavaScript[1 Hr]: https://www.youtube.com/watch?v=onbBV0uFVpo&list=PLu0W_9lII9ahKZ42vg2w9ERPmShYbYAB7
C[1.3 Hr]-https://www.youtube.com/watch?v=YXcgD8hRHYY&list=PLu0W_9lII9ahKZ42vg2w9ERPmShYbYAB7
php[1 Hr]: https://www.youtube.com/watch?v=xW7ro3lwaCI&list=PLu0W_9lII9ahKZ42vg2w9ERPmShYbYAB7
php[2.3 Hr]:https://www.youtube.com/watch?v=1SnPKhCdlsU&list=PLu0W_9lII9ahKZ42vg2w9ERPmShYbYAB7
php[Project]- https://www.youtube.com/watch?v=-al2bECumKg&list=PLu0W_9lII9ahKZ42vg2w9ERPmShYbYAB7
HTML[30 Min]:https://www.youtube.com/watch?v=E3ByCRqE7Lo&list=PLu0W_9lII9ahKZ42vg2w9ERPmShYbYAB7
CSS[8.5 Hr]:https://www.youtube.com/watch?v=Edsxf_NBFrw&list=PLu0W_9lII9ahKZ42vg2w9ERPmShYbYAB7
CSS[1.4 Hr]:https://www.youtube.com/watch?v=u5-K_ua9sOw&list=PLu0W_9lII9ahKZ42vg2w9ERPmShYbYAB7
Wordpress[3.2 Hr]:https://www.youtube.com/watch?v=GlLRYml8mCY&list=PLu0W_9lII9ahKZ42vg2w9ERPmShYbYAB7
Angular[2 Hr]:https://www.youtube.com/watch?v=0LhBvp8qpro&list=PLu0W_9lII9ahKZ42vg2w9ERPmShYbYAB7
Java[2.3 Hr]:https://www.youtube.com/watch?v=rV_3Lewxx6o&list=PLu0W_9lII9ahKZ42vg2w9ERPmShYbYAB7
Web Scraping[1 Hr]:https://www.youtube.com/watch?v=uufDGjTuq34&list=PLu0W_9lII9ahKZ42vg2w9ERPmShYbYAB7
MongoDB[2 Hr]:https://www.youtube.com/watch?v=oSIv-E60NiU&list=PLu0W_9lII9ahKZ42vg2w9ERPmShYbYAB7
Numpy[1 Hr]:https://www.youtube.com/watch?v=Rbh1rieb3zc&list=PLu0W_9lII9ahKZ42vg2w9ERPmShYbYAB7
Android Dev[12 Hr]- https://www.youtube.com/watch?v=mXjZQX3UzOs
Linux[1 Hr]:https://www.youtube.com/watch?v=_tCY-c-sPZc&list=PLu0W_9lII9ahKZ42vg2w9ERPmShYbYAB7
JQuery[1.1 Hr]:https://www.youtube.com/watch?v=YFlx1C8XwR0&list=PLu0W_9lII9ahKZ42vg2w9ERPmShYbYAB7
Git and GitHub[1.1 Hr]:https://www.youtube.com/watch?v=gwWKnnCMQ5c&list=PLu0W_9lII9ahKZ42vg2w9ERPmShYbYAB7

►Complete course [playlist]:
React: https://www.youtube.com/playlist?list=PLu0W_9lII9agx66oZnT6IyhcMIbUMNMdt
Python-https://www.youtube.com/playlist?list=PLu0W_9lII9agICnT8t4iYVSZ3eykIAOME
OOP Python-https://www.youtube.com/playlist?list=PLu0W_9lII9ahfRrhFcoB-4lpp9YaBmdCP
Java:https://www.youtube.com/playlist?list=PLu0W_9lII9agS67Uits0UnJyrYiXhDS6q
JavaScript- https://www.youtube.com/playlist?list=PLu0W_9lII9ajyk081To1Cbt2eI5913SsL
PHP-https://www.youtube.com/playlist?list=PLu0W_9lII9aikXkRE0WxDt1vozo3hnmtR
C-https://www.youtube.com/playlist?list=PLu0W_9lII9aiXlHcLx-mDH1Qul38wD3aR
C++-https://www.youtube.com/playlist?list=PLu0W_9lII9agpFUAlPFe_VNSlXW5uE0YL
Git & GitHub-https://www.youtube.com/playlist?list=PLu0W_9lII9ahVQekD7ePHmnirTePXwIln
Android Dev- https://www.youtube.com/playlist?list=PLu0W_9lII9aiL0kysYlfSOUgY5rNlOhUd
Python GUI- https://www.youtube.com/playlist?list=PLu0W_9lII9ajLcqRcj4PoEihkukF_OTzA
Web Development- https://www.youtube.com/playlist?list=PLu0W_9lII9agiCUZYRsvtGTXdxkzPyItg
Python Django:https://www.youtube.com/playlist?list=PLu0W_9lII9ah7DDtYtflgwMwpT3xmjXY9
Projects Using HTML, CSS & Javascript- https://www.youtube.com/playlist?list=PLu0W_9lII9aiQiOwthuSvinxoflmhRxM3
Data Structure and Algo:https://www.youtube.com/playlist?list=PLu0W_9lII9ahIappRPN0MCAgtOu3lQjQi 

Follow Me On Social Media
►Website (created using Django Rest & Angular): https://www.codewithharry.com
►Facebook: https://www.facebook.com/CodeWithHarry
►Instagram: https://www.instagram.com/codewithharry/ 
Twitter: https://twitter.com/CodeWithHarry
Comment ""#HarryBhai"" if you read this 😉😉",https://i.ytimg.com/vi/uTcpbPMZlFE/maxresdefault.jpg,CodeWithHarry,519883,25990,3814,1207,20:07,"20 Minutes, 7 Seconds",2023-10-16T11:38:40,https://www.youtube.com/watch?v=uTcpbPMZlFE
"CSS Sizing Units - px, rem, em, vh, vw, % & more | Sigma Web Development Course - Tutorial #22","Latest Udemy Web dev Course With Certificate: https://goharry.in/webdev
Access the Sigma web development course playlist: https://www.youtube.com/playlist?list=PLu0W_9lII9agq5TrH9XLIKQvv0iaF2X3w
➡️ Source Code: https://github.com/CodeWithHarry/Sigma-Web-Dev-Course
➡️ Notes and CheatSheets: https://www.codewithharry.com/notes/
➡️ English Subtitles are now up for all the videos!

TimeStamps ⌚
00:00 Introduction
00:22 Sigma Web Development Course Intro
00:31 px
04:01 vw
07:31 vh
08:16 rem & em
13:38 vmin & vmax
16:41 More Units
25:43 Conclusion
26:01 Sigma Outro

►Checkout my English channel here: https://www.youtube.com/channel/UC7btqG2Ww0_2LwuQxpvo2HQ
►Instagram: www.instagram.com/codewithharry

python, C, C++, Java, JavaScript and Other Cheatsheets [++]:
Playlist: https://www.youtube.com/playlist?list=PLu0W_9lII9agrsRZjFECeFuWY5ev2pQlk

►Learn in One Video[++]:
Python Course with 5 Projects: https://www.youtube.com/watch?v=fqF9M92jzUo
Python[15 Hr]: https://www.youtube.com/watch?v=gfDE2a7MKjA&list=PLu0W_9lII9ahKZ42vg2w9ERPmShYbYAB7
Python Advance[3.5 Hr]: https://www.youtube.com/watch?v=61a7UkDO50s&list=PLu0W_9lII9ahKZ42vg2w9ERPmShYbYAB7
Python[1 Hr]: https://www.youtube.com/watch?v=qHJjMvHLJdg&list=PLu0W_9lII9ahKZ42vg2w9ERPmShYbYAB7
Python[2 Hr]: https://www.youtube.com/watch?v=ihk_Xglr164&list=PLu0W_9lII9ahKZ42vg2w9ERPmShYbYAB7
Python[15 Min]:https://www.youtube.com/watch?v=fr1f84rg4Nw&list=PLu0W_9lII9ahKZ42vg2w9ERPmShYbYAB7
JavaScript[1 Hr]: https://www.youtube.com/watch?v=onbBV0uFVpo&list=PLu0W_9lII9ahKZ42vg2w9ERPmShYbYAB7
C[1.3 Hr]-https://www.youtube.com/watch?v=YXcgD8hRHYY&list=PLu0W_9lII9ahKZ42vg2w9ERPmShYbYAB7
php[1 Hr]: https://www.youtube.com/watch?v=xW7ro3lwaCI&list=PLu0W_9lII9ahKZ42vg2w9ERPmShYbYAB7
php[2.3 Hr]:https://www.youtube.com/watch?v=1SnPKhCdlsU&list=PLu0W_9lII9ahKZ42vg2w9ERPmShYbYAB7
php[Project]- https://www.youtube.com/watch?v=-al2bECumKg&list=PLu0W_9lII9ahKZ42vg2w9ERPmShYbYAB7
HTML[30 Min]:https://www.youtube.com/watch?v=E3ByCRqE7Lo&list=PLu0W_9lII9ahKZ42vg2w9ERPmShYbYAB7
CSS[8.5 Hr]:https://www.youtube.com/watch?v=Edsxf_NBFrw&list=PLu0W_9lII9ahKZ42vg2w9ERPmShYbYAB7
CSS[1.4 Hr]:https://www.youtube.com/watch?v=u5-K_ua9sOw&list=PLu0W_9lII9ahKZ42vg2w9ERPmShYbYAB7
Wordpress[3.2 Hr]:https://www.youtube.com/watch?v=GlLRYml8mCY&list=PLu0W_9lII9ahKZ42vg2w9ERPmShYbYAB7
Angular[2 Hr]:https://www.youtube.com/watch?v=0LhBvp8qpro&list=PLu0W_9lII9ahKZ42vg2w9ERPmShYbYAB7
Java[2.3 Hr]:https://www.youtube.com/watch?v=rV_3Lewxx6o&list=PLu0W_9lII9ahKZ42vg2w9ERPmShYbYAB7
Web Scraping[1 Hr]:https://www.youtube.com/watch?v=uufDGjTuq34&list=PLu0W_9lII9ahKZ42vg2w9ERPmShYbYAB7
MongoDB[2 Hr]:https://www.youtube.com/watch?v=oSIv-E60NiU&list=PLu0W_9lII9ahKZ42vg2w9ERPmShYbYAB7
Numpy[1 Hr]:https://www.youtube.com/watch?v=Rbh1rieb3zc&list=PLu0W_9lII9ahKZ42vg2w9ERPmShYbYAB7
Android Dev[12 Hr]- https://www.youtube.com/watch?v=mXjZQX3UzOs
Linux[1 Hr]:https://www.youtube.com/watch?v=_tCY-c-sPZc&list=PLu0W_9lII9ahKZ42vg2w9ERPmShYbYAB7
JQuery[1.1 Hr]:https://www.youtube.com/watch?v=YFlx1C8XwR0&list=PLu0W_9lII9ahKZ42vg2w9ERPmShYbYAB7
Git and GitHub[1.1 Hr]:https://www.youtube.com/watch?v=gwWKnnCMQ5c&list=PLu0W_9lII9ahKZ42vg2w9ERPmShYbYAB7

►Complete course [playlist]:
React: https://www.youtube.com/playlist?list=PLu0W_9lII9agx66oZnT6IyhcMIbUMNMdt
Python-https://www.youtube.com/playlist?list=PLu0W_9lII9agICnT8t4iYVSZ3eykIAOME
OOP Python-https://www.youtube.com/playlist?list=PLu0W_9lII9ahfRrhFcoB-4lpp9YaBmdCP
Java:https://www.youtube.com/playlist?list=PLu0W_9lII9agS67Uits0UnJyrYiXhDS6q
JavaScript- https://www.youtube.com/playlist?list=PLu0W_9lII9ajyk081To1Cbt2eI5913SsL
PHP-https://www.youtube.com/playlist?list=PLu0W_9lII9aikXkRE0WxDt1vozo3hnmtR
C-https://www.youtube.com/playlist?list=PLu0W_9lII9aiXlHcLx-mDH1Qul38wD3aR
C++-https://www.youtube.com/playlist?list=PLu0W_9lII9agpFUAlPFe_VNSlXW5uE0YL
Git & GitHub-https://www.youtube.com/playlist?list=PLu0W_9lII9ahVQekD7ePHmnirTePXwIln
Android Dev- https://www.youtube.com/playlist?list=PLu0W_9lII9aiL0kysYlfSOUgY5rNlOhUd
Python GUI- https://www.youtube.com/playlist?list=PLu0W_9lII9ajLcqRcj4PoEihkukF_OTzA
Web Development- https://www.youtube.com/playlist?list=PLu0W_9lII9agiCUZYRsvtGTXdxkzPyItg
Python Django:https://www.youtube.com/playlist?list=PLu0W_9lII9ah7DDtYtflgwMwpT3xmjXY9
Projects Using HTML, CSS & Javascript- https://www.youtube.com/playlist?list=PLu0W_9lII9aiQiOwthuSvinxoflmhRxM3
Data Structure and Algo:https://www.youtube.com/playlist?list=PLu0W_9lII9ahIappRPN0MCAgtOu3lQjQi 

Follow Me On Social Media
►Website (created using Django Rest & Angular): https://www.codewithharry.com
►Facebook: https://www.facebook.com/CodeWithHarry
►Instagram: https://www.instagram.com/codewithharry/ 
Twitter: https://twitter.com/CodeWithHarry
Comment ""#HarryBhai"" if you read this 😉😉",https://i.ytimg.com/vi/nkaAJYfRDVk/maxresdefault.jpg,CodeWithHarry,547821,21888,2532,1584,26:24,"26 Minutes, 24 Seconds",2023-10-17T14:15:59,https://www.youtube.com/watch?v=nkaAJYfRDVk
CSS Display Property | Sigma Web Development Course - Tutorial #23,"Latest Udemy Web dev Course With Certificate: https://goharry.in/webdev
Access the Sigma web development course playlist: https://www.youtube.com/playlist?list=PLu0W_9lII9agq5TrH9XLIKQvv0iaF2X3w
➡️ Source Code: https://github.com/CodeWithHarry/Sigma-Web-Dev-Course
➡️ Notes and CheatSheets: https://www.codewithharry.com/notes/
➡️ English Subtitles are now up for all the videos!

00:00 Introduction
00:35 Sigma Web Developer Course Intro00:45 Inline & block Properties
06:43 Display None
07:32 Visibility
08:04 Flex Box Example
09:16 Grid
09:31 More Resources
10:24 Conclusion
11:45 Sigma Outro


►Checkout my English channel here: https://www.youtube.com/channel/UC7btqG2Ww0_2LwuQxpvo2HQ
►Instagram: www.instagram.com/codewithharry

python, C, C++, Java, JavaScript and Other Cheatsheets [++]:
Playlist: https://www.youtube.com/playlist?list=PLu0W_9lII9agrsRZjFECeFuWY5ev2pQlk

►Learn in One Video[++]:
Python Course with 5 Projects: https://www.youtube.com/watch?v=fqF9M92jzUo
Python[15 Hr]: https://www.youtube.com/watch?v=gfDE2a7MKjA&list=PLu0W_9lII9ahKZ42vg2w9ERPmShYbYAB7
Python Advance[3.5 Hr]: https://www.youtube.com/watch?v=61a7UkDO50s&list=PLu0W_9lII9ahKZ42vg2w9ERPmShYbYAB7
Python[1 Hr]: https://www.youtube.com/watch?v=qHJjMvHLJdg&list=PLu0W_9lII9ahKZ42vg2w9ERPmShYbYAB7
Python[2 Hr]: https://www.youtube.com/watch?v=ihk_Xglr164&list=PLu0W_9lII9ahKZ42vg2w9ERPmShYbYAB7
Python[15 Min]:https://www.youtube.com/watch?v=fr1f84rg4Nw&list=PLu0W_9lII9ahKZ42vg2w9ERPmShYbYAB7
JavaScript[1 Hr]: https://www.youtube.com/watch?v=onbBV0uFVpo&list=PLu0W_9lII9ahKZ42vg2w9ERPmShYbYAB7
C[1.3 Hr]-https://www.youtube.com/watch?v=YXcgD8hRHYY&list=PLu0W_9lII9ahKZ42vg2w9ERPmShYbYAB7
php[1 Hr]: https://www.youtube.com/watch?v=xW7ro3lwaCI&list=PLu0W_9lII9ahKZ42vg2w9ERPmShYbYAB7
php[2.3 Hr]:https://www.youtube.com/watch?v=1SnPKhCdlsU&list=PLu0W_9lII9ahKZ42vg2w9ERPmShYbYAB7
php[Project]- https://www.youtube.com/watch?v=-al2bECumKg&list=PLu0W_9lII9ahKZ42vg2w9ERPmShYbYAB7
HTML[30 Min]:https://www.youtube.com/watch?v=E3ByCRqE7Lo&list=PLu0W_9lII9ahKZ42vg2w9ERPmShYbYAB7
CSS[8.5 Hr]:https://www.youtube.com/watch?v=Edsxf_NBFrw&list=PLu0W_9lII9ahKZ42vg2w9ERPmShYbYAB7
CSS[1.4 Hr]:https://www.youtube.com/watch?v=u5-K_ua9sOw&list=PLu0W_9lII9ahKZ42vg2w9ERPmShYbYAB7
Wordpress[3.2 Hr]:https://www.youtube.com/watch?v=GlLRYml8mCY&list=PLu0W_9lII9ahKZ42vg2w9ERPmShYbYAB7
Angular[2 Hr]:https://www.youtube.com/watch?v=0LhBvp8qpro&list=PLu0W_9lII9ahKZ42vg2w9ERPmShYbYAB7
Java[2.3 Hr]:https://www.youtube.com/watch?v=rV_3Lewxx6o&list=PLu0W_9lII9ahKZ42vg2w9ERPmShYbYAB7
Web Scraping[1 Hr]:https://www.youtube.com/watch?v=uufDGjTuq34&list=PLu0W_9lII9ahKZ42vg2w9ERPmShYbYAB7
MongoDB[2 Hr]:https://www.youtube.com/watch?v=oSIv-E60NiU&list=PLu0W_9lII9ahKZ42vg2w9ERPmShYbYAB7
Numpy[1 Hr]:https://www.youtube.com/watch?v=Rbh1rieb3zc&list=PLu0W_9lII9ahKZ42vg2w9ERPmShYbYAB7
Android Dev[12 Hr]- https://www.youtube.com/watch?v=mXjZQX3UzOs
Linux[1 Hr]:https://www.youtube.com/watch?v=_tCY-c-sPZc&list=PLu0W_9lII9ahKZ42vg2w9ERPmShYbYAB7
JQuery[1.1 Hr]:https://www.youtube.com/watch?v=YFlx1C8XwR0&list=PLu0W_9lII9ahKZ42vg2w9ERPmShYbYAB7
Git and GitHub[1.1 Hr]:https://www.youtube.com/watch?v=gwWKnnCMQ5c&list=PLu0W_9lII9ahKZ42vg2w9ERPmShYbYAB7

►Complete course [playlist]:
React: https://www.youtube.com/playlist?list=PLu0W_9lII9agx66oZnT6IyhcMIbUMNMdt
Python-https://www.youtube.com/playlist?list=PLu0W_9lII9agICnT8t4iYVSZ3eykIAOME
OOP Python-https://www.youtube.com/playlist?list=PLu0W_9lII9ahfRrhFcoB-4lpp9YaBmdCP
Java:https://www.youtube.com/playlist?list=PLu0W_9lII9agS67Uits0UnJyrYiXhDS6q
JavaScript- https://www.youtube.com/playlist?list=PLu0W_9lII9ajyk081To1Cbt2eI5913SsL
PHP-https://www.youtube.com/playlist?list=PLu0W_9lII9aikXkRE0WxDt1vozo3hnmtR
C-https://www.youtube.com/playlist?list=PLu0W_9lII9aiXlHcLx-mDH1Qul38wD3aR
C++-https://www.youtube.com/playlist?list=PLu0W_9lII9agpFUAlPFe_VNSlXW5uE0YL
Git & GitHub-https://www.youtube.com/playlist?list=PLu0W_9lII9ahVQekD7ePHmnirTePXwIln
Android Dev- https://www.youtube.com/playlist?list=PLu0W_9lII9aiL0kysYlfSOUgY5rNlOhUd
Python GUI- https://www.youtube.com/playlist?list=PLu0W_9lII9ajLcqRcj4PoEihkukF_OTzA
Web Development- https://www.youtube.com/playlist?list=PLu0W_9lII9agiCUZYRsvtGTXdxkzPyItg
Python Django:https://www.youtube.com/playlist?list=PLu0W_9lII9ah7DDtYtflgwMwpT3xmjXY9
Projects Using HTML, CSS & Javascript- https://www.youtube.com/playlist?list=PLu0W_9lII9aiQiOwthuSvinxoflmhRxM3
Data Structure and Algo:https://www.youtube.com/playlist?list=PLu0W_9lII9ahIappRPN0MCAgtOu3lQjQi 

Follow Me On Social Media
►Website (created using Django Rest & Angular): https://www.codewithharry.com
►Facebook: https://www.facebook.com/CodeWithHarry
►Instagram: https://www.instagram.com/codewithharry/ 
Twitter: https://twitter.com/CodeWithHarry
Comment ""#HarryBhai"" if you read this 😉😉",https://i.ytimg.com/vi/hRHV5cjEB1w/maxresdefault.jpg,CodeWithHarry,437606,21205,2285,728,12:08,"12 Minutes, 8 Seconds",2023-10-18T11:30:18,https://www.youtube.com/watch?v=hRHV5cjEB1w
CSS Shadows and Outlines | Sigma Web Development Course - Tutorial #24,"Latest Udemy Web dev Course With Certificate: https://goharry.in/webdev
Access the Sigma web development course playlist: https://www.youtube.com/playlist?list=PLu0W_9lII9agq5TrH9XLIKQvv0iaF2X3w
➡️ Source Code: https://github.com/CodeWithHarry/Sigma-Web-Dev-Course
➡️ Notes and CheatSheets: https://www.codewithharry.com/notes/
➡️ English Subtitles are now up for all the videos!

TimeStamps ⌚ 
00:00 Introduction
00:27 Sigma Web Developer Course Intro
00:37 Shadows
08:13 Outlines
10:28 Conclusion
12:48 Sigma Outro

►Checkout my English channel here: https://www.youtube.com/channel/UC7btqG2Ww0_2LwuQxpvo2HQ
►Instagram: www.instagram.com/codewithharry

python, C, C++, Java, JavaScript and Other Cheatsheets [++]:
Playlist: https://www.youtube.com/playlist?list=PLu0W_9lII9agrsRZjFECeFuWY5ev2pQlk

►Learn in One Video[++]:
Python Course with 5 Projects: https://www.youtube.com/watch?v=fqF9M92jzUo
Python[15 Hr]: https://www.youtube.com/watch?v=gfDE2a7MKjA&list=PLu0W_9lII9ahKZ42vg2w9ERPmShYbYAB7
Python Advance[3.5 Hr]: https://www.youtube.com/watch?v=61a7UkDO50s&list=PLu0W_9lII9ahKZ42vg2w9ERPmShYbYAB7
Python[1 Hr]: https://www.youtube.com/watch?v=qHJjMvHLJdg&list=PLu0W_9lII9ahKZ42vg2w9ERPmShYbYAB7
Python[2 Hr]: https://www.youtube.com/watch?v=ihk_Xglr164&list=PLu0W_9lII9ahKZ42vg2w9ERPmShYbYAB7
Python[15 Min]:https://www.youtube.com/watch?v=fr1f84rg4Nw&list=PLu0W_9lII9ahKZ42vg2w9ERPmShYbYAB7
JavaScript[1 Hr]: https://www.youtube.com/watch?v=onbBV0uFVpo&list=PLu0W_9lII9ahKZ42vg2w9ERPmShYbYAB7
C[1.3 Hr]-https://www.youtube.com/watch?v=YXcgD8hRHYY&list=PLu0W_9lII9ahKZ42vg2w9ERPmShYbYAB7
php[1 Hr]: https://www.youtube.com/watch?v=xW7ro3lwaCI&list=PLu0W_9lII9ahKZ42vg2w9ERPmShYbYAB7
php[2.3 Hr]:https://www.youtube.com/watch?v=1SnPKhCdlsU&list=PLu0W_9lII9ahKZ42vg2w9ERPmShYbYAB7
php[Project]- https://www.youtube.com/watch?v=-al2bECumKg&list=PLu0W_9lII9ahKZ42vg2w9ERPmShYbYAB7
HTML[30 Min]:https://www.youtube.com/watch?v=E3ByCRqE7Lo&list=PLu0W_9lII9ahKZ42vg2w9ERPmShYbYAB7
CSS[8.5 Hr]:https://www.youtube.com/watch?v=Edsxf_NBFrw&list=PLu0W_9lII9ahKZ42vg2w9ERPmShYbYAB7
CSS[1.4 Hr]:https://www.youtube.com/watch?v=u5-K_ua9sOw&list=PLu0W_9lII9ahKZ42vg2w9ERPmShYbYAB7
Wordpress[3.2 Hr]:https://www.youtube.com/watch?v=GlLRYml8mCY&list=PLu0W_9lII9ahKZ42vg2w9ERPmShYbYAB7
Angular[2 Hr]:https://www.youtube.com/watch?v=0LhBvp8qpro&list=PLu0W_9lII9ahKZ42vg2w9ERPmShYbYAB7
Java[2.3 Hr]:https://www.youtube.com/watch?v=rV_3Lewxx6o&list=PLu0W_9lII9ahKZ42vg2w9ERPmShYbYAB7
Web Scraping[1 Hr]:https://www.youtube.com/watch?v=uufDGjTuq34&list=PLu0W_9lII9ahKZ42vg2w9ERPmShYbYAB7
MongoDB[2 Hr]:https://www.youtube.com/watch?v=oSIv-E60NiU&list=PLu0W_9lII9ahKZ42vg2w9ERPmShYbYAB7
Numpy[1 Hr]:https://www.youtube.com/watch?v=Rbh1rieb3zc&list=PLu0W_9lII9ahKZ42vg2w9ERPmShYbYAB7
Android Dev[12 Hr]- https://www.youtube.com/watch?v=mXjZQX3UzOs
Linux[1 Hr]:https://www.youtube.com/watch?v=_tCY-c-sPZc&list=PLu0W_9lII9ahKZ42vg2w9ERPmShYbYAB7
JQuery[1.1 Hr]:https://www.youtube.com/watch?v=YFlx1C8XwR0&list=PLu0W_9lII9ahKZ42vg2w9ERPmShYbYAB7
Git and GitHub[1.1 Hr]:https://www.youtube.com/watch?v=gwWKnnCMQ5c&list=PLu0W_9lII9ahKZ42vg2w9ERPmShYbYAB7

►Complete course [playlist]:
React: https://www.youtube.com/playlist?list=PLu0W_9lII9agx66oZnT6IyhcMIbUMNMdt
Python-https://www.youtube.com/playlist?list=PLu0W_9lII9agICnT8t4iYVSZ3eykIAOME
OOP Python-https://www.youtube.com/playlist?list=PLu0W_9lII9ahfRrhFcoB-4lpp9YaBmdCP
Java:https://www.youtube.com/playlist?list=PLu0W_9lII9agS67Uits0UnJyrYiXhDS6q
JavaScript- https://www.youtube.com/playlist?list=PLu0W_9lII9ajyk081To1Cbt2eI5913SsL
PHP-https://www.youtube.com/playlist?list=PLu0W_9lII9aikXkRE0WxDt1vozo3hnmtR
C-https://www.youtube.com/playlist?list=PLu0W_9lII9aiXlHcLx-mDH1Qul38wD3aR
C++-https://www.youtube.com/playlist?list=PLu0W_9lII9agpFUAlPFe_VNSlXW5uE0YL
Git & GitHub-https://www.youtube.com/playlist?list=PLu0W_9lII9ahVQekD7ePHmnirTePXwIln
Android Dev- https://www.youtube.com/playlist?list=PLu0W_9lII9aiL0kysYlfSOUgY5rNlOhUd
Python GUI- https://www.youtube.com/playlist?list=PLu0W_9lII9ajLcqRcj4PoEihkukF_OTzA
Web Development- https://www.youtube.com/playlist?list=PLu0W_9lII9agiCUZYRsvtGTXdxkzPyItg
Python Django:https://www.youtube.com/playlist?list=PLu0W_9lII9ah7DDtYtflgwMwpT3xmjXY9
Projects Using HTML, CSS & Javascript- https://www.youtube.com/playlist?list=PLu0W_9lII9aiQiOwthuSvinxoflmhRxM3
Data Structure and Algo:https://www.youtube.com/playlist?list=PLu0W_9lII9ahIappRPN0MCAgtOu3lQjQi 

Follow Me On Social Media
►Website (created using Django Rest & Angular): https://www.codewithharry.com
►Facebook: https://www.facebook.com/CodeWithHarry
►Instagram: https://www.instagram.com/codewithharry/ 
Twitter: https://twitter.com/CodeWithHarry
Comment ""#HarryBhai"" if you read this 😉😉",https://i.ytimg.com/vi/BZJcNU648Tc/maxresdefault.jpg,CodeWithHarry,367636,23160,3457,790,13:10,"13 Minutes, 10 Seconds",2023-10-19T12:02:37,https://www.youtube.com/watch?v=BZJcNU648Tc
Styling Lists using CSS | Sigma Web Development Course - Tutorial #25,"Latest Udemy Web dev Course With Certificate: https://goharry.in/webdev
Access the Sigma web development course playlist: https://www.youtube.com/playlist?list=PLu0W_9lII9agq5TrH9XLIKQvv0iaF2X3w
➡️ Source Code: https://github.com/CodeWithHarry/Sigma-Web-Dev-Course
➡️ Notes and CheatSheets: https://www.codewithharry.com/notes/
➡️ English Subtitles are now up for all the videos!

Download UltraEdit Trial for Free: https://bit.ly/UltraEdit-CWH

TimeStamps ⌚ 
00:00 Introduction
00:37 Sigma Web Developer Course Intro
00:47 List Styling
05:55 Using Image as List Style
08:04 Creating a Navbar Using List
09:15 Conclusion
12:48 Sigma Outro

►Checkout my English channel here: https://www.youtube.com/channel/UC7btqG2Ww0_2LwuQxpvo2HQ
►Instagram: www.instagram.com/codewithharry

python, C, C++, Java, JavaScript and Other Cheatsheets [++]:
Playlist: https://www.youtube.com/playlist?list=PLu0W_9lII9agrsRZjFECeFuWY5ev2pQlk

►Learn in One Video[++]:
Python Course with 5 Projects: https://www.youtube.com/watch?v=fqF9M92jzUo
Python[15 Hr]: https://www.youtube.com/watch?v=gfDE2a7MKjA&list=PLu0W_9lII9ahKZ42vg2w9ERPmShYbYAB7
Python Advance[3.5 Hr]: https://www.youtube.com/watch?v=61a7UkDO50s&list=PLu0W_9lII9ahKZ42vg2w9ERPmShYbYAB7
Python[1 Hr]: https://www.youtube.com/watch?v=qHJjMvHLJdg&list=PLu0W_9lII9ahKZ42vg2w9ERPmShYbYAB7
Python[2 Hr]: https://www.youtube.com/watch?v=ihk_Xglr164&list=PLu0W_9lII9ahKZ42vg2w9ERPmShYbYAB7
Python[15 Min]:https://www.youtube.com/watch?v=fr1f84rg4Nw&list=PLu0W_9lII9ahKZ42vg2w9ERPmShYbYAB7
JavaScript[1 Hr]: https://www.youtube.com/watch?v=onbBV0uFVpo&list=PLu0W_9lII9ahKZ42vg2w9ERPmShYbYAB7
C[1.3 Hr]-https://www.youtube.com/watch?v=YXcgD8hRHYY&list=PLu0W_9lII9ahKZ42vg2w9ERPmShYbYAB7
php[1 Hr]: https://www.youtube.com/watch?v=xW7ro3lwaCI&list=PLu0W_9lII9ahKZ42vg2w9ERPmShYbYAB7
php[2.3 Hr]:https://www.youtube.com/watch?v=1SnPKhCdlsU&list=PLu0W_9lII9ahKZ42vg2w9ERPmShYbYAB7
php[Project]- https://www.youtube.com/watch?v=-al2bECumKg&list=PLu0W_9lII9ahKZ42vg2w9ERPmShYbYAB7
HTML[30 Min]:https://www.youtube.com/watch?v=E3ByCRqE7Lo&list=PLu0W_9lII9ahKZ42vg2w9ERPmShYbYAB7
CSS[8.5 Hr]:https://www.youtube.com/watch?v=Edsxf_NBFrw&list=PLu0W_9lII9ahKZ42vg2w9ERPmShYbYAB7
CSS[1.4 Hr]:https://www.youtube.com/watch?v=u5-K_ua9sOw&list=PLu0W_9lII9ahKZ42vg2w9ERPmShYbYAB7
Wordpress[3.2 Hr]:https://www.youtube.com/watch?v=GlLRYml8mCY&list=PLu0W_9lII9ahKZ42vg2w9ERPmShYbYAB7
Angular[2 Hr]:https://www.youtube.com/watch?v=0LhBvp8qpro&list=PLu0W_9lII9ahKZ42vg2w9ERPmShYbYAB7
Java[2.3 Hr]:https://www.youtube.com/watch?v=rV_3Lewxx6o&list=PLu0W_9lII9ahKZ42vg2w9ERPmShYbYAB7
Web Scraping[1 Hr]:https://www.youtube.com/watch?v=uufDGjTuq34&list=PLu0W_9lII9ahKZ42vg2w9ERPmShYbYAB7
MongoDB[2 Hr]:https://www.youtube.com/watch?v=oSIv-E60NiU&list=PLu0W_9lII9ahKZ42vg2w9ERPmShYbYAB7
Numpy[1 Hr]:https://www.youtube.com/watch?v=Rbh1rieb3zc&list=PLu0W_9lII9ahKZ42vg2w9ERPmShYbYAB7
Android Dev[12 Hr]- https://www.youtube.com/watch?v=mXjZQX3UzOs
Linux[1 Hr]:https://www.youtube.com/watch?v=_tCY-c-sPZc&list=PLu0W_9lII9ahKZ42vg2w9ERPmShYbYAB7
JQuery[1.1 Hr]:https://www.youtube.com/watch?v=YFlx1C8XwR0&list=PLu0W_9lII9ahKZ42vg2w9ERPmShYbYAB7
Git and GitHub[1.1 Hr]:https://www.youtube.com/watch?v=gwWKnnCMQ5c&list=PLu0W_9lII9ahKZ42vg2w9ERPmShYbYAB7

►Complete course [playlist]:
React: https://www.youtube.com/playlist?list=PLu0W_9lII9agx66oZnT6IyhcMIbUMNMdt
Python-https://www.youtube.com/playlist?list=PLu0W_9lII9agICnT8t4iYVSZ3eykIAOME
OOP Python-https://www.youtube.com/playlist?list=PLu0W_9lII9ahfRrhFcoB-4lpp9YaBmdCP
Java:https://www.youtube.com/playlist?list=PLu0W_9lII9agS67Uits0UnJyrYiXhDS6q
JavaScript- https://www.youtube.com/playlist?list=PLu0W_9lII9ajyk081To1Cbt2eI5913SsL
PHP-https://www.youtube.com/playlist?list=PLu0W_9lII9aikXkRE0WxDt1vozo3hnmtR
C-https://www.youtube.com/playlist?list=PLu0W_9lII9aiXlHcLx-mDH1Qul38wD3aR
C++-https://www.youtube.com/playlist?list=PLu0W_9lII9agpFUAlPFe_VNSlXW5uE0YL
Git & GitHub-https://www.youtube.com/playlist?list=PLu0W_9lII9ahVQekD7ePHmnirTePXwIln
Android Dev- https://www.youtube.com/playlist?list=PLu0W_9lII9aiL0kysYlfSOUgY5rNlOhUd
Python GUI- https://www.youtube.com/playlist?list=PLu0W_9lII9ajLcqRcj4PoEihkukF_OTzA
Web Development- https://www.youtube.com/playlist?list=PLu0W_9lII9agiCUZYRsvtGTXdxkzPyItg
Python Django:https://www.youtube.com/playlist?list=PLu0W_9lII9ah7DDtYtflgwMwpT3xmjXY9
Projects Using HTML, CSS & Javascript- https://www.youtube.com/playlist?list=PLu0W_9lII9aiQiOwthuSvinxoflmhRxM3
Data Structure and Algo:https://www.youtube.com/playlist?list=PLu0W_9lII9ahIappRPN0MCAgtOu3lQjQi 

Follow Me On Social Media
►Website (created using Django Rest & Angular): https://www.codewithharry.com
►Facebook: https://www.facebook.com/CodeWithHarry
►Instagram: https://www.instagram.com/codewithharry/ 
Twitter: https://twitter.com/CodeWithHarry
Comment ""#HarryBhai"" if you read this 😉😉",https://i.ytimg.com/vi/ZIofkptpXO8/maxresdefault.jpg,CodeWithHarry,334819,18130,3027,592,9:52,"9 Minutes, 52 Seconds",2023-10-20T11:51:37,https://www.youtube.com/watch?v=ZIofkptpXO8
CSS Overflow Property | Sigma Web Development Course - Tutorial #26,"Latest Udemy Web dev Course With Certificate: https://goharry.in/webdev
Access the Sigma web development course playlist: https://www.youtube.com/playlist?list=PLu0W_9lII9agq5TrH9XLIKQvv0iaF2X3w
➡️ Source Code: https://github.com/CodeWithHarry/Sigma-Web-Dev-Course
➡️ Notes and CheatSheets: https://www.codewithharry.com/notes/
➡️ English Subtitles are now up for all the videos!

TimeStamps ⌚
00:00 Introduction
00:28 Sigma Web Developer Course Intro
00:38 Overflow Property
07:31 Conclusion
07:58 Sigma Outro

►Checkout my English channel here: https://www.youtube.com/channel/UC7btqG2Ww0_2LwuQxpvo2HQ
►Instagram: www.instagram.com/codewithharry

python, C, C++, Java, JavaScript and Other Cheatsheets [++]:
Playlist: https://www.youtube.com/playlist?list=PLu0W_9lII9agrsRZjFECeFuWY5ev2pQlk

►Learn in One Video[++]:
Python Course with 5 Projects: https://www.youtube.com/watch?v=fqF9M92jzUo
Python[15 Hr]: https://www.youtube.com/watch?v=gfDE2a7MKjA&list=PLu0W_9lII9ahKZ42vg2w9ERPmShYbYAB7
Python Advance[3.5 Hr]: https://www.youtube.com/watch?v=61a7UkDO50s&list=PLu0W_9lII9ahKZ42vg2w9ERPmShYbYAB7
Python[1 Hr]: https://www.youtube.com/watch?v=qHJjMvHLJdg&list=PLu0W_9lII9ahKZ42vg2w9ERPmShYbYAB7
Python[2 Hr]: https://www.youtube.com/watch?v=ihk_Xglr164&list=PLu0W_9lII9ahKZ42vg2w9ERPmShYbYAB7
Python[15 Min]:https://www.youtube.com/watch?v=fr1f84rg4Nw&list=PLu0W_9lII9ahKZ42vg2w9ERPmShYbYAB7
JavaScript[1 Hr]: https://www.youtube.com/watch?v=onbBV0uFVpo&list=PLu0W_9lII9ahKZ42vg2w9ERPmShYbYAB7
C[1.3 Hr]-https://www.youtube.com/watch?v=YXcgD8hRHYY&list=PLu0W_9lII9ahKZ42vg2w9ERPmShYbYAB7
php[1 Hr]: https://www.youtube.com/watch?v=xW7ro3lwaCI&list=PLu0W_9lII9ahKZ42vg2w9ERPmShYbYAB7
php[2.3 Hr]:https://www.youtube.com/watch?v=1SnPKhCdlsU&list=PLu0W_9lII9ahKZ42vg2w9ERPmShYbYAB7
php[Project]- https://www.youtube.com/watch?v=-al2bECumKg&list=PLu0W_9lII9ahKZ42vg2w9ERPmShYbYAB7
HTML[30 Min]:https://www.youtube.com/watch?v=E3ByCRqE7Lo&list=PLu0W_9lII9ahKZ42vg2w9ERPmShYbYAB7
CSS[8.5 Hr]:https://www.youtube.com/watch?v=Edsxf_NBFrw&list=PLu0W_9lII9ahKZ42vg2w9ERPmShYbYAB7
CSS[1.4 Hr]:https://www.youtube.com/watch?v=u5-K_ua9sOw&list=PLu0W_9lII9ahKZ42vg2w9ERPmShYbYAB7
Wordpress[3.2 Hr]:https://www.youtube.com/watch?v=GlLRYml8mCY&list=PLu0W_9lII9ahKZ42vg2w9ERPmShYbYAB7
Angular[2 Hr]:https://www.youtube.com/watch?v=0LhBvp8qpro&list=PLu0W_9lII9ahKZ42vg2w9ERPmShYbYAB7
Java[2.3 Hr]:https://www.youtube.com/watch?v=rV_3Lewxx6o&list=PLu0W_9lII9ahKZ42vg2w9ERPmShYbYAB7
Web Scraping[1 Hr]:https://www.youtube.com/watch?v=uufDGjTuq34&list=PLu0W_9lII9ahKZ42vg2w9ERPmShYbYAB7
MongoDB[2 Hr]:https://www.youtube.com/watch?v=oSIv-E60NiU&list=PLu0W_9lII9ahKZ42vg2w9ERPmShYbYAB7
Numpy[1 Hr]:https://www.youtube.com/watch?v=Rbh1rieb3zc&list=PLu0W_9lII9ahKZ42vg2w9ERPmShYbYAB7
Android Dev[12 Hr]- https://www.youtube.com/watch?v=mXjZQX3UzOs
Linux[1 Hr]:https://www.youtube.com/watch?v=_tCY-c-sPZc&list=PLu0W_9lII9ahKZ42vg2w9ERPmShYbYAB7
JQuery[1.1 Hr]:https://www.youtube.com/watch?v=YFlx1C8XwR0&list=PLu0W_9lII9ahKZ42vg2w9ERPmShYbYAB7
Git and GitHub[1.1 Hr]:https://www.youtube.com/watch?v=gwWKnnCMQ5c&list=PLu0W_9lII9ahKZ42vg2w9ERPmShYbYAB7

►Complete course [playlist]:
React: https://www.youtube.com/playlist?list=PLu0W_9lII9agx66oZnT6IyhcMIbUMNMdt
Python-https://www.youtube.com/playlist?list=PLu0W_9lII9agICnT8t4iYVSZ3eykIAOME
OOP Python-https://www.youtube.com/playlist?list=PLu0W_9lII9ahfRrhFcoB-4lpp9YaBmdCP
Java:https://www.youtube.com/playlist?list=PLu0W_9lII9agS67Uits0UnJyrYiXhDS6q
JavaScript- https://www.youtube.com/playlist?list=PLu0W_9lII9ajyk081To1Cbt2eI5913SsL
PHP-https://www.youtube.com/playlist?list=PLu0W_9lII9aikXkRE0WxDt1vozo3hnmtR
C-https://www.youtube.com/playlist?list=PLu0W_9lII9aiXlHcLx-mDH1Qul38wD3aR
C++-https://www.youtube.com/playlist?list=PLu0W_9lII9agpFUAlPFe_VNSlXW5uE0YL
Git & GitHub-https://www.youtube.com/playlist?list=PLu0W_9lII9ahVQekD7ePHmnirTePXwIln
Android Dev- https://www.youtube.com/playlist?list=PLu0W_9lII9aiL0kysYlfSOUgY5rNlOhUd
Python GUI- https://www.youtube.com/playlist?list=PLu0W_9lII9ajLcqRcj4PoEihkukF_OTzA
Web Development- https://www.youtube.com/playlist?list=PLu0W_9lII9agiCUZYRsvtGTXdxkzPyItg
Python Django:https://www.youtube.com/playlist?list=PLu0W_9lII9ah7DDtYtflgwMwpT3xmjXY9
Projects Using HTML, CSS & Javascript- https://www.youtube.com/playlist?list=PLu0W_9lII9aiQiOwthuSvinxoflmhRxM3
Data Structure and Algo:https://www.youtube.com/playlist?list=PLu0W_9lII9ahIappRPN0MCAgtOu3lQjQi 

Follow Me On Social Media
►Website (created using Django Rest & Angular): https://www.codewithharry.com
►Facebook: https://www.facebook.com/CodeWithHarry
►Instagram: https://www.instagram.com/codewithharry/ 
Twitter: https://twitter.com/CodeWithHarry
Comment ""#HarryBhai"" if you read this 😉😉",https://i.ytimg.com/vi/ntlawluDB-c/maxresdefault.jpg,CodeWithHarry,320263,15938,1772,501,8:21,"8 Minutes, 21 Seconds",2023-10-21T11:44:36,https://www.youtube.com/watch?v=ntlawluDB-c
Exercise 2 - Solutions and Shoutouts | Sigma Web Development Course - Tutorial #27,"Latest Udemy Web dev Course With Certificate: https://goharry.in/webdev
Access the Sigma web development course playlist: https://www.youtube.com/playlist?list=PLu0W_9lII9agq5TrH9XLIKQvv0iaF2X3w
➡️ Source Code: https://github.com/CodeWithHarry/Sigma-Web-Dev-Course
➡️ Notes and CheatSheets: https://www.codewithharry.com/notes/
➡️ English Subtitles are now up for all the videos!

TimeStamps ⌚
00:00 Introduction
00:17 Sigma Web Developer Course Intro
00:27 Solution
04:31 Shoutouts
08:48 Conclusion
09:53 Sigma Outro

►Checkout my English channel here: https://www.youtube.com/channel/UC7btqG2Ww0_2LwuQxpvo2HQ
►Instagram: www.instagram.com/codewithharry

Download UltraEdit Trial for Free: https://bit.ly/UltraEdit-CWH

python, C, C++, Java, JavaScript and Other Cheatsheets [++]:
Playlist: https://www.youtube.com/playlist?list=PLu0W_9lII9agrsRZjFECeFuWY5ev2pQlk

►Learn in One Video[++]:
Python Course with 5 Projects: https://www.youtube.com/watch?v=fqF9M92jzUo
Python[15 Hr]: https://www.youtube.com/watch?v=gfDE2a7MKjA&list=PLu0W_9lII9ahKZ42vg2w9ERPmShYbYAB7
Python Advance[3.5 Hr]: https://www.youtube.com/watch?v=61a7UkDO50s&list=PLu0W_9lII9ahKZ42vg2w9ERPmShYbYAB7
Python[1 Hr]: https://www.youtube.com/watch?v=qHJjMvHLJdg&list=PLu0W_9lII9ahKZ42vg2w9ERPmShYbYAB7
Python[2 Hr]: https://www.youtube.com/watch?v=ihk_Xglr164&list=PLu0W_9lII9ahKZ42vg2w9ERPmShYbYAB7
Python[15 Min]:https://www.youtube.com/watch?v=fr1f84rg4Nw&list=PLu0W_9lII9ahKZ42vg2w9ERPmShYbYAB7
JavaScript[1 Hr]: https://www.youtube.com/watch?v=onbBV0uFVpo&list=PLu0W_9lII9ahKZ42vg2w9ERPmShYbYAB7
C[1.3 Hr]-https://www.youtube.com/watch?v=YXcgD8hRHYY&list=PLu0W_9lII9ahKZ42vg2w9ERPmShYbYAB7
php[1 Hr]: https://www.youtube.com/watch?v=xW7ro3lwaCI&list=PLu0W_9lII9ahKZ42vg2w9ERPmShYbYAB7
php[2.3 Hr]:https://www.youtube.com/watch?v=1SnPKhCdlsU&list=PLu0W_9lII9ahKZ42vg2w9ERPmShYbYAB7
php[Project]- https://www.youtube.com/watch?v=-al2bECumKg&list=PLu0W_9lII9ahKZ42vg2w9ERPmShYbYAB7
HTML[30 Min]:https://www.youtube.com/watch?v=E3ByCRqE7Lo&list=PLu0W_9lII9ahKZ42vg2w9ERPmShYbYAB7
CSS[8.5 Hr]:https://www.youtube.com/watch?v=Edsxf_NBFrw&list=PLu0W_9lII9ahKZ42vg2w9ERPmShYbYAB7
CSS[1.4 Hr]:https://www.youtube.com/watch?v=u5-K_ua9sOw&list=PLu0W_9lII9ahKZ42vg2w9ERPmShYbYAB7
Wordpress[3.2 Hr]:https://www.youtube.com/watch?v=GlLRYml8mCY&list=PLu0W_9lII9ahKZ42vg2w9ERPmShYbYAB7
Angular[2 Hr]:https://www.youtube.com/watch?v=0LhBvp8qpro&list=PLu0W_9lII9ahKZ42vg2w9ERPmShYbYAB7
Java[2.3 Hr]:https://www.youtube.com/watch?v=rV_3Lewxx6o&list=PLu0W_9lII9ahKZ42vg2w9ERPmShYbYAB7
Web Scraping[1 Hr]:https://www.youtube.com/watch?v=uufDGjTuq34&list=PLu0W_9lII9ahKZ42vg2w9ERPmShYbYAB7
MongoDB[2 Hr]:https://www.youtube.com/watch?v=oSIv-E60NiU&list=PLu0W_9lII9ahKZ42vg2w9ERPmShYbYAB7
Numpy[1 Hr]:https://www.youtube.com/watch?v=Rbh1rieb3zc&list=PLu0W_9lII9ahKZ42vg2w9ERPmShYbYAB7
Android Dev[12 Hr]- https://www.youtube.com/watch?v=mXjZQX3UzOs
Linux[1 Hr]:https://www.youtube.com/watch?v=_tCY-c-sPZc&list=PLu0W_9lII9ahKZ42vg2w9ERPmShYbYAB7
JQuery[1.1 Hr]:https://www.youtube.com/watch?v=YFlx1C8XwR0&list=PLu0W_9lII9ahKZ42vg2w9ERPmShYbYAB7
Git and GitHub[1.1 Hr]:https://www.youtube.com/watch?v=gwWKnnCMQ5c&list=PLu0W_9lII9ahKZ42vg2w9ERPmShYbYAB7

►Complete course [playlist]:
React: https://www.youtube.com/playlist?list=PLu0W_9lII9agx66oZnT6IyhcMIbUMNMdt
Python-https://www.youtube.com/playlist?list=PLu0W_9lII9agICnT8t4iYVSZ3eykIAOME
OOP Python-https://www.youtube.com/playlist?list=PLu0W_9lII9ahfRrhFcoB-4lpp9YaBmdCP
Java:https://www.youtube.com/playlist?list=PLu0W_9lII9agS67Uits0UnJyrYiXhDS6q
JavaScript- https://www.youtube.com/playlist?list=PLu0W_9lII9ajyk081To1Cbt2eI5913SsL
PHP-https://www.youtube.com/playlist?list=PLu0W_9lII9aikXkRE0WxDt1vozo3hnmtR
C-https://www.youtube.com/playlist?list=PLu0W_9lII9aiXlHcLx-mDH1Qul38wD3aR
C++-https://www.youtube.com/playlist?list=PLu0W_9lII9agpFUAlPFe_VNSlXW5uE0YL
Git & GitHub-https://www.youtube.com/playlist?list=PLu0W_9lII9ahVQekD7ePHmnirTePXwIln
Android Dev- https://www.youtube.com/playlist?list=PLu0W_9lII9aiL0kysYlfSOUgY5rNlOhUd
Python GUI- https://www.youtube.com/playlist?list=PLu0W_9lII9ajLcqRcj4PoEihkukF_OTzA
Web Development- https://www.youtube.com/playlist?list=PLu0W_9lII9agiCUZYRsvtGTXdxkzPyItg
Python Django:https://www.youtube.com/playlist?list=PLu0W_9lII9ah7DDtYtflgwMwpT3xmjXY9
Projects Using HTML, CSS & Javascript- https://www.youtube.com/playlist?list=PLu0W_9lII9aiQiOwthuSvinxoflmhRxM3
Data Structure and Algo:https://www.youtube.com/playlist?list=PLu0W_9lII9ahIappRPN0MCAgtOu3lQjQi 

Follow Me On Social Media
►Website (created using Django Rest & Angular): https://www.codewithharry.com
►Facebook: https://www.facebook.com/CodeWithHarry
►Instagram: https://www.instagram.com/codewithharry/ 
Twitter: https://twitter.com/CodeWithHarry
Comment ""#HarryBhai"" if you read this 😉😉",https://i.ytimg.com/vi/g1HJ65p5YdI/maxresdefault.jpg,CodeWithHarry,268328,10913,827,616,10:16,"10 Minutes, 16 Seconds",2023-10-22T14:35:53,https://www.youtube.com/watch?v=g1HJ65p5YdI
CSS Position Property | Sigma Web Development Course - Tutorial #28,"Latest Udemy Web dev Course With Certificate: https://goharry.in/webdev
Access the Sigma web development course playlist: https://www.youtube.com/playlist?list=PLu0W_9lII9agq5TrH9XLIKQvv0iaF2X3w
➡️ Source Code: https://github.com/CodeWithHarry/Sigma-Web-Dev-Course
➡️ Notes and CheatSheets: https://www.codewithharry.com/notes/
➡️ English Subtitles are now up for all the videos!

TimeStamps ⌚
00:00 Introduction
00:29 Sigma Web Developer Course Intro
00:39 Static Position
04:30 Relative Position
08:21 Absolute Position
12:50 Fixed Position
15:06 Sticky Position
17:59 More on Positions
22:36 Conclusion
23:32 Sigma Outro

►Checkout my English channel here: https://www.youtube.com/channel/UC7btqG2Ww0_2LwuQxpvo2HQ
►Instagram: www.instagram.com/codewithharry

Download UltraEdit Trial for Free: https://bit.ly/UltraEdit-CWH

python, C, C++, Java, JavaScript and Other Cheatsheets [++]:
Playlist: https://www.youtube.com/playlist?list=PLu0W_9lII9agrsRZjFECeFuWY5ev2pQlk

►Learn in One Video[++]:
Python Course with 5 Projects: https://www.youtube.com/watch?v=fqF9M92jzUo
Python[15 Hr]: https://www.youtube.com/watch?v=gfDE2a7MKjA&list=PLu0W_9lII9ahKZ42vg2w9ERPmShYbYAB7
Python Advance[3.5 Hr]: https://www.youtube.com/watch?v=61a7UkDO50s&list=PLu0W_9lII9ahKZ42vg2w9ERPmShYbYAB7
Python[1 Hr]: https://www.youtube.com/watch?v=qHJjMvHLJdg&list=PLu0W_9lII9ahKZ42vg2w9ERPmShYbYAB7
Python[2 Hr]: https://www.youtube.com/watch?v=ihk_Xglr164&list=PLu0W_9lII9ahKZ42vg2w9ERPmShYbYAB7
Python[15 Min]:https://www.youtube.com/watch?v=fr1f84rg4Nw&list=PLu0W_9lII9ahKZ42vg2w9ERPmShYbYAB7
JavaScript[1 Hr]: https://www.youtube.com/watch?v=onbBV0uFVpo&list=PLu0W_9lII9ahKZ42vg2w9ERPmShYbYAB7
C[1.3 Hr]-https://www.youtube.com/watch?v=YXcgD8hRHYY&list=PLu0W_9lII9ahKZ42vg2w9ERPmShYbYAB7
php[1 Hr]: https://www.youtube.com/watch?v=xW7ro3lwaCI&list=PLu0W_9lII9ahKZ42vg2w9ERPmShYbYAB7
php[2.3 Hr]:https://www.youtube.com/watch?v=1SnPKhCdlsU&list=PLu0W_9lII9ahKZ42vg2w9ERPmShYbYAB7
php[Project]- https://www.youtube.com/watch?v=-al2bECumKg&list=PLu0W_9lII9ahKZ42vg2w9ERPmShYbYAB7
HTML[30 Min]:https://www.youtube.com/watch?v=E3ByCRqE7Lo&list=PLu0W_9lII9ahKZ42vg2w9ERPmShYbYAB7
CSS[8.5 Hr]:https://www.youtube.com/watch?v=Edsxf_NBFrw&list=PLu0W_9lII9ahKZ42vg2w9ERPmShYbYAB7
CSS[1.4 Hr]:https://www.youtube.com/watch?v=u5-K_ua9sOw&list=PLu0W_9lII9ahKZ42vg2w9ERPmShYbYAB7
Wordpress[3.2 Hr]:https://www.youtube.com/watch?v=GlLRYml8mCY&list=PLu0W_9lII9ahKZ42vg2w9ERPmShYbYAB7
Angular[2 Hr]:https://www.youtube.com/watch?v=0LhBvp8qpro&list=PLu0W_9lII9ahKZ42vg2w9ERPmShYbYAB7
Java[2.3 Hr]:https://www.youtube.com/watch?v=rV_3Lewxx6o&list=PLu0W_9lII9ahKZ42vg2w9ERPmShYbYAB7
Web Scraping[1 Hr]:https://www.youtube.com/watch?v=uufDGjTuq34&list=PLu0W_9lII9ahKZ42vg2w9ERPmShYbYAB7
MongoDB[2 Hr]:https://www.youtube.com/watch?v=oSIv-E60NiU&list=PLu0W_9lII9ahKZ42vg2w9ERPmShYbYAB7
Numpy[1 Hr]:https://www.youtube.com/watch?v=Rbh1rieb3zc&list=PLu0W_9lII9ahKZ42vg2w9ERPmShYbYAB7
Android Dev[12 Hr]- https://www.youtube.com/watch?v=mXjZQX3UzOs
Linux[1 Hr]:https://www.youtube.com/watch?v=_tCY-c-sPZc&list=PLu0W_9lII9ahKZ42vg2w9ERPmShYbYAB7
JQuery[1.1 Hr]:https://www.youtube.com/watch?v=YFlx1C8XwR0&list=PLu0W_9lII9ahKZ42vg2w9ERPmShYbYAB7
Git and GitHub[1.1 Hr]:https://www.youtube.com/watch?v=gwWKnnCMQ5c&list=PLu0W_9lII9ahKZ42vg2w9ERPmShYbYAB7

►Complete course [playlist]:
React: https://www.youtube.com/playlist?list=PLu0W_9lII9agx66oZnT6IyhcMIbUMNMdt
Python-https://www.youtube.com/playlist?list=PLu0W_9lII9agICnT8t4iYVSZ3eykIAOME
OOP Python-https://www.youtube.com/playlist?list=PLu0W_9lII9ahfRrhFcoB-4lpp9YaBmdCP
Java:https://www.youtube.com/playlist?list=PLu0W_9lII9agS67Uits0UnJyrYiXhDS6q
JavaScript- https://www.youtube.com/playlist?list=PLu0W_9lII9ajyk081To1Cbt2eI5913SsL
PHP-https://www.youtube.com/playlist?list=PLu0W_9lII9aikXkRE0WxDt1vozo3hnmtR
C-https://www.youtube.com/playlist?list=PLu0W_9lII9aiXlHcLx-mDH1Qul38wD3aR
C++-https://www.youtube.com/playlist?list=PLu0W_9lII9agpFUAlPFe_VNSlXW5uE0YL
Git & GitHub-https://www.youtube.com/playlist?list=PLu0W_9lII9ahVQekD7ePHmnirTePXwIln
Android Dev- https://www.youtube.com/playlist?list=PLu0W_9lII9aiL0kysYlfSOUgY5rNlOhUd
Python GUI- https://www.youtube.com/playlist?list=PLu0W_9lII9ajLcqRcj4PoEihkukF_OTzA
Web Development- https://www.youtube.com/playlist?list=PLu0W_9lII9agiCUZYRsvtGTXdxkzPyItg
Python Django:https://www.youtube.com/playlist?list=PLu0W_9lII9ah7DDtYtflgwMwpT3xmjXY9
Projects Using HTML, CSS & Javascript- https://www.youtube.com/playlist?list=PLu0W_9lII9aiQiOwthuSvinxoflmhRxM3
Data Structure and Algo:https://www.youtube.com/playlist?list=PLu0W_9lII9ahIappRPN0MCAgtOu3lQjQi 

Follow Me On Social Media
►Website (created using Django Rest & Angular): https://www.codewithharry.com
►Facebook: https://www.facebook.com/CodeWithHarry
►Instagram: https://www.instagram.com/codewithharry/ 
Twitter: https://twitter.com/CodeWithHarry
Comment ""#HarryBhai"" if you read this 😉😉",https://i.ytimg.com/vi/cOw6tgH6P20/maxresdefault.jpg,CodeWithHarry,497167,20722,2083,1445,24:05,"24 Minutes, 5 Seconds",2023-10-23T14:30:13,https://www.youtube.com/watch?v=cOw6tgH6P20
Exercise 3 - Design this Card  | Sigma Web Development Course - Tutorial #29,"Latest Udemy Web dev Course With Certificate: https://goharry.in/webdev
Access the Sigma web development course playlist: https://www.youtube.com/playlist?list=PLu0W_9lII9agq5TrH9XLIKQvv0iaF2X3w
➡️ Source Code: https://github.com/CodeWithHarry/Sigma-Web-Dev-Course
➡️ Notes and CheatSheets: https://www.codewithharry.com/notes/
➡️ English Subtitles are now up for all the videos!

►Checkout my English channel here: https://www.youtube.com/channel/UC7btqG2Ww0_2LwuQxpvo2HQ
►Instagram: www.instagram.com/codewithharry

Download UltraEdit Trial for Free: https://bit.ly/UltraEdit-CWH

python, C, C++, Java, JavaScript and Other Cheatsheets [++]:
Playlist: https://www.youtube.com/playlist?list=PLu0W_9lII9agrsRZjFECeFuWY5ev2pQlk

►Learn in One Video[++]:
Python Course with 5 Projects: https://www.youtube.com/watch?v=fqF9M92jzUo
Python[15 Hr]: https://www.youtube.com/watch?v=gfDE2a7MKjA&list=PLu0W_9lII9ahKZ42vg2w9ERPmShYbYAB7
Python Advance[3.5 Hr]: https://www.youtube.com/watch?v=61a7UkDO50s&list=PLu0W_9lII9ahKZ42vg2w9ERPmShYbYAB7
Python[1 Hr]: https://www.youtube.com/watch?v=qHJjMvHLJdg&list=PLu0W_9lII9ahKZ42vg2w9ERPmShYbYAB7
Python[2 Hr]: https://www.youtube.com/watch?v=ihk_Xglr164&list=PLu0W_9lII9ahKZ42vg2w9ERPmShYbYAB7
Python[15 Min]:https://www.youtube.com/watch?v=fr1f84rg4Nw&list=PLu0W_9lII9ahKZ42vg2w9ERPmShYbYAB7
JavaScript[1 Hr]: https://www.youtube.com/watch?v=onbBV0uFVpo&list=PLu0W_9lII9ahKZ42vg2w9ERPmShYbYAB7
C[1.3 Hr]-https://www.youtube.com/watch?v=YXcgD8hRHYY&list=PLu0W_9lII9ahKZ42vg2w9ERPmShYbYAB7
php[1 Hr]: https://www.youtube.com/watch?v=xW7ro3lwaCI&list=PLu0W_9lII9ahKZ42vg2w9ERPmShYbYAB7
php[2.3 Hr]:https://www.youtube.com/watch?v=1SnPKhCdlsU&list=PLu0W_9lII9ahKZ42vg2w9ERPmShYbYAB7
php[Project]- https://www.youtube.com/watch?v=-al2bECumKg&list=PLu0W_9lII9ahKZ42vg2w9ERPmShYbYAB7
HTML[30 Min]:https://www.youtube.com/watch?v=E3ByCRqE7Lo&list=PLu0W_9lII9ahKZ42vg2w9ERPmShYbYAB7
CSS[8.5 Hr]:https://www.youtube.com/watch?v=Edsxf_NBFrw&list=PLu0W_9lII9ahKZ42vg2w9ERPmShYbYAB7
CSS[1.4 Hr]:https://www.youtube.com/watch?v=u5-K_ua9sOw&list=PLu0W_9lII9ahKZ42vg2w9ERPmShYbYAB7
Wordpress[3.2 Hr]:https://www.youtube.com/watch?v=GlLRYml8mCY&list=PLu0W_9lII9ahKZ42vg2w9ERPmShYbYAB7
Angular[2 Hr]:https://www.youtube.com/watch?v=0LhBvp8qpro&list=PLu0W_9lII9ahKZ42vg2w9ERPmShYbYAB7
Java[2.3 Hr]:https://www.youtube.com/watch?v=rV_3Lewxx6o&list=PLu0W_9lII9ahKZ42vg2w9ERPmShYbYAB7
Web Scraping[1 Hr]:https://www.youtube.com/watch?v=uufDGjTuq34&list=PLu0W_9lII9ahKZ42vg2w9ERPmShYbYAB7
MongoDB[2 Hr]:https://www.youtube.com/watch?v=oSIv-E60NiU&list=PLu0W_9lII9ahKZ42vg2w9ERPmShYbYAB7
Numpy[1 Hr]:https://www.youtube.com/watch?v=Rbh1rieb3zc&list=PLu0W_9lII9ahKZ42vg2w9ERPmShYbYAB7
Android Dev[12 Hr]- https://www.youtube.com/watch?v=mXjZQX3UzOs
Linux[1 Hr]:https://www.youtube.com/watch?v=_tCY-c-sPZc&list=PLu0W_9lII9ahKZ42vg2w9ERPmShYbYAB7
JQuery[1.1 Hr]:https://www.youtube.com/watch?v=YFlx1C8XwR0&list=PLu0W_9lII9ahKZ42vg2w9ERPmShYbYAB7
Git and GitHub[1.1 Hr]:https://www.youtube.com/watch?v=gwWKnnCMQ5c&list=PLu0W_9lII9ahKZ42vg2w9ERPmShYbYAB7

►Complete course [playlist]:
React: https://www.youtube.com/playlist?list=PLu0W_9lII9agx66oZnT6IyhcMIbUMNMdt
Python-https://www.youtube.com/playlist?list=PLu0W_9lII9agICnT8t4iYVSZ3eykIAOME
OOP Python-https://www.youtube.com/playlist?list=PLu0W_9lII9ahfRrhFcoB-4lpp9YaBmdCP
Java:https://www.youtube.com/playlist?list=PLu0W_9lII9agS67Uits0UnJyrYiXhDS6q
JavaScript- https://www.youtube.com/playlist?list=PLu0W_9lII9ajyk081To1Cbt2eI5913SsL
PHP-https://www.youtube.com/playlist?list=PLu0W_9lII9aikXkRE0WxDt1vozo3hnmtR
C-https://www.youtube.com/playlist?list=PLu0W_9lII9aiXlHcLx-mDH1Qul38wD3aR
C++-https://www.youtube.com/playlist?list=PLu0W_9lII9agpFUAlPFe_VNSlXW5uE0YL
Git & GitHub-https://www.youtube.com/playlist?list=PLu0W_9lII9ahVQekD7ePHmnirTePXwIln
Android Dev- https://www.youtube.com/playlist?list=PLu0W_9lII9aiL0kysYlfSOUgY5rNlOhUd
Python GUI- https://www.youtube.com/playlist?list=PLu0W_9lII9ajLcqRcj4PoEihkukF_OTzA
Web Development- https://www.youtube.com/playlist?list=PLu0W_9lII9agiCUZYRsvtGTXdxkzPyItg
Python Django:https://www.youtube.com/playlist?list=PLu0W_9lII9ah7DDtYtflgwMwpT3xmjXY9
Projects Using HTML, CSS & Javascript- https://www.youtube.com/playlist?list=PLu0W_9lII9aiQiOwthuSvinxoflmhRxM3
Data Structure and Algo:https://www.youtube.com/playlist?list=PLu0W_9lII9ahIappRPN0MCAgtOu3lQjQi 

Follow Me On Social Media
►Website (created using Django Rest & Angular): https://www.codewithharry.com
►Facebook: https://www.facebook.com/CodeWithHarry
►Instagram: https://www.instagram.com/codewithharry/ 
Twitter: https://twitter.com/CodeWithHarry
Comment ""#HarryBhai"" if you read this 😉😉",https://i.ytimg.com/vi/nm3HrrUuz50/maxresdefault.jpg,CodeWithHarry,355303,15198,6866,378,6:18,"6 Minutes, 18 Seconds",2023-10-24T12:47:23,https://www.youtube.com/watch?v=nm3HrrUuz50
CSS Variables | Sigma Web Development Course - Tutorial #30,"Latest Udemy Web dev Course With Certificate: https://goharry.in/webdev
Access the Sigma web development course playlist: https://www.youtube.com/playlist?list=PLu0W_9lII9agq5TrH9XLIKQvv0iaF2X3w
➡️ Source Code: https://github.com/CodeWithHarry/Sigma-Web-Dev-Course
➡️ Notes and CheatSheets: https://www.codewithharry.com/notes/
➡️ English Subtitles are now up for all the videos!

►Checkout my English channel here: https://www.youtube.com/channel/UC7btqG2Ww0_2LwuQxpvo2HQ
►Instagram: www.instagram.com/codewithharry

Download UltraEdit Trial for Free: https://bit.ly/UltraEdit-CWH

python, C, C++, Java, JavaScript and Other Cheatsheets [++]:
Playlist: https://www.youtube.com/playlist?list=PLu0W_9lII9agrsRZjFECeFuWY5ev2pQlk

►Learn in One Video[++]:
Python Course with 5 Projects: https://www.youtube.com/watch?v=fqF9M92jzUo
Python[15 Hr]: https://www.youtube.com/watch?v=gfDE2a7MKjA&list=PLu0W_9lII9ahKZ42vg2w9ERPmShYbYAB7
Python Advance[3.5 Hr]: https://www.youtube.com/watch?v=61a7UkDO50s&list=PLu0W_9lII9ahKZ42vg2w9ERPmShYbYAB7
Python[1 Hr]: https://www.youtube.com/watch?v=qHJjMvHLJdg&list=PLu0W_9lII9ahKZ42vg2w9ERPmShYbYAB7
Python[2 Hr]: https://www.youtube.com/watch?v=ihk_Xglr164&list=PLu0W_9lII9ahKZ42vg2w9ERPmShYbYAB7
Python[15 Min]:https://www.youtube.com/watch?v=fr1f84rg4Nw&list=PLu0W_9lII9ahKZ42vg2w9ERPmShYbYAB7
JavaScript[1 Hr]: https://www.youtube.com/watch?v=onbBV0uFVpo&list=PLu0W_9lII9ahKZ42vg2w9ERPmShYbYAB7
C[1.3 Hr]-https://www.youtube.com/watch?v=YXcgD8hRHYY&list=PLu0W_9lII9ahKZ42vg2w9ERPmShYbYAB7
php[1 Hr]: https://www.youtube.com/watch?v=xW7ro3lwaCI&list=PLu0W_9lII9ahKZ42vg2w9ERPmShYbYAB7
php[2.3 Hr]:https://www.youtube.com/watch?v=1SnPKhCdlsU&list=PLu0W_9lII9ahKZ42vg2w9ERPmShYbYAB7
php[Project]- https://www.youtube.com/watch?v=-al2bECumKg&list=PLu0W_9lII9ahKZ42vg2w9ERPmShYbYAB7
HTML[30 Min]:https://www.youtube.com/watch?v=E3ByCRqE7Lo&list=PLu0W_9lII9ahKZ42vg2w9ERPmShYbYAB7
CSS[8.5 Hr]:https://www.youtube.com/watch?v=Edsxf_NBFrw&list=PLu0W_9lII9ahKZ42vg2w9ERPmShYbYAB7
CSS[1.4 Hr]:https://www.youtube.com/watch?v=u5-K_ua9sOw&list=PLu0W_9lII9ahKZ42vg2w9ERPmShYbYAB7
Wordpress[3.2 Hr]:https://www.youtube.com/watch?v=GlLRYml8mCY&list=PLu0W_9lII9ahKZ42vg2w9ERPmShYbYAB7
Angular[2 Hr]:https://www.youtube.com/watch?v=0LhBvp8qpro&list=PLu0W_9lII9ahKZ42vg2w9ERPmShYbYAB7
Java[2.3 Hr]:https://www.youtube.com/watch?v=rV_3Lewxx6o&list=PLu0W_9lII9ahKZ42vg2w9ERPmShYbYAB7
Web Scraping[1 Hr]:https://www.youtube.com/watch?v=uufDGjTuq34&list=PLu0W_9lII9ahKZ42vg2w9ERPmShYbYAB7
MongoDB[2 Hr]:https://www.youtube.com/watch?v=oSIv-E60NiU&list=PLu0W_9lII9ahKZ42vg2w9ERPmShYbYAB7
Numpy[1 Hr]:https://www.youtube.com/watch?v=Rbh1rieb3zc&list=PLu0W_9lII9ahKZ42vg2w9ERPmShYbYAB7
Android Dev[12 Hr]- https://www.youtube.com/watch?v=mXjZQX3UzOs
Linux[1 Hr]:https://www.youtube.com/watch?v=_tCY-c-sPZc&list=PLu0W_9lII9ahKZ42vg2w9ERPmShYbYAB7
JQuery[1.1 Hr]:https://www.youtube.com/watch?v=YFlx1C8XwR0&list=PLu0W_9lII9ahKZ42vg2w9ERPmShYbYAB7
Git and GitHub[1.1 Hr]:https://www.youtube.com/watch?v=gwWKnnCMQ5c&list=PLu0W_9lII9ahKZ42vg2w9ERPmShYbYAB7

►Complete course [playlist]:
React: https://www.youtube.com/playlist?list=PLu0W_9lII9agx66oZnT6IyhcMIbUMNMdt
Python-https://www.youtube.com/playlist?list=PLu0W_9lII9agICnT8t4iYVSZ3eykIAOME
OOP Python-https://www.youtube.com/playlist?list=PLu0W_9lII9ahfRrhFcoB-4lpp9YaBmdCP
Java:https://www.youtube.com/playlist?list=PLu0W_9lII9agS67Uits0UnJyrYiXhDS6q
JavaScript- https://www.youtube.com/playlist?list=PLu0W_9lII9ajyk081To1Cbt2eI5913SsL
PHP-https://www.youtube.com/playlist?list=PLu0W_9lII9aikXkRE0WxDt1vozo3hnmtR
C-https://www.youtube.com/playlist?list=PLu0W_9lII9aiXlHcLx-mDH1Qul38wD3aR
C++-https://www.youtube.com/playlist?list=PLu0W_9lII9agpFUAlPFe_VNSlXW5uE0YL
Git & GitHub-https://www.youtube.com/playlist?list=PLu0W_9lII9ahVQekD7ePHmnirTePXwIln
Android Dev- https://www.youtube.com/playlist?list=PLu0W_9lII9aiL0kysYlfSOUgY5rNlOhUd
Python GUI- https://www.youtube.com/playlist?list=PLu0W_9lII9ajLcqRcj4PoEihkukF_OTzA
Web Development- https://www.youtube.com/playlist?list=PLu0W_9lII9agiCUZYRsvtGTXdxkzPyItg
Python Django:https://www.youtube.com/playlist?list=PLu0W_9lII9ah7DDtYtflgwMwpT3xmjXY9
Projects Using HTML, CSS & Javascript- https://www.youtube.com/playlist?list=PLu0W_9lII9aiQiOwthuSvinxoflmhRxM3
Data Structure and Algo:https://www.youtube.com/playlist?list=PLu0W_9lII9ahIappRPN0MCAgtOu3lQjQi 

Follow Me On Social Media
►Website (created using Django Rest & Angular): https://www.codewithharry.com
►Facebook: https://www.facebook.com/CodeWithHarry
►Instagram: https://www.instagram.com/codewithharry/ 
Twitter: https://twitter.com/CodeWithHarry
Comment ""#HarryBhai"" if you read this 😉😉",https://i.ytimg.com/vi/ovRU9xHfly4/maxresdefault.jpg,CodeWithHarry,361761,16642,1529,800,13:20,"13 Minutes, 20 Seconds",2023-10-25T16:11:16,https://www.youtube.com/watch?v=ovRU9xHfly4
CSS Media Queries | Sigma Web Development Course - Tutorial #31,"Latest Udemy Web dev Course With Certificate: https://goharry.in/webdev
Access the Sigma web development course playlist: https://www.youtube.com/playlist?list=PLu0W_9lII9agq5TrH9XLIKQvv0iaF2X3w
➡️ Source Code: https://github.com/CodeWithHarry/Sigma-Web-Dev-Course
➡️ Notes and CheatSheets: https://www.codewithharry.com/notes/
➡️ English Subtitles are now up for all the videos!

►Checkout my English channel here: https://www.youtube.com/channel/UC7btqG2Ww0_2LwuQxpvo2HQ
►Instagram: www.instagram.com/codewithharry

Download UltraEdit Trial for Free: https://bit.ly/UltraEdit-CWH

python, C, C++, Java, JavaScript and Other Cheatsheets [++]:
Playlist: https://www.youtube.com/playlist?list=PLu0W_9lII9agrsRZjFECeFuWY5ev2pQlk

►Learn in One Video[++]:
Python Course with 5 Projects: https://www.youtube.com/watch?v=fqF9M92jzUo
Python[15 Hr]: https://www.youtube.com/watch?v=gfDE2a7MKjA&list=PLu0W_9lII9ahKZ42vg2w9ERPmShYbYAB7
Python Advance[3.5 Hr]: https://www.youtube.com/watch?v=61a7UkDO50s&list=PLu0W_9lII9ahKZ42vg2w9ERPmShYbYAB7
Python[1 Hr]: https://www.youtube.com/watch?v=qHJjMvHLJdg&list=PLu0W_9lII9ahKZ42vg2w9ERPmShYbYAB7
Python[2 Hr]: https://www.youtube.com/watch?v=ihk_Xglr164&list=PLu0W_9lII9ahKZ42vg2w9ERPmShYbYAB7
Python[15 Min]:https://www.youtube.com/watch?v=fr1f84rg4Nw&list=PLu0W_9lII9ahKZ42vg2w9ERPmShYbYAB7
JavaScript[1 Hr]: https://www.youtube.com/watch?v=onbBV0uFVpo&list=PLu0W_9lII9ahKZ42vg2w9ERPmShYbYAB7
C[1.3 Hr]-https://www.youtube.com/watch?v=YXcgD8hRHYY&list=PLu0W_9lII9ahKZ42vg2w9ERPmShYbYAB7
php[1 Hr]: https://www.youtube.com/watch?v=xW7ro3lwaCI&list=PLu0W_9lII9ahKZ42vg2w9ERPmShYbYAB7
php[2.3 Hr]:https://www.youtube.com/watch?v=1SnPKhCdlsU&list=PLu0W_9lII9ahKZ42vg2w9ERPmShYbYAB7
php[Project]- https://www.youtube.com/watch?v=-al2bECumKg&list=PLu0W_9lII9ahKZ42vg2w9ERPmShYbYAB7
HTML[30 Min]:https://www.youtube.com/watch?v=E3ByCRqE7Lo&list=PLu0W_9lII9ahKZ42vg2w9ERPmShYbYAB7
CSS[8.5 Hr]:https://www.youtube.com/watch?v=Edsxf_NBFrw&list=PLu0W_9lII9ahKZ42vg2w9ERPmShYbYAB7
CSS[1.4 Hr]:https://www.youtube.com/watch?v=u5-K_ua9sOw&list=PLu0W_9lII9ahKZ42vg2w9ERPmShYbYAB7
Wordpress[3.2 Hr]:https://www.youtube.com/watch?v=GlLRYml8mCY&list=PLu0W_9lII9ahKZ42vg2w9ERPmShYbYAB7
Angular[2 Hr]:https://www.youtube.com/watch?v=0LhBvp8qpro&list=PLu0W_9lII9ahKZ42vg2w9ERPmShYbYAB7
Java[2.3 Hr]:https://www.youtube.com/watch?v=rV_3Lewxx6o&list=PLu0W_9lII9ahKZ42vg2w9ERPmShYbYAB7
Web Scraping[1 Hr]:https://www.youtube.com/watch?v=uufDGjTuq34&list=PLu0W_9lII9ahKZ42vg2w9ERPmShYbYAB7
MongoDB[2 Hr]:https://www.youtube.com/watch?v=oSIv-E60NiU&list=PLu0W_9lII9ahKZ42vg2w9ERPmShYbYAB7
Numpy[1 Hr]:https://www.youtube.com/watch?v=Rbh1rieb3zc&list=PLu0W_9lII9ahKZ42vg2w9ERPmShYbYAB7
Android Dev[12 Hr]- https://www.youtube.com/watch?v=mXjZQX3UzOs
Linux[1 Hr]:https://www.youtube.com/watch?v=_tCY-c-sPZc&list=PLu0W_9lII9ahKZ42vg2w9ERPmShYbYAB7
JQuery[1.1 Hr]:https://www.youtube.com/watch?v=YFlx1C8XwR0&list=PLu0W_9lII9ahKZ42vg2w9ERPmShYbYAB7
Git and GitHub[1.1 Hr]:https://www.youtube.com/watch?v=gwWKnnCMQ5c&list=PLu0W_9lII9ahKZ42vg2w9ERPmShYbYAB7

►Complete course [playlist]:
React: https://www.youtube.com/playlist?list=PLu0W_9lII9agx66oZnT6IyhcMIbUMNMdt
Python-https://www.youtube.com/playlist?list=PLu0W_9lII9agICnT8t4iYVSZ3eykIAOME
OOP Python-https://www.youtube.com/playlist?list=PLu0W_9lII9ahfRrhFcoB-4lpp9YaBmdCP
Java:https://www.youtube.com/playlist?list=PLu0W_9lII9agS67Uits0UnJyrYiXhDS6q
JavaScript- https://www.youtube.com/playlist?list=PLu0W_9lII9ajyk081To1Cbt2eI5913SsL
PHP-https://www.youtube.com/playlist?list=PLu0W_9lII9aikXkRE0WxDt1vozo3hnmtR
C-https://www.youtube.com/playlist?list=PLu0W_9lII9aiXlHcLx-mDH1Qul38wD3aR
C++-https://www.youtube.com/playlist?list=PLu0W_9lII9agpFUAlPFe_VNSlXW5uE0YL
Git & GitHub-https://www.youtube.com/playlist?list=PLu0W_9lII9ahVQekD7ePHmnirTePXwIln
Android Dev- https://www.youtube.com/playlist?list=PLu0W_9lII9aiL0kysYlfSOUgY5rNlOhUd
Python GUI- https://www.youtube.com/playlist?list=PLu0W_9lII9ajLcqRcj4PoEihkukF_OTzA
Web Development- https://www.youtube.com/playlist?list=PLu0W_9lII9agiCUZYRsvtGTXdxkzPyItg
Python Django:https://www.youtube.com/playlist?list=PLu0W_9lII9ah7DDtYtflgwMwpT3xmjXY9
Projects Using HTML, CSS & Javascript- https://www.youtube.com/playlist?list=PLu0W_9lII9aiQiOwthuSvinxoflmhRxM3
Data Structure and Algo:https://www.youtube.com/playlist?list=PLu0W_9lII9ahIappRPN0MCAgtOu3lQjQi 

Follow Me On Social Media
►Website (created using Django Rest & Angular): https://www.codewithharry.com
►Facebook: https://www.facebook.com/CodeWithHarry
►Instagram: https://www.instagram.com/codewithharry/ 
Twitter: https://twitter.com/CodeWithHarry
Comment ""#HarryBhai"" if you read this 😉😉",https://i.ytimg.com/vi/eHye3PxH4jU/maxresdefault.jpg,CodeWithHarry,441113,20831,1455,697,11:37,"11 Minutes, 37 Seconds",2023-10-26T16:30:10,https://www.youtube.com/watch?v=eHye3PxH4jU
Exercise 3 - Solution | Sigma Web Development Course - Tutorial #32,"Latest Udemy Web dev Course With Certificate: https://goharry.in/webdev
Access the Sigma web development course playlist: https://www.youtube.com/playlist?list=PLu0W_9lII9agq5TrH9XLIKQvv0iaF2X3w
➡️ Source Code: https://github.com/CodeWithHarry/Sigma-Web-Dev-Course
➡️ Notes and CheatSheets: https://www.codewithharry.com/notes/
➡️ English Subtitles are now up for all the videos!

Download UltraEdit Trial for Free: https://bit.ly/UltraEdit-CWH

►Checkout my English channel here: https://www.youtube.com/channel/UC7btqG2Ww0_2LwuQxpvo2HQ
►Instagram: www.instagram.com/codewithharry

Download UltraEdit Trial for Free: https://bit.ly/UltraEdit-CWH

python, C, C++, Java, JavaScript and Other Cheatsheets [++]:
Playlist: https://www.youtube.com/playlist?list=PLu0W_9lII9agrsRZjFECeFuWY5ev2pQlk

►Learn in One Video[++]:
Python Course with 5 Projects: https://www.youtube.com/watch?v=fqF9M92jzUo
Python[15 Hr]: https://www.youtube.com/watch?v=gfDE2a7MKjA&list=PLu0W_9lII9ahKZ42vg2w9ERPmShYbYAB7
Python Advance[3.5 Hr]: https://www.youtube.com/watch?v=61a7UkDO50s&list=PLu0W_9lII9ahKZ42vg2w9ERPmShYbYAB7
Python[1 Hr]: https://www.youtube.com/watch?v=qHJjMvHLJdg&list=PLu0W_9lII9ahKZ42vg2w9ERPmShYbYAB7
Python[2 Hr]: https://www.youtube.com/watch?v=ihk_Xglr164&list=PLu0W_9lII9ahKZ42vg2w9ERPmShYbYAB7
Python[15 Min]:https://www.youtube.com/watch?v=fr1f84rg4Nw&list=PLu0W_9lII9ahKZ42vg2w9ERPmShYbYAB7
JavaScript[1 Hr]: https://www.youtube.com/watch?v=onbBV0uFVpo&list=PLu0W_9lII9ahKZ42vg2w9ERPmShYbYAB7
C[1.3 Hr]-https://www.youtube.com/watch?v=YXcgD8hRHYY&list=PLu0W_9lII9ahKZ42vg2w9ERPmShYbYAB7
php[1 Hr]: https://www.youtube.com/watch?v=xW7ro3lwaCI&list=PLu0W_9lII9ahKZ42vg2w9ERPmShYbYAB7
php[2.3 Hr]:https://www.youtube.com/watch?v=1SnPKhCdlsU&list=PLu0W_9lII9ahKZ42vg2w9ERPmShYbYAB7
php[Project]- https://www.youtube.com/watch?v=-al2bECumKg&list=PLu0W_9lII9ahKZ42vg2w9ERPmShYbYAB7
HTML[30 Min]:https://www.youtube.com/watch?v=E3ByCRqE7Lo&list=PLu0W_9lII9ahKZ42vg2w9ERPmShYbYAB7
CSS[8.5 Hr]:https://www.youtube.com/watch?v=Edsxf_NBFrw&list=PLu0W_9lII9ahKZ42vg2w9ERPmShYbYAB7
CSS[1.4 Hr]:https://www.youtube.com/watch?v=u5-K_ua9sOw&list=PLu0W_9lII9ahKZ42vg2w9ERPmShYbYAB7
Wordpress[3.2 Hr]:https://www.youtube.com/watch?v=GlLRYml8mCY&list=PLu0W_9lII9ahKZ42vg2w9ERPmShYbYAB7
Angular[2 Hr]:https://www.youtube.com/watch?v=0LhBvp8qpro&list=PLu0W_9lII9ahKZ42vg2w9ERPmShYbYAB7
Java[2.3 Hr]:https://www.youtube.com/watch?v=rV_3Lewxx6o&list=PLu0W_9lII9ahKZ42vg2w9ERPmShYbYAB7
Web Scraping[1 Hr]:https://www.youtube.com/watch?v=uufDGjTuq34&list=PLu0W_9lII9ahKZ42vg2w9ERPmShYbYAB7
MongoDB[2 Hr]:https://www.youtube.com/watch?v=oSIv-E60NiU&list=PLu0W_9lII9ahKZ42vg2w9ERPmShYbYAB7
Numpy[1 Hr]:https://www.youtube.com/watch?v=Rbh1rieb3zc&list=PLu0W_9lII9ahKZ42vg2w9ERPmShYbYAB7
Android Dev[12 Hr]- https://www.youtube.com/watch?v=mXjZQX3UzOs
Linux[1 Hr]:https://www.youtube.com/watch?v=_tCY-c-sPZc&list=PLu0W_9lII9ahKZ42vg2w9ERPmShYbYAB7
JQuery[1.1 Hr]:https://www.youtube.com/watch?v=YFlx1C8XwR0&list=PLu0W_9lII9ahKZ42vg2w9ERPmShYbYAB7
Git and GitHub[1.1 Hr]:https://www.youtube.com/watch?v=gwWKnnCMQ5c&list=PLu0W_9lII9ahKZ42vg2w9ERPmShYbYAB7

►Complete course [playlist]:
React: https://www.youtube.com/playlist?list=PLu0W_9lII9agx66oZnT6IyhcMIbUMNMdt
Python-https://www.youtube.com/playlist?list=PLu0W_9lII9agICnT8t4iYVSZ3eykIAOME
OOP Python-https://www.youtube.com/playlist?list=PLu0W_9lII9ahfRrhFcoB-4lpp9YaBmdCP
Java:https://www.youtube.com/playlist?list=PLu0W_9lII9agS67Uits0UnJyrYiXhDS6q
JavaScript- https://www.youtube.com/playlist?list=PLu0W_9lII9ajyk081To1Cbt2eI5913SsL
PHP-https://www.youtube.com/playlist?list=PLu0W_9lII9aikXkRE0WxDt1vozo3hnmtR
C-https://www.youtube.com/playlist?list=PLu0W_9lII9aiXlHcLx-mDH1Qul38wD3aR
C++-https://www.youtube.com/playlist?list=PLu0W_9lII9agpFUAlPFe_VNSlXW5uE0YL
Git & GitHub-https://www.youtube.com/playlist?list=PLu0W_9lII9ahVQekD7ePHmnirTePXwIln
Android Dev- https://www.youtube.com/playlist?list=PLu0W_9lII9aiL0kysYlfSOUgY5rNlOhUd
Python GUI- https://www.youtube.com/playlist?list=PLu0W_9lII9ajLcqRcj4PoEihkukF_OTzA
Web Development- https://www.youtube.com/playlist?list=PLu0W_9lII9agiCUZYRsvtGTXdxkzPyItg
Python Django:https://www.youtube.com/playlist?list=PLu0W_9lII9ah7DDtYtflgwMwpT3xmjXY9
Projects Using HTML, CSS & Javascript- https://www.youtube.com/playlist?list=PLu0W_9lII9aiQiOwthuSvinxoflmhRxM3
Data Structure and Algo:https://www.youtube.com/playlist?list=PLu0W_9lII9ahIappRPN0MCAgtOu3lQjQi 

Follow Me On Social Media
►Website (created using Django Rest & Angular): https://www.codewithharry.com
►Facebook: https://www.facebook.com/CodeWithHarry
►Instagram: https://www.instagram.com/codewithharry/ 
Twitter: https://twitter.com/CodeWithHarry
Comment ""#HarryBhai"" if you read this 😉😉",https://i.ytimg.com/vi/2PWgbyL3ex8/maxresdefault.jpg,CodeWithHarry,316941,11580,949,1188,19:48,"19 Minutes, 48 Seconds",2023-10-27T16:15:00,https://www.youtube.com/watch?v=2PWgbyL3ex8
Exercise 4 - Multi Color Website | Sigma Web Development Course - Tutorial #33,"Latest Udemy Web dev Course With Certificate: https://goharry.in/webdev
Access the Sigma web development course playlist: https://www.youtube.com/playlist?list=PLu0W_9lII9agq5TrH9XLIKQvv0iaF2X3w
➡️ Source Code: https://github.com/CodeWithHarry/Sigma-Web-Dev-Course
➡️ Notes and CheatSheets: https://www.codewithharry.com/notes/
➡️ English Subtitles are now up for all the videos!

►Checkout my English channel here: https://www.youtube.com/channel/UC7btqG2Ww0_2LwuQxpvo2HQ
►Instagram: www.instagram.com/codewithharry

Download UltraEdit Trial for Free: https://bit.ly/UltraEdit-CWH

python, C, C++, Java, JavaScript and Other Cheatsheets [++]:
Playlist: https://www.youtube.com/playlist?list=PLu0W_9lII9agrsRZjFECeFuWY5ev2pQlk

►Learn in One Video[++]:
Python Course with 5 Projects: https://www.youtube.com/watch?v=fqF9M92jzUo
Python[15 Hr]: https://www.youtube.com/watch?v=gfDE2a7MKjA&list=PLu0W_9lII9ahKZ42vg2w9ERPmShYbYAB7
Python Advance[3.5 Hr]: https://www.youtube.com/watch?v=61a7UkDO50s&list=PLu0W_9lII9ahKZ42vg2w9ERPmShYbYAB7
Python[1 Hr]: https://www.youtube.com/watch?v=qHJjMvHLJdg&list=PLu0W_9lII9ahKZ42vg2w9ERPmShYbYAB7
Python[2 Hr]: https://www.youtube.com/watch?v=ihk_Xglr164&list=PLu0W_9lII9ahKZ42vg2w9ERPmShYbYAB7
Python[15 Min]:https://www.youtube.com/watch?v=fr1f84rg4Nw&list=PLu0W_9lII9ahKZ42vg2w9ERPmShYbYAB7
JavaScript[1 Hr]: https://www.youtube.com/watch?v=onbBV0uFVpo&list=PLu0W_9lII9ahKZ42vg2w9ERPmShYbYAB7
C[1.3 Hr]-https://www.youtube.com/watch?v=YXcgD8hRHYY&list=PLu0W_9lII9ahKZ42vg2w9ERPmShYbYAB7
php[1 Hr]: https://www.youtube.com/watch?v=xW7ro3lwaCI&list=PLu0W_9lII9ahKZ42vg2w9ERPmShYbYAB7
php[2.3 Hr]:https://www.youtube.com/watch?v=1SnPKhCdlsU&list=PLu0W_9lII9ahKZ42vg2w9ERPmShYbYAB7
php[Project]- https://www.youtube.com/watch?v=-al2bECumKg&list=PLu0W_9lII9ahKZ42vg2w9ERPmShYbYAB7
HTML[30 Min]:https://www.youtube.com/watch?v=E3ByCRqE7Lo&list=PLu0W_9lII9ahKZ42vg2w9ERPmShYbYAB7
CSS[8.5 Hr]:https://www.youtube.com/watch?v=Edsxf_NBFrw&list=PLu0W_9lII9ahKZ42vg2w9ERPmShYbYAB7
CSS[1.4 Hr]:https://www.youtube.com/watch?v=u5-K_ua9sOw&list=PLu0W_9lII9ahKZ42vg2w9ERPmShYbYAB7
Wordpress[3.2 Hr]:https://www.youtube.com/watch?v=GlLRYml8mCY&list=PLu0W_9lII9ahKZ42vg2w9ERPmShYbYAB7
Angular[2 Hr]:https://www.youtube.com/watch?v=0LhBvp8qpro&list=PLu0W_9lII9ahKZ42vg2w9ERPmShYbYAB7
Java[2.3 Hr]:https://www.youtube.com/watch?v=rV_3Lewxx6o&list=PLu0W_9lII9ahKZ42vg2w9ERPmShYbYAB7
Web Scraping[1 Hr]:https://www.youtube.com/watch?v=uufDGjTuq34&list=PLu0W_9lII9ahKZ42vg2w9ERPmShYbYAB7
MongoDB[2 Hr]:https://www.youtube.com/watch?v=oSIv-E60NiU&list=PLu0W_9lII9ahKZ42vg2w9ERPmShYbYAB7
Numpy[1 Hr]:https://www.youtube.com/watch?v=Rbh1rieb3zc&list=PLu0W_9lII9ahKZ42vg2w9ERPmShYbYAB7
Android Dev[12 Hr]- https://www.youtube.com/watch?v=mXjZQX3UzOs
Linux[1 Hr]:https://www.youtube.com/watch?v=_tCY-c-sPZc&list=PLu0W_9lII9ahKZ42vg2w9ERPmShYbYAB7
JQuery[1.1 Hr]:https://www.youtube.com/watch?v=YFlx1C8XwR0&list=PLu0W_9lII9ahKZ42vg2w9ERPmShYbYAB7
Git and GitHub[1.1 Hr]:https://www.youtube.com/watch?v=gwWKnnCMQ5c&list=PLu0W_9lII9ahKZ42vg2w9ERPmShYbYAB7

►Complete course [playlist]:
React: https://www.youtube.com/playlist?list=PLu0W_9lII9agx66oZnT6IyhcMIbUMNMdt
Python-https://www.youtube.com/playlist?list=PLu0W_9lII9agICnT8t4iYVSZ3eykIAOME
OOP Python-https://www.youtube.com/playlist?list=PLu0W_9lII9ahfRrhFcoB-4lpp9YaBmdCP
Java:https://www.youtube.com/playlist?list=PLu0W_9lII9agS67Uits0UnJyrYiXhDS6q
JavaScript- https://www.youtube.com/playlist?list=PLu0W_9lII9ajyk081To1Cbt2eI5913SsL
PHP-https://www.youtube.com/playlist?list=PLu0W_9lII9aikXkRE0WxDt1vozo3hnmtR
C-https://www.youtube.com/playlist?list=PLu0W_9lII9aiXlHcLx-mDH1Qul38wD3aR
C++-https://www.youtube.com/playlist?list=PLu0W_9lII9agpFUAlPFe_VNSlXW5uE0YL
Git & GitHub-https://www.youtube.com/playlist?list=PLu0W_9lII9ahVQekD7ePHmnirTePXwIln
Android Dev- https://www.youtube.com/playlist?list=PLu0W_9lII9aiL0kysYlfSOUgY5rNlOhUd
Python GUI- https://www.youtube.com/playlist?list=PLu0W_9lII9ajLcqRcj4PoEihkukF_OTzA
Web Development- https://www.youtube.com/playlist?list=PLu0W_9lII9agiCUZYRsvtGTXdxkzPyItg
Python Django:https://www.youtube.com/playlist?list=PLu0W_9lII9ah7DDtYtflgwMwpT3xmjXY9
Projects Using HTML, CSS & Javascript- https://www.youtube.com/playlist?list=PLu0W_9lII9aiQiOwthuSvinxoflmhRxM3
Data Structure and Algo:https://www.youtube.com/playlist?list=PLu0W_9lII9ahIappRPN0MCAgtOu3lQjQi 

Follow Me On Social Media
►Website (created using Django Rest & Angular): https://www.codewithharry.com
►Facebook: https://www.facebook.com/CodeWithHarry
►Instagram: https://www.instagram.com/codewithharry/ 
Twitter: https://twitter.com/CodeWithHarry
Comment ""#HarryBhai"" if you read this 😉😉",https://i.ytimg.com/vi/-WN74rN9OPI/maxresdefault.jpg,CodeWithHarry,264050,11543,3640,153,2:33,"2 Minutes, 33 Seconds",2023-10-28T14:34:50,https://www.youtube.com/watch?v=-WN74rN9OPI
CSS Float & Clear | Sigma Web Development Course - Tutorial #34,"Latest Udemy Web dev Course With Certificate: https://goharry.in/webdev
Access the Sigma web development course playlist: https://www.youtube.com/playlist?list=PLu0W_9lII9agq5TrH9XLIKQvv0iaF2X3w
➡️ Source Code: https://github.com/CodeWithHarry/Sigma-Web-Dev-Course
➡️ Notes and CheatSheets: https://www.codewithharry.com/notes/
➡️ English Subtitles are now up for all the videos!

►Checkout my English channel here: https://www.youtube.com/channel/UC7btqG2Ww0_2LwuQxpvo2HQ
►Instagram: www.instagram.com/codewithharry

Download UltraEdit Trial for Free: https://bit.ly/UltraEdit-CWH

python, C, C++, Java, JavaScript and Other Cheatsheets [++]:
Playlist: https://www.youtube.com/playlist?list=PLu0W_9lII9agrsRZjFECeFuWY5ev2pQlk

►Learn in One Video[++]:
Python Course with 5 Projects: https://www.youtube.com/watch?v=fqF9M92jzUo
Python[15 Hr]: https://www.youtube.com/watch?v=gfDE2a7MKjA&list=PLu0W_9lII9ahKZ42vg2w9ERPmShYbYAB7
Python Advance[3.5 Hr]: https://www.youtube.com/watch?v=61a7UkDO50s&list=PLu0W_9lII9ahKZ42vg2w9ERPmShYbYAB7
Python[1 Hr]: https://www.youtube.com/watch?v=qHJjMvHLJdg&list=PLu0W_9lII9ahKZ42vg2w9ERPmShYbYAB7
Python[2 Hr]: https://www.youtube.com/watch?v=ihk_Xglr164&list=PLu0W_9lII9ahKZ42vg2w9ERPmShYbYAB7
Python[15 Min]:https://www.youtube.com/watch?v=fr1f84rg4Nw&list=PLu0W_9lII9ahKZ42vg2w9ERPmShYbYAB7
JavaScript[1 Hr]: https://www.youtube.com/watch?v=onbBV0uFVpo&list=PLu0W_9lII9ahKZ42vg2w9ERPmShYbYAB7
C[1.3 Hr]-https://www.youtube.com/watch?v=YXcgD8hRHYY&list=PLu0W_9lII9ahKZ42vg2w9ERPmShYbYAB7
php[1 Hr]: https://www.youtube.com/watch?v=xW7ro3lwaCI&list=PLu0W_9lII9ahKZ42vg2w9ERPmShYbYAB7
php[2.3 Hr]:https://www.youtube.com/watch?v=1SnPKhCdlsU&list=PLu0W_9lII9ahKZ42vg2w9ERPmShYbYAB7
php[Project]- https://www.youtube.com/watch?v=-al2bECumKg&list=PLu0W_9lII9ahKZ42vg2w9ERPmShYbYAB7
HTML[30 Min]:https://www.youtube.com/watch?v=E3ByCRqE7Lo&list=PLu0W_9lII9ahKZ42vg2w9ERPmShYbYAB7
CSS[8.5 Hr]:https://www.youtube.com/watch?v=Edsxf_NBFrw&list=PLu0W_9lII9ahKZ42vg2w9ERPmShYbYAB7
CSS[1.4 Hr]:https://www.youtube.com/watch?v=u5-K_ua9sOw&list=PLu0W_9lII9ahKZ42vg2w9ERPmShYbYAB7
Wordpress[3.2 Hr]:https://www.youtube.com/watch?v=GlLRYml8mCY&list=PLu0W_9lII9ahKZ42vg2w9ERPmShYbYAB7
Angular[2 Hr]:https://www.youtube.com/watch?v=0LhBvp8qpro&list=PLu0W_9lII9ahKZ42vg2w9ERPmShYbYAB7
Java[2.3 Hr]:https://www.youtube.com/watch?v=rV_3Lewxx6o&list=PLu0W_9lII9ahKZ42vg2w9ERPmShYbYAB7
Web Scraping[1 Hr]:https://www.youtube.com/watch?v=uufDGjTuq34&list=PLu0W_9lII9ahKZ42vg2w9ERPmShYbYAB7
MongoDB[2 Hr]:https://www.youtube.com/watch?v=oSIv-E60NiU&list=PLu0W_9lII9ahKZ42vg2w9ERPmShYbYAB7
Numpy[1 Hr]:https://www.youtube.com/watch?v=Rbh1rieb3zc&list=PLu0W_9lII9ahKZ42vg2w9ERPmShYbYAB7
Android Dev[12 Hr]- https://www.youtube.com/watch?v=mXjZQX3UzOs
Linux[1 Hr]:https://www.youtube.com/watch?v=_tCY-c-sPZc&list=PLu0W_9lII9ahKZ42vg2w9ERPmShYbYAB7
JQuery[1.1 Hr]:https://www.youtube.com/watch?v=YFlx1C8XwR0&list=PLu0W_9lII9ahKZ42vg2w9ERPmShYbYAB7
Git and GitHub[1.1 Hr]:https://www.youtube.com/watch?v=gwWKnnCMQ5c&list=PLu0W_9lII9ahKZ42vg2w9ERPmShYbYAB7

►Complete course [playlist]:
React: https://www.youtube.com/playlist?list=PLu0W_9lII9agx66oZnT6IyhcMIbUMNMdt
Python-https://www.youtube.com/playlist?list=PLu0W_9lII9agICnT8t4iYVSZ3eykIAOME
OOP Python-https://www.youtube.com/playlist?list=PLu0W_9lII9ahfRrhFcoB-4lpp9YaBmdCP
Java:https://www.youtube.com/playlist?list=PLu0W_9lII9agS67Uits0UnJyrYiXhDS6q
JavaScript- https://www.youtube.com/playlist?list=PLu0W_9lII9ajyk081To1Cbt2eI5913SsL
PHP-https://www.youtube.com/playlist?list=PLu0W_9lII9aikXkRE0WxDt1vozo3hnmtR
C-https://www.youtube.com/playlist?list=PLu0W_9lII9aiXlHcLx-mDH1Qul38wD3aR
C++-https://www.youtube.com/playlist?list=PLu0W_9lII9agpFUAlPFe_VNSlXW5uE0YL
Git & GitHub-https://www.youtube.com/playlist?list=PLu0W_9lII9ahVQekD7ePHmnirTePXwIln
Android Dev- https://www.youtube.com/playlist?list=PLu0W_9lII9aiL0kysYlfSOUgY5rNlOhUd
Python GUI- https://www.youtube.com/playlist?list=PLu0W_9lII9ajLcqRcj4PoEihkukF_OTzA
Web Development- https://www.youtube.com/playlist?list=PLu0W_9lII9agiCUZYRsvtGTXdxkzPyItg
Python Django:https://www.youtube.com/playlist?list=PLu0W_9lII9ah7DDtYtflgwMwpT3xmjXY9
Projects Using HTML, CSS & Javascript- https://www.youtube.com/playlist?list=PLu0W_9lII9aiQiOwthuSvinxoflmhRxM3
Data Structure and Algo:https://www.youtube.com/playlist?list=PLu0W_9lII9ahIappRPN0MCAgtOu3lQjQi 

Follow Me On Social Media
►Website (created using Django Rest & Angular): https://www.codewithharry.com
►Facebook: https://www.facebook.com/CodeWithHarry
►Instagram: https://www.instagram.com/codewithharry/ 
Twitter: https://twitter.com/CodeWithHarry
Comment ""#HarryBhai"" if you read this 😉😉",https://i.ytimg.com/vi/6_UoTF7njLM/maxresdefault.jpg,CodeWithHarry,290506,15359,2561,642,10:42,"10 Minutes, 42 Seconds",2023-10-29T16:03:52,https://www.youtube.com/watch?v=6_UoTF7njLM
More on CSS Selectors | Sigma Web Development Course - Tutorial #35,"Latest Udemy Web dev Course With Certificate: https://goharry.in/webdev
Access the Sigma web development course playlist: https://www.youtube.com/playlist?list=PLu0W_9lII9agq5TrH9XLIKQvv0iaF2X3w
➡️ Source Code: https://github.com/CodeWithHarry/Sigma-Web-Dev-Course
➡️ Notes and CheatSheets: https://www.codewithharry.com/notes/
➡️ English Subtitles are now up for all the videos!

►Checkout my English channel here: https://www.youtube.com/channel/UC7btqG2Ww0_2LwuQxpvo2HQ
►Instagram: www.instagram.com/codewithharry

Download UltraEdit Trial for Free: https://bit.ly/UltraEdit-CWH

python, C, C++, Java, JavaScript and Other Cheatsheets [++]:
Playlist: https://www.youtube.com/playlist?list=PLu0W_9lII9agrsRZjFECeFuWY5ev2pQlk

►Learn in One Video[++]:
Python Course with 5 Projects: https://www.youtube.com/watch?v=fqF9M92jzUo
Python[15 Hr]: https://www.youtube.com/watch?v=gfDE2a7MKjA&list=PLu0W_9lII9ahKZ42vg2w9ERPmShYbYAB7
Python Advance[3.5 Hr]: https://www.youtube.com/watch?v=61a7UkDO50s&list=PLu0W_9lII9ahKZ42vg2w9ERPmShYbYAB7
Python[1 Hr]: https://www.youtube.com/watch?v=qHJjMvHLJdg&list=PLu0W_9lII9ahKZ42vg2w9ERPmShYbYAB7
Python[2 Hr]: https://www.youtube.com/watch?v=ihk_Xglr164&list=PLu0W_9lII9ahKZ42vg2w9ERPmShYbYAB7
Python[15 Min]:https://www.youtube.com/watch?v=fr1f84rg4Nw&list=PLu0W_9lII9ahKZ42vg2w9ERPmShYbYAB7
JavaScript[1 Hr]: https://www.youtube.com/watch?v=onbBV0uFVpo&list=PLu0W_9lII9ahKZ42vg2w9ERPmShYbYAB7
C[1.3 Hr]-https://www.youtube.com/watch?v=YXcgD8hRHYY&list=PLu0W_9lII9ahKZ42vg2w9ERPmShYbYAB7
php[1 Hr]: https://www.youtube.com/watch?v=xW7ro3lwaCI&list=PLu0W_9lII9ahKZ42vg2w9ERPmShYbYAB7
php[2.3 Hr]:https://www.youtube.com/watch?v=1SnPKhCdlsU&list=PLu0W_9lII9ahKZ42vg2w9ERPmShYbYAB7
php[Project]- https://www.youtube.com/watch?v=-al2bECumKg&list=PLu0W_9lII9ahKZ42vg2w9ERPmShYbYAB7
HTML[30 Min]:https://www.youtube.com/watch?v=E3ByCRqE7Lo&list=PLu0W_9lII9ahKZ42vg2w9ERPmShYbYAB7
CSS[8.5 Hr]:https://www.youtube.com/watch?v=Edsxf_NBFrw&list=PLu0W_9lII9ahKZ42vg2w9ERPmShYbYAB7
CSS[1.4 Hr]:https://www.youtube.com/watch?v=u5-K_ua9sOw&list=PLu0W_9lII9ahKZ42vg2w9ERPmShYbYAB7
Wordpress[3.2 Hr]:https://www.youtube.com/watch?v=GlLRYml8mCY&list=PLu0W_9lII9ahKZ42vg2w9ERPmShYbYAB7
Angular[2 Hr]:https://www.youtube.com/watch?v=0LhBvp8qpro&list=PLu0W_9lII9ahKZ42vg2w9ERPmShYbYAB7
Java[2.3 Hr]:https://www.youtube.com/watch?v=rV_3Lewxx6o&list=PLu0W_9lII9ahKZ42vg2w9ERPmShYbYAB7
Web Scraping[1 Hr]:https://www.youtube.com/watch?v=uufDGjTuq34&list=PLu0W_9lII9ahKZ42vg2w9ERPmShYbYAB7
MongoDB[2 Hr]:https://www.youtube.com/watch?v=oSIv-E60NiU&list=PLu0W_9lII9ahKZ42vg2w9ERPmShYbYAB7
Numpy[1 Hr]:https://www.youtube.com/watch?v=Rbh1rieb3zc&list=PLu0W_9lII9ahKZ42vg2w9ERPmShYbYAB7
Android Dev[12 Hr]- https://www.youtube.com/watch?v=mXjZQX3UzOs
Linux[1 Hr]:https://www.youtube.com/watch?v=_tCY-c-sPZc&list=PLu0W_9lII9ahKZ42vg2w9ERPmShYbYAB7
JQuery[1.1 Hr]:https://www.youtube.com/watch?v=YFlx1C8XwR0&list=PLu0W_9lII9ahKZ42vg2w9ERPmShYbYAB7
Git and GitHub[1.1 Hr]:https://www.youtube.com/watch?v=gwWKnnCMQ5c&list=PLu0W_9lII9ahKZ42vg2w9ERPmShYbYAB7

►Complete course [playlist]:
React: https://www.youtube.com/playlist?list=PLu0W_9lII9agx66oZnT6IyhcMIbUMNMdt
Python-https://www.youtube.com/playlist?list=PLu0W_9lII9agICnT8t4iYVSZ3eykIAOME
OOP Python-https://www.youtube.com/playlist?list=PLu0W_9lII9ahfRrhFcoB-4lpp9YaBmdCP
Java:https://www.youtube.com/playlist?list=PLu0W_9lII9agS67Uits0UnJyrYiXhDS6q
JavaScript- https://www.youtube.com/playlist?list=PLu0W_9lII9ajyk081To1Cbt2eI5913SsL
PHP-https://www.youtube.com/playlist?list=PLu0W_9lII9aikXkRE0WxDt1vozo3hnmtR
C-https://www.youtube.com/playlist?list=PLu0W_9lII9aiXlHcLx-mDH1Qul38wD3aR
C++-https://www.youtube.com/playlist?list=PLu0W_9lII9agpFUAlPFe_VNSlXW5uE0YL
Git & GitHub-https://www.youtube.com/playlist?list=PLu0W_9lII9ahVQekD7ePHmnirTePXwIln
Android Dev- https://www.youtube.com/playlist?list=PLu0W_9lII9aiL0kysYlfSOUgY5rNlOhUd
Python GUI- https://www.youtube.com/playlist?list=PLu0W_9lII9ajLcqRcj4PoEihkukF_OTzA
Web Development- https://www.youtube.com/playlist?list=PLu0W_9lII9agiCUZYRsvtGTXdxkzPyItg
Python Django:https://www.youtube.com/playlist?list=PLu0W_9lII9ah7DDtYtflgwMwpT3xmjXY9
Projects Using HTML, CSS & Javascript- https://www.youtube.com/playlist?list=PLu0W_9lII9aiQiOwthuSvinxoflmhRxM3
Data Structure and Algo:https://www.youtube.com/playlist?list=PLu0W_9lII9ahIappRPN0MCAgtOu3lQjQi 

Follow Me On Social Media
►Website (created using Django Rest & Angular): https://www.codewithharry.com
►Facebook: https://www.facebook.com/CodeWithHarry
►Instagram: https://www.instagram.com/codewithharry/ 
Twitter: https://twitter.com/CodeWithHarry
Comment ""#HarryBhai"" if you read this 😉😉",https://i.ytimg.com/vi/L8NfSewTfxY/maxresdefault.jpg,CodeWithHarry,263334,14572,1895,804,13:24,"13 Minutes, 24 Seconds",2023-10-31T14:47:33,https://www.youtube.com/watch?v=L8NfSewTfxY
Exercise 4 - Solution & Shoutouts | Sigma Web Development Course - Tutorial #36,"Access the Sigma web development course playlist: https://www.youtube.com/playlist?list=PLu0W_9lII9agq5TrH9XLIKQvv0iaF2X3w
➡️ Source Code: https://github.com/CodeWithHarry/Sigma-Web-Dev-Course
➡️ Notes and CheatSheets: https://www.codewithharry.com/notes/
➡️ English Subtitles are now up for all the videos!

►Checkout my English channel here: https://www.youtube.com/channel/UC7btqG2Ww0_2LwuQxpvo2HQ
►Instagram: www.instagram.com/codewithharry

Download UltraEdit Trial for Free: https://bit.ly/UltraEdit-CWH

python, C, C++, Java, JavaScript and Other Cheatsheets [++]:
Playlist: https://www.youtube.com/playlist?list=PLu0W_9lII9agrsRZjFECeFuWY5ev2pQlk

►Learn in One Video[++]:
Python Course with 5 Projects: https://www.youtube.com/watch?v=fqF9M92jzUo
Python[15 Hr]: https://www.youtube.com/watch?v=gfDE2a7MKjA&list=PLu0W_9lII9ahKZ42vg2w9ERPmShYbYAB7
Python Advance[3.5 Hr]: https://www.youtube.com/watch?v=61a7UkDO50s&list=PLu0W_9lII9ahKZ42vg2w9ERPmShYbYAB7
Python[1 Hr]: https://www.youtube.com/watch?v=qHJjMvHLJdg&list=PLu0W_9lII9ahKZ42vg2w9ERPmShYbYAB7
Python[2 Hr]: https://www.youtube.com/watch?v=ihk_Xglr164&list=PLu0W_9lII9ahKZ42vg2w9ERPmShYbYAB7
Python[15 Min]:https://www.youtube.com/watch?v=fr1f84rg4Nw&list=PLu0W_9lII9ahKZ42vg2w9ERPmShYbYAB7
JavaScript[1 Hr]: https://www.youtube.com/watch?v=onbBV0uFVpo&list=PLu0W_9lII9ahKZ42vg2w9ERPmShYbYAB7
C[1.3 Hr]-https://www.youtube.com/watch?v=YXcgD8hRHYY&list=PLu0W_9lII9ahKZ42vg2w9ERPmShYbYAB7
php[1 Hr]: https://www.youtube.com/watch?v=xW7ro3lwaCI&list=PLu0W_9lII9ahKZ42vg2w9ERPmShYbYAB7
php[2.3 Hr]:https://www.youtube.com/watch?v=1SnPKhCdlsU&list=PLu0W_9lII9ahKZ42vg2w9ERPmShYbYAB7
php[Project]- https://www.youtube.com/watch?v=-al2bECumKg&list=PLu0W_9lII9ahKZ42vg2w9ERPmShYbYAB7
HTML[30 Min]:https://www.youtube.com/watch?v=E3ByCRqE7Lo&list=PLu0W_9lII9ahKZ42vg2w9ERPmShYbYAB7
CSS[8.5 Hr]:https://www.youtube.com/watch?v=Edsxf_NBFrw&list=PLu0W_9lII9ahKZ42vg2w9ERPmShYbYAB7
CSS[1.4 Hr]:https://www.youtube.com/watch?v=u5-K_ua9sOw&list=PLu0W_9lII9ahKZ42vg2w9ERPmShYbYAB7
Wordpress[3.2 Hr]:https://www.youtube.com/watch?v=GlLRYml8mCY&list=PLu0W_9lII9ahKZ42vg2w9ERPmShYbYAB7
Angular[2 Hr]:https://www.youtube.com/watch?v=0LhBvp8qpro&list=PLu0W_9lII9ahKZ42vg2w9ERPmShYbYAB7
Java[2.3 Hr]:https://www.youtube.com/watch?v=rV_3Lewxx6o&list=PLu0W_9lII9ahKZ42vg2w9ERPmShYbYAB7
Web Scraping[1 Hr]:https://www.youtube.com/watch?v=uufDGjTuq34&list=PLu0W_9lII9ahKZ42vg2w9ERPmShYbYAB7
MongoDB[2 Hr]:https://www.youtube.com/watch?v=oSIv-E60NiU&list=PLu0W_9lII9ahKZ42vg2w9ERPmShYbYAB7
Numpy[1 Hr]:https://www.youtube.com/watch?v=Rbh1rieb3zc&list=PLu0W_9lII9ahKZ42vg2w9ERPmShYbYAB7
Android Dev[12 Hr]- https://www.youtube.com/watch?v=mXjZQX3UzOs
Linux[1 Hr]:https://www.youtube.com/watch?v=_tCY-c-sPZc&list=PLu0W_9lII9ahKZ42vg2w9ERPmShYbYAB7
JQuery[1.1 Hr]:https://www.youtube.com/watch?v=YFlx1C8XwR0&list=PLu0W_9lII9ahKZ42vg2w9ERPmShYbYAB7
Git and GitHub[1.1 Hr]:https://www.youtube.com/watch?v=gwWKnnCMQ5c&list=PLu0W_9lII9ahKZ42vg2w9ERPmShYbYAB7

►Complete course [playlist]:
React: https://www.youtube.com/playlist?list=PLu0W_9lII9agx66oZnT6IyhcMIbUMNMdt
Python-https://www.youtube.com/playlist?list=PLu0W_9lII9agICnT8t4iYVSZ3eykIAOME
OOP Python-https://www.youtube.com/playlist?list=PLu0W_9lII9ahfRrhFcoB-4lpp9YaBmdCP
Java:https://www.youtube.com/playlist?list=PLu0W_9lII9agS67Uits0UnJyrYiXhDS6q
JavaScript- https://www.youtube.com/playlist?list=PLu0W_9lII9ajyk081To1Cbt2eI5913SsL
PHP-https://www.youtube.com/playlist?list=PLu0W_9lII9aikXkRE0WxDt1vozo3hnmtR
C-https://www.youtube.com/playlist?list=PLu0W_9lII9aiXlHcLx-mDH1Qul38wD3aR
C++-https://www.youtube.com/playlist?list=PLu0W_9lII9agpFUAlPFe_VNSlXW5uE0YL
Git & GitHub-https://www.youtube.com/playlist?list=PLu0W_9lII9ahVQekD7ePHmnirTePXwIln
Android Dev- https://www.youtube.com/playlist?list=PLu0W_9lII9aiL0kysYlfSOUgY5rNlOhUd
Python GUI- https://www.youtube.com/playlist?list=PLu0W_9lII9ajLcqRcj4PoEihkukF_OTzA
Web Development- https://www.youtube.com/playlist?list=PLu0W_9lII9agiCUZYRsvtGTXdxkzPyItg
Python Django:https://www.youtube.com/playlist?list=PLu0W_9lII9ah7DDtYtflgwMwpT3xmjXY9
Projects Using HTML, CSS & Javascript- https://www.youtube.com/playlist?list=PLu0W_9lII9aiQiOwthuSvinxoflmhRxM3
Data Structure and Algo:https://www.youtube.com/playlist?list=PLu0W_9lII9ahIappRPN0MCAgtOu3lQjQi 

Follow Me On Social Media
►Website (created using Django Rest & Angular): https://www.codewithharry.com
►Facebook: https://www.facebook.com/CodeWithHarry
►Instagram: https://www.instagram.com/codewithharry/ 
Twitter: https://twitter.com/CodeWithHarry
Comment ""#HarryBhai"" if you read this 😉😉",https://i.ytimg.com/vi/n1T6Ve00j24/maxresdefault.jpg,CodeWithHarry,235377,9605,662,825,13:45,"13 Minutes, 45 Seconds",2023-11-01T11:30:31,https://www.youtube.com/watch?v=n1T6Ve00j24
CSS Exercise 5 - Design this Layout | Sigma Web Development Course - Tutorial #37,"Latest Udemy Web dev Course With Certificate: https://goharry.in/webdev
Access the Sigma web development course playlist: https://www.youtube.com/playlist?list=PLu0W_9lII9agq5TrH9XLIKQvv0iaF2X3w
➡️ Source Code: https://github.com/CodeWithHarry/Sigma-Web-Dev-Course
➡️ Notes and CheatSheets: https://www.codewithharry.com/notes/
➡️ English Subtitles are now up for all the videos!

►Checkout my English channel here: https://www.youtube.com/channel/UC7btqG2Ww0_2LwuQxpvo2HQ
►Instagram: www.instagram.com/codewithharry

Download UltraEdit Trial for Free: https://bit.ly/UltraEdit-CWH

python, C, C++, Java, JavaScript and Other Cheatsheets [++]:
Playlist: https://www.youtube.com/playlist?list=PLu0W_9lII9agrsRZjFECeFuWY5ev2pQlk

►Learn in One Video[++]:
Python Course with 5 Projects: https://www.youtube.com/watch?v=fqF9M92jzUo
Python[15 Hr]: https://www.youtube.com/watch?v=gfDE2a7MKjA&list=PLu0W_9lII9ahKZ42vg2w9ERPmShYbYAB7
Python Advance[3.5 Hr]: https://www.youtube.com/watch?v=61a7UkDO50s&list=PLu0W_9lII9ahKZ42vg2w9ERPmShYbYAB7
Python[1 Hr]: https://www.youtube.com/watch?v=qHJjMvHLJdg&list=PLu0W_9lII9ahKZ42vg2w9ERPmShYbYAB7
Python[2 Hr]: https://www.youtube.com/watch?v=ihk_Xglr164&list=PLu0W_9lII9ahKZ42vg2w9ERPmShYbYAB7
Python[15 Min]:https://www.youtube.com/watch?v=fr1f84rg4Nw&list=PLu0W_9lII9ahKZ42vg2w9ERPmShYbYAB7
JavaScript[1 Hr]: https://www.youtube.com/watch?v=onbBV0uFVpo&list=PLu0W_9lII9ahKZ42vg2w9ERPmShYbYAB7
C[1.3 Hr]-https://www.youtube.com/watch?v=YXcgD8hRHYY&list=PLu0W_9lII9ahKZ42vg2w9ERPmShYbYAB7
php[1 Hr]: https://www.youtube.com/watch?v=xW7ro3lwaCI&list=PLu0W_9lII9ahKZ42vg2w9ERPmShYbYAB7
php[2.3 Hr]:https://www.youtube.com/watch?v=1SnPKhCdlsU&list=PLu0W_9lII9ahKZ42vg2w9ERPmShYbYAB7
php[Project]- https://www.youtube.com/watch?v=-al2bECumKg&list=PLu0W_9lII9ahKZ42vg2w9ERPmShYbYAB7
HTML[30 Min]:https://www.youtube.com/watch?v=E3ByCRqE7Lo&list=PLu0W_9lII9ahKZ42vg2w9ERPmShYbYAB7
CSS[8.5 Hr]:https://www.youtube.com/watch?v=Edsxf_NBFrw&list=PLu0W_9lII9ahKZ42vg2w9ERPmShYbYAB7
CSS[1.4 Hr]:https://www.youtube.com/watch?v=u5-K_ua9sOw&list=PLu0W_9lII9ahKZ42vg2w9ERPmShYbYAB7
Wordpress[3.2 Hr]:https://www.youtube.com/watch?v=GlLRYml8mCY&list=PLu0W_9lII9ahKZ42vg2w9ERPmShYbYAB7
Angular[2 Hr]:https://www.youtube.com/watch?v=0LhBvp8qpro&list=PLu0W_9lII9ahKZ42vg2w9ERPmShYbYAB7
Java[2.3 Hr]:https://www.youtube.com/watch?v=rV_3Lewxx6o&list=PLu0W_9lII9ahKZ42vg2w9ERPmShYbYAB7
Web Scraping[1 Hr]:https://www.youtube.com/watch?v=uufDGjTuq34&list=PLu0W_9lII9ahKZ42vg2w9ERPmShYbYAB7
MongoDB[2 Hr]:https://www.youtube.com/watch?v=oSIv-E60NiU&list=PLu0W_9lII9ahKZ42vg2w9ERPmShYbYAB7
Numpy[1 Hr]:https://www.youtube.com/watch?v=Rbh1rieb3zc&list=PLu0W_9lII9ahKZ42vg2w9ERPmShYbYAB7
Android Dev[12 Hr]- https://www.youtube.com/watch?v=mXjZQX3UzOs
Linux[1 Hr]:https://www.youtube.com/watch?v=_tCY-c-sPZc&list=PLu0W_9lII9ahKZ42vg2w9ERPmShYbYAB7
JQuery[1.1 Hr]:https://www.youtube.com/watch?v=YFlx1C8XwR0&list=PLu0W_9lII9ahKZ42vg2w9ERPmShYbYAB7
Git and GitHub[1.1 Hr]:https://www.youtube.com/watch?v=gwWKnnCMQ5c&list=PLu0W_9lII9ahKZ42vg2w9ERPmShYbYAB7

►Complete course [playlist]:
React: https://www.youtube.com/playlist?list=PLu0W_9lII9agx66oZnT6IyhcMIbUMNMdt
Python-https://www.youtube.com/playlist?list=PLu0W_9lII9agICnT8t4iYVSZ3eykIAOME
OOP Python-https://www.youtube.com/playlist?list=PLu0W_9lII9ahfRrhFcoB-4lpp9YaBmdCP
Java:https://www.youtube.com/playlist?list=PLu0W_9lII9agS67Uits0UnJyrYiXhDS6q
JavaScript- https://www.youtube.com/playlist?list=PLu0W_9lII9ajyk081To1Cbt2eI5913SsL
PHP-https://www.youtube.com/playlist?list=PLu0W_9lII9aikXkRE0WxDt1vozo3hnmtR
C-https://www.youtube.com/playlist?list=PLu0W_9lII9aiXlHcLx-mDH1Qul38wD3aR
C++-https://www.youtube.com/playlist?list=PLu0W_9lII9agpFUAlPFe_VNSlXW5uE0YL
Git & GitHub-https://www.youtube.com/playlist?list=PLu0W_9lII9ahVQekD7ePHmnirTePXwIln
Android Dev- https://www.youtube.com/playlist?list=PLu0W_9lII9aiL0kysYlfSOUgY5rNlOhUd
Python GUI- https://www.youtube.com/playlist?list=PLu0W_9lII9ajLcqRcj4PoEihkukF_OTzA
Web Development- https://www.youtube.com/playlist?list=PLu0W_9lII9agiCUZYRsvtGTXdxkzPyItg
Python Django:https://www.youtube.com/playlist?list=PLu0W_9lII9ah7DDtYtflgwMwpT3xmjXY9
Projects Using HTML, CSS & Javascript- https://www.youtube.com/playlist?list=PLu0W_9lII9aiQiOwthuSvinxoflmhRxM3
Data Structure and Algo:https://www.youtube.com/playlist?list=PLu0W_9lII9ahIappRPN0MCAgtOu3lQjQi 

Follow Me On Social Media
►Website (created using Django Rest & Angular): https://www.codewithharry.com
►Facebook: https://www.facebook.com/CodeWithHarry
►Instagram: https://www.instagram.com/codewithharry/ 
Twitter: https://twitter.com/CodeWithHarry
Comment ""#HarryBhai"" if you read this 😉😉",https://i.ytimg.com/vi/8Hk4MmO9ZeQ/maxresdefault.jpg,CodeWithHarry,257157,10186,3102,436,7:16,"7 Minutes, 16 Seconds",2023-11-02T14:17:05,https://www.youtube.com/watch?v=8Hk4MmO9ZeQ
CSS Flexbox - Ultimate MasterClass | Sigma Web Development Course - Tutorial #38,"Latest Udemy Web dev Course With Certificate: https://goharry.in/webdev
Access the Sigma web development course playlist: https://www.youtube.com/playlist?list=PLu0W_9lII9agq5TrH9XLIKQvv0iaF2X3w
➡️ Source Code: https://github.com/CodeWithHarry/Sigma-Web-Dev-Course
➡️ Notes and CheatSheets: https://www.codewithharry.com/notes/
➡️ English Subtitles are now up for all the videos!

TimeStamps ⌚
Timestamps
00:00 Introduction
00:47 Sigma Web developer Intro
00:57 Flexbox
05:22 Justify Content & Align Items
08:05 Flex Direction
09:45 Flex Axis
13:41 Flex Wrap
15:11 Align Content
16:53 Wrap Reverse
17:19 Flex Flow
18:09 Gap Property
20:34 Common Mistake
21:00 Item Property: Order
23:47 Flex Grow
24:54 Flex Shrink
25:59 Align Self
26:49 Conclusion
27:35 Sigma Outro
 
Download UltraEdit Trial for Free: https://bit.ly/UltraEdit-CWH

python, C, C++, Java, JavaScript and Other Cheatsheets [++]:
Playlist: https://www.youtube.com/playlist?list=PLu0W_9lII9agrsRZjFECeFuWY5ev2pQlk

►Learn in One Video[++]:
Python Course with 5 Projects: https://www.youtube.com/watch?v=fqF9M92jzUo
Python[15 Hr]: https://www.youtube.com/watch?v=gfDE2a7MKjA&list=PLu0W_9lII9ahKZ42vg2w9ERPmShYbYAB7
Python Advance[3.5 Hr]: https://www.youtube.com/watch?v=61a7UkDO50s&list=PLu0W_9lII9ahKZ42vg2w9ERPmShYbYAB7
Python[1 Hr]: https://www.youtube.com/watch?v=qHJjMvHLJdg&list=PLu0W_9lII9ahKZ42vg2w9ERPmShYbYAB7
Python[2 Hr]: https://www.youtube.com/watch?v=ihk_Xglr164&list=PLu0W_9lII9ahKZ42vg2w9ERPmShYbYAB7
Python[15 Min]:https://www.youtube.com/watch?v=fr1f84rg4Nw&list=PLu0W_9lII9ahKZ42vg2w9ERPmShYbYAB7
JavaScript[1 Hr]: https://www.youtube.com/watch?v=onbBV0uFVpo&list=PLu0W_9lII9ahKZ42vg2w9ERPmShYbYAB7
C[1.3 Hr]-https://www.youtube.com/watch?v=YXcgD8hRHYY&list=PLu0W_9lII9ahKZ42vg2w9ERPmShYbYAB7
php[1 Hr]: https://www.youtube.com/watch?v=xW7ro3lwaCI&list=PLu0W_9lII9ahKZ42vg2w9ERPmShYbYAB7
php[2.3 Hr]:https://www.youtube.com/watch?v=1SnPKhCdlsU&list=PLu0W_9lII9ahKZ42vg2w9ERPmShYbYAB7
php[Project]- https://www.youtube.com/watch?v=-al2bECumKg&list=PLu0W_9lII9ahKZ42vg2w9ERPmShYbYAB7
HTML[30 Min]:https://www.youtube.com/watch?v=E3ByCRqE7Lo&list=PLu0W_9lII9ahKZ42vg2w9ERPmShYbYAB7
CSS[8.5 Hr]:https://www.youtube.com/watch?v=Edsxf_NBFrw&list=PLu0W_9lII9ahKZ42vg2w9ERPmShYbYAB7
CSS[1.4 Hr]:https://www.youtube.com/watch?v=u5-K_ua9sOw&list=PLu0W_9lII9ahKZ42vg2w9ERPmShYbYAB7
Wordpress[3.2 Hr]:https://www.youtube.com/watch?v=GlLRYml8mCY&list=PLu0W_9lII9ahKZ42vg2w9ERPmShYbYAB7
Angular[2 Hr]:https://www.youtube.com/watch?v=0LhBvp8qpro&list=PLu0W_9lII9ahKZ42vg2w9ERPmShYbYAB7
Java[2.3 Hr]:https://www.youtube.com/watch?v=rV_3Lewxx6o&list=PLu0W_9lII9ahKZ42vg2w9ERPmShYbYAB7
Web Scraping[1 Hr]:https://www.youtube.com/watch?v=uufDGjTuq34&list=PLu0W_9lII9ahKZ42vg2w9ERPmShYbYAB7
MongoDB[2 Hr]:https://www.youtube.com/watch?v=oSIv-E60NiU&list=PLu0W_9lII9ahKZ42vg2w9ERPmShYbYAB7
Numpy[1 Hr]:https://www.youtube.com/watch?v=Rbh1rieb3zc&list=PLu0W_9lII9ahKZ42vg2w9ERPmShYbYAB7
Android Dev[12 Hr]- https://www.youtube.com/watch?v=mXjZQX3UzOs
Linux[1 Hr]:https://www.youtube.com/watch?v=_tCY-c-sPZc&list=PLu0W_9lII9ahKZ42vg2w9ERPmShYbYAB7
JQuery[1.1 Hr]:https://www.youtube.com/watch?v=YFlx1C8XwR0&list=PLu0W_9lII9ahKZ42vg2w9ERPmShYbYAB7
Git and GitHub[1.1 Hr]:https://www.youtube.com/watch?v=gwWKnnCMQ5c&list=PLu0W_9lII9ahKZ42vg2w9ERPmShYbYAB7

►Complete course [playlist]:
React: https://www.youtube.com/playlist?list=PLu0W_9lII9agx66oZnT6IyhcMIbUMNMdt
Python-https://www.youtube.com/playlist?list=PLu0W_9lII9agICnT8t4iYVSZ3eykIAOME
OOP Python-https://www.youtube.com/playlist?list=PLu0W_9lII9ahfRrhFcoB-4lpp9YaBmdCP
Java:https://www.youtube.com/playlist?list=PLu0W_9lII9agS67Uits0UnJyrYiXhDS6q
JavaScript- https://www.youtube.com/playlist?list=PLu0W_9lII9ajyk081To1Cbt2eI5913SsL
PHP-https://www.youtube.com/playlist?list=PLu0W_9lII9aikXkRE0WxDt1vozo3hnmtR
C-https://www.youtube.com/playlist?list=PLu0W_9lII9aiXlHcLx-mDH1Qul38wD3aR
C++-https://www.youtube.com/playlist?list=PLu0W_9lII9agpFUAlPFe_VNSlXW5uE0YL
Git & GitHub-https://www.youtube.com/playlist?list=PLu0W_9lII9ahVQekD7ePHmnirTePXwIln
Android Dev- https://www.youtube.com/playlist?list=PLu0W_9lII9aiL0kysYlfSOUgY5rNlOhUd
Python GUI- https://www.youtube.com/playlist?list=PLu0W_9lII9ajLcqRcj4PoEihkukF_OTzA
Web Development- https://www.youtube.com/playlist?list=PLu0W_9lII9agiCUZYRsvtGTXdxkzPyItg
Python Django:https://www.youtube.com/playlist?list=PLu0W_9lII9ah7DDtYtflgwMwpT3xmjXY9
Projects Using HTML, CSS & Javascript- https://www.youtube.com/playlist?list=PLu0W_9lII9aiQiOwthuSvinxoflmhRxM3
Data Structure and Algo:https://www.youtube.com/playlist?list=PLu0W_9lII9ahIappRPN0MCAgtOu3lQjQi 

Follow Me On Social Media
►Website (created using Django Rest & Angular): https://www.codewithharry.com
►Facebook: https://www.facebook.com/CodeWithHarry
►Instagram: https://www.instagram.com/codewithharry/ 
Twitter: https://twitter.com/CodeWithHarry
Comment ""#HarryBhai"" if you read this 😉😉",https://i.ytimg.com/vi/DWk2mndNTHY/maxresdefault.jpg,CodeWithHarry,524745,21246,3003,1678,27:58,"27 Minutes, 58 Seconds",2023-11-03T15:49:42,https://www.youtube.com/watch?v=DWk2mndNTHY
CSS Grid - Ultimate MasterClass | Sigma Web Development Course - Tutorial #39,"Latest Udemy Web dev Course With Certificate: https://goharry.in/webdev
Access the Sigma web development course playlist: https://www.youtube.com/playlist?list=PLu0W_9lII9agq5TrH9XLIKQvv0iaF2X3w
➡️ Source Code: https://github.com/CodeWithHarry/Sigma-Web-Dev-Course
➡️ Notes and CheatSheets: https://www.codewithharry.com/notes/
➡️ English Subtitles are now up for all the videos!

TimeStamps ⌚:
00:00 - Introduction
00:36 - Sigma Intro
00:48 - Why CSS Grid?
02:18 - grid-template-columns property
04:24 - Grid Line and Grid Cell
05:01 - Grid Track and Grid Area
09:43 - grid-row and grid-column properties
13:10 - Naming Grid lines
16:38 - Grid Template Area
22:27 - fr Unit
24:01 - Gap Property
25:25 - align-items & justify-items
27:35 - repeat syntax
29:05 - justify-content & align-content
31:49 - Sigma Outro 

Download UltraEdit Trial for Free: https://bit.ly/UltraEdit-CWH

python, C, C++, Java, JavaScript and Other Cheatsheets [++]:
Playlist: https://www.youtube.com/playlist?list=PLu0W_9lII9agrsRZjFECeFuWY5ev2pQlk

►Learn in One Video[++]:
Python Course with 5 Projects: https://www.youtube.com/watch?v=fqF9M92jzUo
Python[15 Hr]: https://www.youtube.com/watch?v=gfDE2a7MKjA&list=PLu0W_9lII9ahKZ42vg2w9ERPmShYbYAB7
Python Advance[3.5 Hr]: https://www.youtube.com/watch?v=61a7UkDO50s&list=PLu0W_9lII9ahKZ42vg2w9ERPmShYbYAB7
Python[1 Hr]: https://www.youtube.com/watch?v=qHJjMvHLJdg&list=PLu0W_9lII9ahKZ42vg2w9ERPmShYbYAB7
Python[2 Hr]: https://www.youtube.com/watch?v=ihk_Xglr164&list=PLu0W_9lII9ahKZ42vg2w9ERPmShYbYAB7
Python[15 Min]:https://www.youtube.com/watch?v=fr1f84rg4Nw&list=PLu0W_9lII9ahKZ42vg2w9ERPmShYbYAB7
JavaScript[1 Hr]: https://www.youtube.com/watch?v=onbBV0uFVpo&list=PLu0W_9lII9ahKZ42vg2w9ERPmShYbYAB7
C[1.3 Hr]-https://www.youtube.com/watch?v=YXcgD8hRHYY&list=PLu0W_9lII9ahKZ42vg2w9ERPmShYbYAB7
php[1 Hr]: https://www.youtube.com/watch?v=xW7ro3lwaCI&list=PLu0W_9lII9ahKZ42vg2w9ERPmShYbYAB7
php[2.3 Hr]:https://www.youtube.com/watch?v=1SnPKhCdlsU&list=PLu0W_9lII9ahKZ42vg2w9ERPmShYbYAB7
php[Project]- https://www.youtube.com/watch?v=-al2bECumKg&list=PLu0W_9lII9ahKZ42vg2w9ERPmShYbYAB7
HTML[30 Min]:https://www.youtube.com/watch?v=E3ByCRqE7Lo&list=PLu0W_9lII9ahKZ42vg2w9ERPmShYbYAB7
CSS[8.5 Hr]:https://www.youtube.com/watch?v=Edsxf_NBFrw&list=PLu0W_9lII9ahKZ42vg2w9ERPmShYbYAB7
CSS[1.4 Hr]:https://www.youtube.com/watch?v=u5-K_ua9sOw&list=PLu0W_9lII9ahKZ42vg2w9ERPmShYbYAB7
Wordpress[3.2 Hr]:https://www.youtube.com/watch?v=GlLRYml8mCY&list=PLu0W_9lII9ahKZ42vg2w9ERPmShYbYAB7
Angular[2 Hr]:https://www.youtube.com/watch?v=0LhBvp8qpro&list=PLu0W_9lII9ahKZ42vg2w9ERPmShYbYAB7
Java[2.3 Hr]:https://www.youtube.com/watch?v=rV_3Lewxx6o&list=PLu0W_9lII9ahKZ42vg2w9ERPmShYbYAB7
Web Scraping[1 Hr]:https://www.youtube.com/watch?v=uufDGjTuq34&list=PLu0W_9lII9ahKZ42vg2w9ERPmShYbYAB7
MongoDB[2 Hr]:https://www.youtube.com/watch?v=oSIv-E60NiU&list=PLu0W_9lII9ahKZ42vg2w9ERPmShYbYAB7
Numpy[1 Hr]:https://www.youtube.com/watch?v=Rbh1rieb3zc&list=PLu0W_9lII9ahKZ42vg2w9ERPmShYbYAB7
Android Dev[12 Hr]- https://www.youtube.com/watch?v=mXjZQX3UzOs
Linux[1 Hr]:https://www.youtube.com/watch?v=_tCY-c-sPZc&list=PLu0W_9lII9ahKZ42vg2w9ERPmShYbYAB7
JQuery[1.1 Hr]:https://www.youtube.com/watch?v=YFlx1C8XwR0&list=PLu0W_9lII9ahKZ42vg2w9ERPmShYbYAB7
Git and GitHub[1.1 Hr]:https://www.youtube.com/watch?v=gwWKnnCMQ5c&list=PLu0W_9lII9ahKZ42vg2w9ERPmShYbYAB7

►Complete course [playlist]:
React: https://www.youtube.com/playlist?list=PLu0W_9lII9agx66oZnT6IyhcMIbUMNMdt
Python-https://www.youtube.com/playlist?list=PLu0W_9lII9agICnT8t4iYVSZ3eykIAOME
OOP Python-https://www.youtube.com/playlist?list=PLu0W_9lII9ahfRrhFcoB-4lpp9YaBmdCP
Java:https://www.youtube.com/playlist?list=PLu0W_9lII9agS67Uits0UnJyrYiXhDS6q
JavaScript- https://www.youtube.com/playlist?list=PLu0W_9lII9ajyk081To1Cbt2eI5913SsL
PHP-https://www.youtube.com/playlist?list=PLu0W_9lII9aikXkRE0WxDt1vozo3hnmtR
C-https://www.youtube.com/playlist?list=PLu0W_9lII9aiXlHcLx-mDH1Qul38wD3aR
C++-https://www.youtube.com/playlist?list=PLu0W_9lII9agpFUAlPFe_VNSlXW5uE0YL
Git & GitHub-https://www.youtube.com/playlist?list=PLu0W_9lII9ahVQekD7ePHmnirTePXwIln
Android Dev- https://www.youtube.com/playlist?list=PLu0W_9lII9aiL0kysYlfSOUgY5rNlOhUd
Python GUI- https://www.youtube.com/playlist?list=PLu0W_9lII9ajLcqRcj4PoEihkukF_OTzA 
Python Django:https://www.youtube.com/playlist?list=PLu0W_9lII9ah7DDtYtflgwMwpT3xmjXY9
Projects Using HTML, CSS & Javascript- https://www.youtube.com/playlist?list=PLu0W_9lII9aiQiOwthuSvinxoflmhRxM3
Data Structure and Algo:https://www.youtube.com/playlist?list=PLu0W_9lII9ahIappRPN0MCAgtOu3lQjQi 

Follow Me On Social Media
►Website (created using Django Rest & Angular): https://www.codewithharry.com
►Facebook: https://www.facebook.com/CodeWithHarry
►Instagram: https://www.instagram.com/codewithharry/ 
Twitter: https://twitter.com/CodeWithHarry
Comment ""#HarryBhai"" if you read this 😉😉",https://i.ytimg.com/vi/7AgEjgUtho4/maxresdefault.jpg,CodeWithHarry,512921,17245,1369,1932,32:12,"32 Minutes, 12 Seconds",2023-11-05T15:09:31,https://www.youtube.com/watch?v=7AgEjgUtho4
Exercise 5 - Solution & Shoutouts | Sigma Web Development Course - Tutorial #40,"Latest Udemy Web dev Course With Certificate: https://goharry.in/webdev
Access the Sigma web development course playlist: https://www.youtube.com/playlist?list=PLu0W_9lII9agq5TrH9XLIKQvv0iaF2X3w
➡️ Source Code: https://github.com/CodeWithHarry/Sigma-Web-Dev-Course
➡️ Notes and CheatSheets: https://www.codewithharry.com/notes/
➡️ English Subtitles are now up for all the videos!

►Checkout my English channel here: https://www.youtube.com/channel/UC7btqG2Ww0_2LwuQxpvo2HQ
►Instagram: www.instagram.com/codewithharry

Download UltraEdit Trial for Free: https://bit.ly/UltraEdit-CWH

python, C, C++, Java, JavaScript and Other Cheatsheets [++]:
Playlist: https://www.youtube.com/playlist?list=PLu0W_9lII9agrsRZjFECeFuWY5ev2pQlk

►Learn in One Video[++]:
Python Course with 5 Projects: https://www.youtube.com/watch?v=fqF9M92jzUo
Python[15 Hr]: https://www.youtube.com/watch?v=gfDE2a7MKjA&list=PLu0W_9lII9ahKZ42vg2w9ERPmShYbYAB7
Python Advance[3.5 Hr]: https://www.youtube.com/watch?v=61a7UkDO50s&list=PLu0W_9lII9ahKZ42vg2w9ERPmShYbYAB7
Python[1 Hr]: https://www.youtube.com/watch?v=qHJjMvHLJdg&list=PLu0W_9lII9ahKZ42vg2w9ERPmShYbYAB7
Python[2 Hr]: https://www.youtube.com/watch?v=ihk_Xglr164&list=PLu0W_9lII9ahKZ42vg2w9ERPmShYbYAB7
Python[15 Min]:https://www.youtube.com/watch?v=fr1f84rg4Nw&list=PLu0W_9lII9ahKZ42vg2w9ERPmShYbYAB7
JavaScript[1 Hr]: https://www.youtube.com/watch?v=onbBV0uFVpo&list=PLu0W_9lII9ahKZ42vg2w9ERPmShYbYAB7
C[1.3 Hr]-https://www.youtube.com/watch?v=YXcgD8hRHYY&list=PLu0W_9lII9ahKZ42vg2w9ERPmShYbYAB7
php[1 Hr]: https://www.youtube.com/watch?v=xW7ro3lwaCI&list=PLu0W_9lII9ahKZ42vg2w9ERPmShYbYAB7
php[2.3 Hr]:https://www.youtube.com/watch?v=1SnPKhCdlsU&list=PLu0W_9lII9ahKZ42vg2w9ERPmShYbYAB7
php[Project]- https://www.youtube.com/watch?v=-al2bECumKg&list=PLu0W_9lII9ahKZ42vg2w9ERPmShYbYAB7
HTML[30 Min]:https://www.youtube.com/watch?v=E3ByCRqE7Lo&list=PLu0W_9lII9ahKZ42vg2w9ERPmShYbYAB7
CSS[8.5 Hr]:https://www.youtube.com/watch?v=Edsxf_NBFrw&list=PLu0W_9lII9ahKZ42vg2w9ERPmShYbYAB7
CSS[1.4 Hr]:https://www.youtube.com/watch?v=u5-K_ua9sOw&list=PLu0W_9lII9ahKZ42vg2w9ERPmShYbYAB7
Wordpress[3.2 Hr]:https://www.youtube.com/watch?v=GlLRYml8mCY&list=PLu0W_9lII9ahKZ42vg2w9ERPmShYbYAB7
Angular[2 Hr]:https://www.youtube.com/watch?v=0LhBvp8qpro&list=PLu0W_9lII9ahKZ42vg2w9ERPmShYbYAB7
Java[2.3 Hr]:https://www.youtube.com/watch?v=rV_3Lewxx6o&list=PLu0W_9lII9ahKZ42vg2w9ERPmShYbYAB7
Web Scraping[1 Hr]:https://www.youtube.com/watch?v=uufDGjTuq34&list=PLu0W_9lII9ahKZ42vg2w9ERPmShYbYAB7
MongoDB[2 Hr]:https://www.youtube.com/watch?v=oSIv-E60NiU&list=PLu0W_9lII9ahKZ42vg2w9ERPmShYbYAB7
Numpy[1 Hr]:https://www.youtube.com/watch?v=Rbh1rieb3zc&list=PLu0W_9lII9ahKZ42vg2w9ERPmShYbYAB7
Android Dev[12 Hr]- https://www.youtube.com/watch?v=mXjZQX3UzOs
Linux[1 Hr]:https://www.youtube.com/watch?v=_tCY-c-sPZc&list=PLu0W_9lII9ahKZ42vg2w9ERPmShYbYAB7
JQuery[1.1 Hr]:https://www.youtube.com/watch?v=YFlx1C8XwR0&list=PLu0W_9lII9ahKZ42vg2w9ERPmShYbYAB7
Git and GitHub[1.1 Hr]:https://www.youtube.com/watch?v=gwWKnnCMQ5c&list=PLu0W_9lII9ahKZ42vg2w9ERPmShYbYAB7

►Complete course [playlist]:
React: https://www.youtube.com/playlist?list=PLu0W_9lII9agx66oZnT6IyhcMIbUMNMdt
Python-https://www.youtube.com/playlist?list=PLu0W_9lII9agICnT8t4iYVSZ3eykIAOME
OOP Python-https://www.youtube.com/playlist?list=PLu0W_9lII9ahfRrhFcoB-4lpp9YaBmdCP
Java:https://www.youtube.com/playlist?list=PLu0W_9lII9agS67Uits0UnJyrYiXhDS6q
JavaScript- https://www.youtube.com/playlist?list=PLu0W_9lII9ajyk081To1Cbt2eI5913SsL
PHP-https://www.youtube.com/playlist?list=PLu0W_9lII9aikXkRE0WxDt1vozo3hnmtR
C-https://www.youtube.com/playlist?list=PLu0W_9lII9aiXlHcLx-mDH1Qul38wD3aR
C++-https://www.youtube.com/playlist?list=PLu0W_9lII9agpFUAlPFe_VNSlXW5uE0YL
Git & GitHub-https://www.youtube.com/playlist?list=PLu0W_9lII9ahVQekD7ePHmnirTePXwIln
Android Dev- https://www.youtube.com/playlist?list=PLu0W_9lII9aiL0kysYlfSOUgY5rNlOhUd
Python GUI- https://www.youtube.com/playlist?list=PLu0W_9lII9ajLcqRcj4PoEihkukF_OTzA
Web Development- https://www.youtube.com/playlist?list=PLu0W_9lII9agiCUZYRsvtGTXdxkzPyItg
Python Django:https://www.youtube.com/playlist?list=PLu0W_9lII9ah7DDtYtflgwMwpT3xmjXY9
Projects Using HTML, CSS & Javascript- https://www.youtube.com/playlist?list=PLu0W_9lII9aiQiOwthuSvinxoflmhRxM3
Data Structure and Algo:https://www.youtube.com/playlist?list=PLu0W_9lII9ahIappRPN0MCAgtOu3lQjQi 

Follow Me On Social Media
►Website (created using Django Rest & Angular): https://www.codewithharry.com
►Facebook: https://www.facebook.com/CodeWithHarry
►Instagram: https://www.instagram.com/codewithharry/ 
Twitter: https://twitter.com/CodeWithHarry
Comment ""#HarryBhai"" if you read this 😉😉",https://i.ytimg.com/vi/-uVJlSHueYQ/maxresdefault.jpg,CodeWithHarry,228821,8268,677,950,15:50,"15 Minutes, 50 Seconds",2023-11-06T13:20:20,https://www.youtube.com/watch?v=-uVJlSHueYQ
Exercise 6 - Navbar using Flexbox | Sigma Web Development Course - Tutorial #41,"Latest Udemy Web dev Course With Certificate: https://goharry.in/webdev
Here is the Website you have to design: https://bit.ly/UltraEdit-CWH

Access the Sigma web development course playlist: https://www.youtube.com/playlist?list=PLu0W_9lII9agq5TrH9XLIKQvv0iaF2X3w
➡️ Source Code: https://github.com/CodeWithHarry/Sigma-Web-Dev-Course
➡️ Notes and CheatSheets: https://www.codewithharry.com/notes/
➡️ English Subtitles are now up for all the videos!

►Checkout my English channel here: https://www.youtube.com/channel/UC7btqG2Ww0_2LwuQxpvo2HQ
►Instagram: www.instagram.com/codewithharry

Download UltraEdit Trial for Free: https://bit.ly/UltraEdit-CWH

python, C, C++, Java, JavaScript and Other Cheatsheets [++]:
Playlist: https://www.youtube.com/playlist?list=PLu0W_9lII9agrsRZjFECeFuWY5ev2pQlk

►Learn in One Video[++]:
Python Course with 5 Projects: https://www.youtube.com/watch?v=fqF9M92jzUo
Python[15 Hr]: https://www.youtube.com/watch?v=gfDE2a7MKjA&list=PLu0W_9lII9ahKZ42vg2w9ERPmShYbYAB7
Python Advance[3.5 Hr]: https://www.youtube.com/watch?v=61a7UkDO50s&list=PLu0W_9lII9ahKZ42vg2w9ERPmShYbYAB7
Python[1 Hr]: https://www.youtube.com/watch?v=qHJjMvHLJdg&list=PLu0W_9lII9ahKZ42vg2w9ERPmShYbYAB7
Python[2 Hr]: https://www.youtube.com/watch?v=ihk_Xglr164&list=PLu0W_9lII9ahKZ42vg2w9ERPmShYbYAB7
Python[15 Min]:https://www.youtube.com/watch?v=fr1f84rg4Nw&list=PLu0W_9lII9ahKZ42vg2w9ERPmShYbYAB7
JavaScript[1 Hr]: https://www.youtube.com/watch?v=onbBV0uFVpo&list=PLu0W_9lII9ahKZ42vg2w9ERPmShYbYAB7
C[1.3 Hr]-https://www.youtube.com/watch?v=YXcgD8hRHYY&list=PLu0W_9lII9ahKZ42vg2w9ERPmShYbYAB7
php[1 Hr]: https://www.youtube.com/watch?v=xW7ro3lwaCI&list=PLu0W_9lII9ahKZ42vg2w9ERPmShYbYAB7
php[2.3 Hr]:https://www.youtube.com/watch?v=1SnPKhCdlsU&list=PLu0W_9lII9ahKZ42vg2w9ERPmShYbYAB7
php[Project]- https://www.youtube.com/watch?v=-al2bECumKg&list=PLu0W_9lII9ahKZ42vg2w9ERPmShYbYAB7
HTML[30 Min]:https://www.youtube.com/watch?v=E3ByCRqE7Lo&list=PLu0W_9lII9ahKZ42vg2w9ERPmShYbYAB7
CSS[8.5 Hr]:https://www.youtube.com/watch?v=Edsxf_NBFrw&list=PLu0W_9lII9ahKZ42vg2w9ERPmShYbYAB7
CSS[1.4 Hr]:https://www.youtube.com/watch?v=u5-K_ua9sOw&list=PLu0W_9lII9ahKZ42vg2w9ERPmShYbYAB7
Wordpress[3.2 Hr]:https://www.youtube.com/watch?v=GlLRYml8mCY&list=PLu0W_9lII9ahKZ42vg2w9ERPmShYbYAB7
Angular[2 Hr]:https://www.youtube.com/watch?v=0LhBvp8qpro&list=PLu0W_9lII9ahKZ42vg2w9ERPmShYbYAB7
Java[2.3 Hr]:https://www.youtube.com/watch?v=rV_3Lewxx6o&list=PLu0W_9lII9ahKZ42vg2w9ERPmShYbYAB7
Web Scraping[1 Hr]:https://www.youtube.com/watch?v=uufDGjTuq34&list=PLu0W_9lII9ahKZ42vg2w9ERPmShYbYAB7
MongoDB[2 Hr]:https://www.youtube.com/watch?v=oSIv-E60NiU&list=PLu0W_9lII9ahKZ42vg2w9ERPmShYbYAB7
Numpy[1 Hr]:https://www.youtube.com/watch?v=Rbh1rieb3zc&list=PLu0W_9lII9ahKZ42vg2w9ERPmShYbYAB7
Android Dev[12 Hr]- https://www.youtube.com/watch?v=mXjZQX3UzOs
Linux[1 Hr]:https://www.youtube.com/watch?v=_tCY-c-sPZc&list=PLu0W_9lII9ahKZ42vg2w9ERPmShYbYAB7
JQuery[1.1 Hr]:https://www.youtube.com/watch?v=YFlx1C8XwR0&list=PLu0W_9lII9ahKZ42vg2w9ERPmShYbYAB7
Git and GitHub[1.1 Hr]:https://www.youtube.com/watch?v=gwWKnnCMQ5c&list=PLu0W_9lII9ahKZ42vg2w9ERPmShYbYAB7

►Complete course [playlist]:
React: https://www.youtube.com/playlist?list=PLu0W_9lII9agx66oZnT6IyhcMIbUMNMdt
Python-https://www.youtube.com/playlist?list=PLu0W_9lII9agICnT8t4iYVSZ3eykIAOME
OOP Python-https://www.youtube.com/playlist?list=PLu0W_9lII9ahfRrhFcoB-4lpp9YaBmdCP
Java:https://www.youtube.com/playlist?list=PLu0W_9lII9agS67Uits0UnJyrYiXhDS6q
JavaScript- https://www.youtube.com/playlist?list=PLu0W_9lII9ajyk081To1Cbt2eI5913SsL
PHP-https://www.youtube.com/playlist?list=PLu0W_9lII9aikXkRE0WxDt1vozo3hnmtR
C-https://www.youtube.com/playlist?list=PLu0W_9lII9aiXlHcLx-mDH1Qul38wD3aR
C++-https://www.youtube.com/playlist?list=PLu0W_9lII9agpFUAlPFe_VNSlXW5uE0YL
Git & GitHub-https://www.youtube.com/playlist?list=PLu0W_9lII9ahVQekD7ePHmnirTePXwIln
Android Dev- https://www.youtube.com/playlist?list=PLu0W_9lII9aiL0kysYlfSOUgY5rNlOhUd
Python GUI- https://www.youtube.com/playlist?list=PLu0W_9lII9ajLcqRcj4PoEihkukF_OTzA
Web Development- https://www.youtube.com/playlist?list=PLu0W_9lII9agiCUZYRsvtGTXdxkzPyItg
Python Django:https://www.youtube.com/playlist?list=PLu0W_9lII9ah7DDtYtflgwMwpT3xmjXY9
Projects Using HTML, CSS & Javascript- https://www.youtube.com/playlist?list=PLu0W_9lII9aiQiOwthuSvinxoflmhRxM3
Data Structure and Algo:https://www.youtube.com/playlist?list=PLu0W_9lII9ahIappRPN0MCAgtOu3lQjQi 

Follow Me On Social Media
►Website (created using Django Rest & Angular): https://www.codewithharry.com
►Facebook: https://www.facebook.com/CodeWithHarry
►Instagram: https://www.instagram.com/codewithharry/ 
Twitter: https://twitter.com/CodeWithHarry
Comment ""#HarryBhai"" if you read this 😉😉",https://i.ytimg.com/vi/A5fK2Y8-if8/maxresdefault.jpg,CodeWithHarry,235967,9009,1473,201,3:21,"3 Minutes, 21 Seconds",2023-11-07T11:30:03,https://www.youtube.com/watch?v=A5fK2Y8-if8
CSS Transforms MasterClass | Sigma Web Development Course - Tutorial #42,"Latest Udemy Web dev Course With Certificate: https://goharry.in/webdev
Access the Sigma web development course playlist: https://www.youtube.com/playlist?list=PLu0W_9lII9agq5TrH9XLIKQvv0iaF2X3w
➡️ Source Code: https://github.com/CodeWithHarry/Sigma-Web-Dev-Course
➡️ Notes and CheatSheets: https://www.codewithharry.com/notes/
➡️ English Subtitles are now up for all the videos!

Timestamps🕰️
Introduction 00:00 
Sigma Web Developer Intro 00:38
Transform Property 00:48       
Transform Rotate() 01:58       
Transform Scale() 04:41       
Transform Skew() 05:17       
Transform Translate() 05:49       
Using Multiple Properties 06:17       
When is the Transform property used? 06:53       
Transform Origin 07:35       
CodeWithHarry Special 09:04       
Conclusion 10:42      
Sigma Outro 11:00

►Checkout my English channel here: https://www.youtube.com/channel/UC7btqG2Ww0_2LwuQxpvo2HQ
►Instagram: www.instagram.com/codewithharry

Download UltraEdit Trial for Free: https://bit.ly/UltraEdit-CWH

python, C, C++, Java, JavaScript and Other Cheatsheets [++]:
Playlist: https://www.youtube.com/playlist?list=PLu0W_9lII9agrsRZjFECeFuWY5ev2pQlk

►Learn in One Video[++]:
Python Course with 5 Projects: https://www.youtube.com/watch?v=fqF9M92jzUo
Python[15 Hr]: https://www.youtube.com/watch?v=gfDE2a7MKjA&list=PLu0W_9lII9ahKZ42vg2w9ERPmShYbYAB7
Python Advance[3.5 Hr]: https://www.youtube.com/watch?v=61a7UkDO50s&list=PLu0W_9lII9ahKZ42vg2w9ERPmShYbYAB7
Python[1 Hr]: https://www.youtube.com/watch?v=qHJjMvHLJdg&list=PLu0W_9lII9ahKZ42vg2w9ERPmShYbYAB7
Python[2 Hr]: https://www.youtube.com/watch?v=ihk_Xglr164&list=PLu0W_9lII9ahKZ42vg2w9ERPmShYbYAB7
Python[15 Min]:https://www.youtube.com/watch?v=fr1f84rg4Nw&list=PLu0W_9lII9ahKZ42vg2w9ERPmShYbYAB7
JavaScript[1 Hr]: https://www.youtube.com/watch?v=onbBV0uFVpo&list=PLu0W_9lII9ahKZ42vg2w9ERPmShYbYAB7
C[1.3 Hr]-https://www.youtube.com/watch?v=YXcgD8hRHYY&list=PLu0W_9lII9ahKZ42vg2w9ERPmShYbYAB7
php[1 Hr]: https://www.youtube.com/watch?v=xW7ro3lwaCI&list=PLu0W_9lII9ahKZ42vg2w9ERPmShYbYAB7
php[2.3 Hr]:https://www.youtube.com/watch?v=1SnPKhCdlsU&list=PLu0W_9lII9ahKZ42vg2w9ERPmShYbYAB7
php[Project]- https://www.youtube.com/watch?v=-al2bECumKg&list=PLu0W_9lII9ahKZ42vg2w9ERPmShYbYAB7
HTML[30 Min]:https://www.youtube.com/watch?v=E3ByCRqE7Lo&list=PLu0W_9lII9ahKZ42vg2w9ERPmShYbYAB7
CSS[8.5 Hr]:https://www.youtube.com/watch?v=Edsxf_NBFrw&list=PLu0W_9lII9ahKZ42vg2w9ERPmShYbYAB7
CSS[1.4 Hr]:https://www.youtube.com/watch?v=u5-K_ua9sOw&list=PLu0W_9lII9ahKZ42vg2w9ERPmShYbYAB7
Wordpress[3.2 Hr]:https://www.youtube.com/watch?v=GlLRYml8mCY&list=PLu0W_9lII9ahKZ42vg2w9ERPmShYbYAB7
Angular[2 Hr]:https://www.youtube.com/watch?v=0LhBvp8qpro&list=PLu0W_9lII9ahKZ42vg2w9ERPmShYbYAB7
Java[2.3 Hr]:https://www.youtube.com/watch?v=rV_3Lewxx6o&list=PLu0W_9lII9ahKZ42vg2w9ERPmShYbYAB7
Web Scraping[1 Hr]:https://www.youtube.com/watch?v=uufDGjTuq34&list=PLu0W_9lII9ahKZ42vg2w9ERPmShYbYAB7
MongoDB[2 Hr]:https://www.youtube.com/watch?v=oSIv-E60NiU&list=PLu0W_9lII9ahKZ42vg2w9ERPmShYbYAB7
Numpy[1 Hr]:https://www.youtube.com/watch?v=Rbh1rieb3zc&list=PLu0W_9lII9ahKZ42vg2w9ERPmShYbYAB7
Android Dev[12 Hr]- https://www.youtube.com/watch?v=mXjZQX3UzOs
Linux[1 Hr]:https://www.youtube.com/watch?v=_tCY-c-sPZc&list=PLu0W_9lII9ahKZ42vg2w9ERPmShYbYAB7
JQuery[1.1 Hr]:https://www.youtube.com/watch?v=YFlx1C8XwR0&list=PLu0W_9lII9ahKZ42vg2w9ERPmShYbYAB7
Git and GitHub[1.1 Hr]:https://www.youtube.com/watch?v=gwWKnnCMQ5c&list=PLu0W_9lII9ahKZ42vg2w9ERPmShYbYAB7

►Complete course [playlist]:
React: https://www.youtube.com/playlist?list=PLu0W_9lII9agx66oZnT6IyhcMIbUMNMdt
Python-https://www.youtube.com/playlist?list=PLu0W_9lII9agICnT8t4iYVSZ3eykIAOME
OOP Python-https://www.youtube.com/playlist?list=PLu0W_9lII9ahfRrhFcoB-4lpp9YaBmdCP
Java:https://www.youtube.com/playlist?list=PLu0W_9lII9agS67Uits0UnJyrYiXhDS6q
JavaScript- https://www.youtube.com/playlist?list=PLu0W_9lII9ajyk081To1Cbt2eI5913SsL
PHP-https://www.youtube.com/playlist?list=PLu0W_9lII9aikXkRE0WxDt1vozo3hnmtR
C-https://www.youtube.com/playlist?list=PLu0W_9lII9aiXlHcLx-mDH1Qul38wD3aR
C++-https://www.youtube.com/playlist?list=PLu0W_9lII9agpFUAlPFe_VNSlXW5uE0YL
Git & GitHub-https://www.youtube.com/playlist?list=PLu0W_9lII9ahVQekD7ePHmnirTePXwIln
Android Dev- https://www.youtube.com/playlist?list=PLu0W_9lII9aiL0kysYlfSOUgY5rNlOhUd 

Follow Me On Social Media
►Website (created using Django Rest & Angular): https://www.codewithharry.com
►Facebook: https://www.facebook.com/CodeWithHarry
►Instagram: https://www.instagram.com/codewithharry/ 
Twitter: https://twitter.com/CodeWithHarry
Comment ""#HarryBhai"" if you read this 😉😉",https://i.ytimg.com/vi/GGlzzLTLzxs/maxresdefault.jpg,CodeWithHarry,266285,12127,999,682,11:22,"11 Minutes, 22 Seconds",2023-11-08T14:59:43,https://www.youtube.com/watch?v=GGlzzLTLzxs
Exercise 6 - Solution & Shoutouts | Sigma Web Development Course - Tutorial #43,"Latest Udemy Web dev Course With Certificate: https://goharry.in/webdev
Here is the Website we have to design: https://bit.ly/UltraEdit-CWH

Access the Sigma web development course playlist: https://www.youtube.com/playlist?list=PLu0W_9lII9agq5TrH9XLIKQvv0iaF2X3w
➡️ Source Code: https://github.com/CodeWithHarry/Sigma-Web-Dev-Course
➡️ Notes and CheatSheets: https://www.codewithharry.com/notes/
➡️ English Subtitles are now up for all the videos!

Timestamps 🕰️
00:00 Introduction
00:14 Sigma Web Developer Intro
00:24 Solution
11:39 Shoutouts
19:52 Conclusion
20:04 Sigma Outro

►Checkout my English channel here: https://www.youtube.com/channel/UC7btqG2Ww0_2LwuQxpvo2HQ
►Instagram: www.instagram.com/codewithharry

Download UltraEdit Trial for Free: https://bit.ly/UltraEdit-CWH

python, C, C++, Java, JavaScript and Other Cheatsheets [++]:
Playlist: https://www.youtube.com/playlist?list=PLu0W_9lII9agrsRZjFECeFuWY5ev2pQlk

►Learn in One Video[++]:
Python Course with 5 Projects: https://www.youtube.com/watch?v=fqF9M92jzUo
Python[15 Hr]: https://www.youtube.com/watch?v=gfDE2a7MKjA&list=PLu0W_9lII9ahKZ42vg2w9ERPmShYbYAB7
Python Advance[3.5 Hr]: https://www.youtube.com/watch?v=61a7UkDO50s&list=PLu0W_9lII9ahKZ42vg2w9ERPmShYbYAB7
Python[1 Hr]: https://www.youtube.com/watch?v=qHJjMvHLJdg&list=PLu0W_9lII9ahKZ42vg2w9ERPmShYbYAB7
Python[2 Hr]: https://www.youtube.com/watch?v=ihk_Xglr164&list=PLu0W_9lII9ahKZ42vg2w9ERPmShYbYAB7
Python[15 Min]:https://www.youtube.com/watch?v=fr1f84rg4Nw&list=PLu0W_9lII9ahKZ42vg2w9ERPmShYbYAB7
JavaScript[1 Hr]: https://www.youtube.com/watch?v=onbBV0uFVpo&list=PLu0W_9lII9ahKZ42vg2w9ERPmShYbYAB7
C[1.3 Hr]-https://www.youtube.com/watch?v=YXcgD8hRHYY&list=PLu0W_9lII9ahKZ42vg2w9ERPmShYbYAB7
php[1 Hr]: https://www.youtube.com/watch?v=xW7ro3lwaCI&list=PLu0W_9lII9ahKZ42vg2w9ERPmShYbYAB7
php[2.3 Hr]:https://www.youtube.com/watch?v=1SnPKhCdlsU&list=PLu0W_9lII9ahKZ42vg2w9ERPmShYbYAB7
php[Project]- https://www.youtube.com/watch?v=-al2bECumKg&list=PLu0W_9lII9ahKZ42vg2w9ERPmShYbYAB7
HTML[30 Min]:https://www.youtube.com/watch?v=E3ByCRqE7Lo&list=PLu0W_9lII9ahKZ42vg2w9ERPmShYbYAB7
CSS[8.5 Hr]:https://www.youtube.com/watch?v=Edsxf_NBFrw&list=PLu0W_9lII9ahKZ42vg2w9ERPmShYbYAB7
CSS[1.4 Hr]:https://www.youtube.com/watch?v=u5-K_ua9sOw&list=PLu0W_9lII9ahKZ42vg2w9ERPmShYbYAB7
Wordpress[3.2 Hr]:https://www.youtube.com/watch?v=GlLRYml8mCY&list=PLu0W_9lII9ahKZ42vg2w9ERPmShYbYAB7
Angular[2 Hr]:https://www.youtube.com/watch?v=0LhBvp8qpro&list=PLu0W_9lII9ahKZ42vg2w9ERPmShYbYAB7
Java[2.3 Hr]:https://www.youtube.com/watch?v=rV_3Lewxx6o&list=PLu0W_9lII9ahKZ42vg2w9ERPmShYbYAB7
Web Scraping[1 Hr]:https://www.youtube.com/watch?v=uufDGjTuq34&list=PLu0W_9lII9ahKZ42vg2w9ERPmShYbYAB7
MongoDB[2 Hr]:https://www.youtube.com/watch?v=oSIv-E60NiU&list=PLu0W_9lII9ahKZ42vg2w9ERPmShYbYAB7
Numpy[1 Hr]:https://www.youtube.com/watch?v=Rbh1rieb3zc&list=PLu0W_9lII9ahKZ42vg2w9ERPmShYbYAB7
Android Dev[12 Hr]- https://www.youtube.com/watch?v=mXjZQX3UzOs
Linux[1 Hr]:https://www.youtube.com/watch?v=_tCY-c-sPZc&list=PLu0W_9lII9ahKZ42vg2w9ERPmShYbYAB7
JQuery[1.1 Hr]:https://www.youtube.com/watch?v=YFlx1C8XwR0&list=PLu0W_9lII9ahKZ42vg2w9ERPmShYbYAB7
Git and GitHub[1.1 Hr]:https://www.youtube.com/watch?v=gwWKnnCMQ5c&list=PLu0W_9lII9ahKZ42vg2w9ERPmShYbYAB7

►Complete course [playlist]:
React: https://www.youtube.com/playlist?list=PLu0W_9lII9agx66oZnT6IyhcMIbUMNMdt
Python-https://www.youtube.com/playlist?list=PLu0W_9lII9agICnT8t4iYVSZ3eykIAOME
OOP Python-https://www.youtube.com/playlist?list=PLu0W_9lII9ahfRrhFcoB-4lpp9YaBmdCP
Java:https://www.youtube.com/playlist?list=PLu0W_9lII9agS67Uits0UnJyrYiXhDS6q
JavaScript- https://www.youtube.com/playlist?list=PLu0W_9lII9ajyk081To1Cbt2eI5913SsL
PHP-https://www.youtube.com/playlist?list=PLu0W_9lII9aikXkRE0WxDt1vozo3hnmtR
C-https://www.youtube.com/playlist?list=PLu0W_9lII9aiXlHcLx-mDH1Qul38wD3aR
C++-https://www.youtube.com/playlist?list=PLu0W_9lII9agpFUAlPFe_VNSlXW5uE0YL
Git & GitHub-https://www.youtube.com/playlist?list=PLu0W_9lII9ahVQekD7ePHmnirTePXwIln
Android Dev- https://www.youtube.com/playlist?list=PLu0W_9lII9aiL0kysYlfSOUgY5rNlOhUd
Python GUI- https://www.youtube.com/playlist?list=PLu0W_9lII9ajLcqRcj4PoEihkukF_OTzA
Web Development- https://www.youtube.com/playlist?list=PLu0W_9lII9agiCUZYRsvtGTXdxkzPyItg
Python Django:https://www.youtube.com/playlist?list=PLu0W_9lII9ah7DDtYtflgwMwpT3xmjXY9
Projects Using HTML, CSS & Javascript- https://www.youtube.com/playlist?list=PLu0W_9lII9aiQiOwthuSvinxoflmhRxM3
Data Structure and Algo:https://www.youtube.com/playlist?list=PLu0W_9lII9ahIappRPN0MCAgtOu3lQjQi 

Follow Me On Social Media
►Website (created using Django Rest & Angular): https://www.codewithharry.com
►Facebook: https://www.facebook.com/CodeWithHarry
►Instagram: https://www.instagram.com/codewithharry/ 
Twitter: https://twitter.com/CodeWithHarry
Comment ""#HarryBhai"" if you read this 😉😉",https://i.ytimg.com/vi/SC7GCk1OiVo/maxresdefault.jpg,CodeWithHarry,238807,7669,556,1227,20:27,"20 Minutes, 27 Seconds",2023-11-09T11:30:17,https://www.youtube.com/watch?v=SC7GCk1OiVo
Exercise 7 - Design the Grid | Sigma Web Development Course - Tutorial #44,"Latest Udemy Web dev Course With Certificate: https://goharry.in/webdev
Here is the Website you have to design: https://bit.ly/UltraEdit-CWH
Access the Sigma web development course playlist: https://www.youtube.com/playlist?list=PLu0W_9lII9agq5TrH9XLIKQvv0iaF2X3w
➡️ Source Code: https://github.com/CodeWithHarry/Sigma-Web-Dev-Course
➡️ Notes and CheatSheets: https://www.codewithharry.com/notes/
➡️ English Subtitles are now up for all the videos!

Timestamp 🕰️
00:00 Introduction
00:18 Sigma Web Developer Intro
00:28 Exercise 7
04:16 Conclusion
05:18 Sigma Outro

►Checkout my English channel here: https://www.youtube.com/channel/UC7btqG2Ww0_2LwuQxpvo2HQ
►Instagram: www.instagram.com/codewithharry

Download UltraEdit Trial for Free: https://bit.ly/UltraEdit-CWH

python, C, C++, Java, JavaScript and Other Cheatsheets [++]:
Playlist: https://www.youtube.com/playlist?list=PLu0W_9lII9agrsRZjFECeFuWY5ev2pQlk

►Learn in One Video[++]:
Python Course with 5 Projects: https://www.youtube.com/watch?v=fqF9M92jzUo
Python[15 Hr]: https://www.youtube.com/watch?v=gfDE2a7MKjA&list=PLu0W_9lII9ahKZ42vg2w9ERPmShYbYAB7
Python Advance[3.5 Hr]: https://www.youtube.com/watch?v=61a7UkDO50s&list=PLu0W_9lII9ahKZ42vg2w9ERPmShYbYAB7
Python[1 Hr]: https://www.youtube.com/watch?v=qHJjMvHLJdg&list=PLu0W_9lII9ahKZ42vg2w9ERPmShYbYAB7
Python[2 Hr]: https://www.youtube.com/watch?v=ihk_Xglr164&list=PLu0W_9lII9ahKZ42vg2w9ERPmShYbYAB7
Python[15 Min]:https://www.youtube.com/watch?v=fr1f84rg4Nw&list=PLu0W_9lII9ahKZ42vg2w9ERPmShYbYAB7
JavaScript[1 Hr]: https://www.youtube.com/watch?v=onbBV0uFVpo&list=PLu0W_9lII9ahKZ42vg2w9ERPmShYbYAB7
C[1.3 Hr]-https://www.youtube.com/watch?v=YXcgD8hRHYY&list=PLu0W_9lII9ahKZ42vg2w9ERPmShYbYAB7
php[1 Hr]: https://www.youtube.com/watch?v=xW7ro3lwaCI&list=PLu0W_9lII9ahKZ42vg2w9ERPmShYbYAB7
php[2.3 Hr]:https://www.youtube.com/watch?v=1SnPKhCdlsU&list=PLu0W_9lII9ahKZ42vg2w9ERPmShYbYAB7
php[Project]- https://www.youtube.com/watch?v=-al2bECumKg&list=PLu0W_9lII9ahKZ42vg2w9ERPmShYbYAB7
HTML[30 Min]:https://www.youtube.com/watch?v=E3ByCRqE7Lo&list=PLu0W_9lII9ahKZ42vg2w9ERPmShYbYAB7
CSS[8.5 Hr]:https://www.youtube.com/watch?v=Edsxf_NBFrw&list=PLu0W_9lII9ahKZ42vg2w9ERPmShYbYAB7
CSS[1.4 Hr]:https://www.youtube.com/watch?v=u5-K_ua9sOw&list=PLu0W_9lII9ahKZ42vg2w9ERPmShYbYAB7
Wordpress[3.2 Hr]:https://www.youtube.com/watch?v=GlLRYml8mCY&list=PLu0W_9lII9ahKZ42vg2w9ERPmShYbYAB7
Angular[2 Hr]:https://www.youtube.com/watch?v=0LhBvp8qpro&list=PLu0W_9lII9ahKZ42vg2w9ERPmShYbYAB7
Java[2.3 Hr]:https://www.youtube.com/watch?v=rV_3Lewxx6o&list=PLu0W_9lII9ahKZ42vg2w9ERPmShYbYAB7
Web Scraping[1 Hr]:https://www.youtube.com/watch?v=uufDGjTuq34&list=PLu0W_9lII9ahKZ42vg2w9ERPmShYbYAB7
MongoDB[2 Hr]:https://www.youtube.com/watch?v=oSIv-E60NiU&list=PLu0W_9lII9ahKZ42vg2w9ERPmShYbYAB7
Numpy[1 Hr]:https://www.youtube.com/watch?v=Rbh1rieb3zc&list=PLu0W_9lII9ahKZ42vg2w9ERPmShYbYAB7
Android Dev[12 Hr]- https://www.youtube.com/watch?v=mXjZQX3UzOs
Linux[1 Hr]:https://www.youtube.com/watch?v=_tCY-c-sPZc&list=PLu0W_9lII9ahKZ42vg2w9ERPmShYbYAB7
JQuery[1.1 Hr]:https://www.youtube.com/watch?v=YFlx1C8XwR0&list=PLu0W_9lII9ahKZ42vg2w9ERPmShYbYAB7
Git and GitHub[1.1 Hr]:https://www.youtube.com/watch?v=gwWKnnCMQ5c&list=PLu0W_9lII9ahKZ42vg2w9ERPmShYbYAB7

►Complete course [playlist]:
React: https://www.youtube.com/playlist?list=PLu0W_9lII9agx66oZnT6IyhcMIbUMNMdt
Python-https://www.youtube.com/playlist?list=PLu0W_9lII9agICnT8t4iYVSZ3eykIAOME
OOP Python-https://www.youtube.com/playlist?list=PLu0W_9lII9ahfRrhFcoB-4lpp9YaBmdCP
Java:https://www.youtube.com/playlist?list=PLu0W_9lII9agS67Uits0UnJyrYiXhDS6q
JavaScript- https://www.youtube.com/playlist?list=PLu0W_9lII9ajyk081To1Cbt2eI5913SsL
PHP-https://www.youtube.com/playlist?list=PLu0W_9lII9aikXkRE0WxDt1vozo3hnmtR
C-https://www.youtube.com/playlist?list=PLu0W_9lII9aiXlHcLx-mDH1Qul38wD3aR
C++-https://www.youtube.com/playlist?list=PLu0W_9lII9agpFUAlPFe_VNSlXW5uE0YL
Git & GitHub-https://www.youtube.com/playlist?list=PLu0W_9lII9ahVQekD7ePHmnirTePXwIln
Android Dev- https://www.youtube.com/playlist?list=PLu0W_9lII9aiL0kysYlfSOUgY5rNlOhUd
Python GUI- https://www.youtube.com/playlist?list=PLu0W_9lII9ajLcqRcj4PoEihkukF_OTzA
Web Development- https://www.youtube.com/playlist?list=PLu0W_9lII9agiCUZYRsvtGTXdxkzPyItg
Python Django:https://www.youtube.com/playlist?list=PLu0W_9lII9ah7DDtYtflgwMwpT3xmjXY9
Projects Using HTML, CSS & Javascript- https://www.youtube.com/playlist?list=PLu0W_9lII9aiQiOwthuSvinxoflmhRxM3
Data Structure and Algo:https://www.youtube.com/playlist?list=PLu0W_9lII9ahIappRPN0MCAgtOu3lQjQi 

Follow Me On Social Media
►Website (created using Django Rest & Angular): https://www.codewithharry.com
►Facebook: https://www.facebook.com/CodeWithHarry
►Instagram: https://www.instagram.com/codewithharry/ 
Twitter: https://twitter.com/CodeWithHarry
Comment ""#HarryBhai"" if you read this 😉😉",https://i.ytimg.com/vi/zJaiTrw-hu8/maxresdefault.jpg,CodeWithHarry,203073,12777,1754,341,5:41,"5 Minutes, 41 Seconds",2023-11-10T11:30:29,https://www.youtube.com/watch?v=zJaiTrw-hu8
CSS Transition Property | Sigma Web Development Course - Tutorial #45,"Latest Udemy Web dev Course With Certificate: https://goharry.in/webdev
Access the Sigma web development course playlist: https://www.youtube.com/playlist?list=PLu0W_9lII9agq5TrH9XLIKQvv0iaF2X3w
➡️ Source Code: https://github.com/CodeWithHarry/Sigma-Web-Dev-Course
➡️ Notes and CheatSheets: https://www.codewithharry.com/notes/
➡️ English Subtitles are now up for all the videos!

Timestamp 🕰️
00:00 Introduction
00:18 Sigma Web Developer Intro
00:28 Transition Property
06:07 Combining all Transition Properties in one
07:15 Transition on Multiple Properties
08:21 Timing Function
10:30 Shorthand Property
12:15 Conclusion
13:10 Sigma Outro


►Checkout my English channel here: https://www.youtube.com/channel/UC7btqG2Ww0_2LwuQxpvo2HQ
►Instagram: www.instagram.com/codewithharry

Download UltraEdit Trial for Free: https://bit.ly/UltraEdit-CWH

python, C, C++, Java, JavaScript and Other Cheatsheets [++]:
Playlist: https://www.youtube.com/playlist?list=PLu0W_9lII9agrsRZjFECeFuWY5ev2pQlk

►Learn in One Video[++]:
Python Course with 5 Projects: https://www.youtube.com/watch?v=fqF9M92jzUo
Python[15 Hr]: https://www.youtube.com/watch?v=gfDE2a7MKjA&list=PLu0W_9lII9ahKZ42vg2w9ERPmShYbYAB7
Python Advance[3.5 Hr]: https://www.youtube.com/watch?v=61a7UkDO50s&list=PLu0W_9lII9ahKZ42vg2w9ERPmShYbYAB7
Python[1 Hr]: https://www.youtube.com/watch?v=qHJjMvHLJdg&list=PLu0W_9lII9ahKZ42vg2w9ERPmShYbYAB7
Python[2 Hr]: https://www.youtube.com/watch?v=ihk_Xglr164&list=PLu0W_9lII9ahKZ42vg2w9ERPmShYbYAB7
Python[15 Min]:https://www.youtube.com/watch?v=fr1f84rg4Nw&list=PLu0W_9lII9ahKZ42vg2w9ERPmShYbYAB7
JavaScript[1 Hr]: https://www.youtube.com/watch?v=onbBV0uFVpo&list=PLu0W_9lII9ahKZ42vg2w9ERPmShYbYAB7
C[1.3 Hr]-https://www.youtube.com/watch?v=YXcgD8hRHYY&list=PLu0W_9lII9ahKZ42vg2w9ERPmShYbYAB7
php[1 Hr]: https://www.youtube.com/watch?v=xW7ro3lwaCI&list=PLu0W_9lII9ahKZ42vg2w9ERPmShYbYAB7
php[2.3 Hr]:https://www.youtube.com/watch?v=1SnPKhCdlsU&list=PLu0W_9lII9ahKZ42vg2w9ERPmShYbYAB7
php[Project]- https://www.youtube.com/watch?v=-al2bECumKg&list=PLu0W_9lII9ahKZ42vg2w9ERPmShYbYAB7
HTML[30 Min]:https://www.youtube.com/watch?v=E3ByCRqE7Lo&list=PLu0W_9lII9ahKZ42vg2w9ERPmShYbYAB7
CSS[8.5 Hr]:https://www.youtube.com/watch?v=Edsxf_NBFrw&list=PLu0W_9lII9ahKZ42vg2w9ERPmShYbYAB7
CSS[1.4 Hr]:https://www.youtube.com/watch?v=u5-K_ua9sOw&list=PLu0W_9lII9ahKZ42vg2w9ERPmShYbYAB7
Wordpress[3.2 Hr]:https://www.youtube.com/watch?v=GlLRYml8mCY&list=PLu0W_9lII9ahKZ42vg2w9ERPmShYbYAB7
Angular[2 Hr]:https://www.youtube.com/watch?v=0LhBvp8qpro&list=PLu0W_9lII9ahKZ42vg2w9ERPmShYbYAB7
Java[2.3 Hr]:https://www.youtube.com/watch?v=rV_3Lewxx6o&list=PLu0W_9lII9ahKZ42vg2w9ERPmShYbYAB7
Web Scraping[1 Hr]:https://www.youtube.com/watch?v=uufDGjTuq34&list=PLu0W_9lII9ahKZ42vg2w9ERPmShYbYAB7
MongoDB[2 Hr]:https://www.youtube.com/watch?v=oSIv-E60NiU&list=PLu0W_9lII9ahKZ42vg2w9ERPmShYbYAB7
Numpy[1 Hr]:https://www.youtube.com/watch?v=Rbh1rieb3zc&list=PLu0W_9lII9ahKZ42vg2w9ERPmShYbYAB7
Android Dev[12 Hr]- https://www.youtube.com/watch?v=mXjZQX3UzOs
Linux[1 Hr]:https://www.youtube.com/watch?v=_tCY-c-sPZc&list=PLu0W_9lII9ahKZ42vg2w9ERPmShYbYAB7
JQuery[1.1 Hr]:https://www.youtube.com/watch?v=YFlx1C8XwR0&list=PLu0W_9lII9ahKZ42vg2w9ERPmShYbYAB7
Git and GitHub[1.1 Hr]:https://www.youtube.com/watch?v=gwWKnnCMQ5c&list=PLu0W_9lII9ahKZ42vg2w9ERPmShYbYAB7

►Complete course [playlist]:
React: https://www.youtube.com/playlist?list=PLu0W_9lII9agx66oZnT6IyhcMIbUMNMdt
Python-https://www.youtube.com/playlist?list=PLu0W_9lII9agICnT8t4iYVSZ3eykIAOME
OOP Python-https://www.youtube.com/playlist?list=PLu0W_9lII9ahfRrhFcoB-4lpp9YaBmdCP
Java:https://www.youtube.com/playlist?list=PLu0W_9lII9agS67Uits0UnJyrYiXhDS6q
JavaScript- https://www.youtube.com/playlist?list=PLu0W_9lII9ajyk081To1Cbt2eI5913SsL
PHP-https://www.youtube.com/playlist?list=PLu0W_9lII9aikXkRE0WxDt1vozo3hnmtR
C-https://www.youtube.com/playlist?list=PLu0W_9lII9aiXlHcLx-mDH1Qul38wD3aR
C++-https://www.youtube.com/playlist?list=PLu0W_9lII9agpFUAlPFe_VNSlXW5uE0YL
Git & GitHub-https://www.youtube.com/playlist?list=PLu0W_9lII9ahVQekD7ePHmnirTePXwIln
Android Dev- https://www.youtube.com/playlist?list=PLu0W_9lII9aiL0kysYlfSOUgY5rNlOhUd
Python GUI- https://www.youtube.com/playlist?list=PLu0W_9lII9ajLcqRcj4PoEihkukF_OTzA
Web Development- https://www.youtube.com/playlist?list=PLu0W_9lII9agiCUZYRsvtGTXdxkzPyItg
Python Django:https://www.youtube.com/playlist?list=PLu0W_9lII9ah7DDtYtflgwMwpT3xmjXY9
Projects Using HTML, CSS & Javascript- https://www.youtube.com/playlist?list=PLu0W_9lII9aiQiOwthuSvinxoflmhRxM3
Data Structure and Algo:https://www.youtube.com/playlist?list=PLu0W_9lII9ahIappRPN0MCAgtOu3lQjQi 

Follow Me On Social Media
►Website (created using Django Rest & Angular): https://www.codewithharry.com
►Facebook: https://www.facebook.com/CodeWithHarry
►Instagram: https://www.instagram.com/codewithharry/ 
Twitter: https://twitter.com/CodeWithHarry
Comment ""#HarryBhai"" if you read this 😉😉",https://i.ytimg.com/vi/pHI4PBFM0wY/maxresdefault.jpg,CodeWithHarry,283909,15962,1118,813,13:33,"13 Minutes, 33 Seconds",2023-11-11T11:30:20,https://www.youtube.com/watch?v=pHI4PBFM0wY
CSS Animations | Sigma Web Development Course - Tutorial #46,"Latest Udemy Web dev Course With Certificate: https://goharry.in/webdev
Access the Sigma web development course playlist: https://www.youtube.com/playlist?list=PLu0W_9lII9agq5TrH9XLIKQvv0iaF2X3w
➡️ Source Code: https://github.com/CodeWithHarry/Sigma-Web-Dev-Course
➡️ Notes and CheatSheets: https://www.codewithharry.com/notes/
➡️ English Subtitles are now up for all the videos!

Timestamps 🕰️
00:00 Introduction
00:35 Sigma Web Developer Intro
00:45 CSS Animations
02:11 Creating Animations
03:29 Animation Duration
04:45 Repeating Animation
05:43 Animation Timing Function
06:57 Animation Delay
08:17 Animation Direction
09:36 Animation Play State
10:29 Shorthand
15:05 Multiple Animations
17:04 Conclusion
17:34 Sigma Outro 

Download UltraEdit Trial for Free: https://bit.ly/UltraEdit-CWH

python, C, C++, Java, JavaScript and Other Cheatsheets [++]:
Playlist: https://www.youtube.com/playlist?list=PLu0W_9lII9agrsRZjFECeFuWY5ev2pQlk

►Learn in One Video[++]:
Python Course with 5 Projects: https://www.youtube.com/watch?v=fqF9M92jzUo
Python[15 Hr]: https://www.youtube.com/watch?v=gfDE2a7MKjA&list=PLu0W_9lII9ahKZ42vg2w9ERPmShYbYAB7
Python Advance[3.5 Hr]: https://www.youtube.com/watch?v=61a7UkDO50s&list=PLu0W_9lII9ahKZ42vg2w9ERPmShYbYAB7
Python[1 Hr]: https://www.youtube.com/watch?v=qHJjMvHLJdg&list=PLu0W_9lII9ahKZ42vg2w9ERPmShYbYAB7
Python[2 Hr]: https://www.youtube.com/watch?v=ihk_Xglr164&list=PLu0W_9lII9ahKZ42vg2w9ERPmShYbYAB7
Python[15 Min]:https://www.youtube.com/watch?v=fr1f84rg4Nw&list=PLu0W_9lII9ahKZ42vg2w9ERPmShYbYAB7
JavaScript[1 Hr]: https://www.youtube.com/watch?v=onbBV0uFVpo&list=PLu0W_9lII9ahKZ42vg2w9ERPmShYbYAB7
C[1.3 Hr]-https://www.youtube.com/watch?v=YXcgD8hRHYY&list=PLu0W_9lII9ahKZ42vg2w9ERPmShYbYAB7
php[1 Hr]: https://www.youtube.com/watch?v=xW7ro3lwaCI&list=PLu0W_9lII9ahKZ42vg2w9ERPmShYbYAB7
php[2.3 Hr]:https://www.youtube.com/watch?v=1SnPKhCdlsU&list=PLu0W_9lII9ahKZ42vg2w9ERPmShYbYAB7
php[Project]- https://www.youtube.com/watch?v=-al2bECumKg&list=PLu0W_9lII9ahKZ42vg2w9ERPmShYbYAB7
HTML[30 Min]:https://www.youtube.com/watch?v=E3ByCRqE7Lo&list=PLu0W_9lII9ahKZ42vg2w9ERPmShYbYAB7
CSS[8.5 Hr]:https://www.youtube.com/watch?v=Edsxf_NBFrw&list=PLu0W_9lII9ahKZ42vg2w9ERPmShYbYAB7
CSS[1.4 Hr]:https://www.youtube.com/watch?v=u5-K_ua9sOw&list=PLu0W_9lII9ahKZ42vg2w9ERPmShYbYAB7
Wordpress[3.2 Hr]:https://www.youtube.com/watch?v=GlLRYml8mCY&list=PLu0W_9lII9ahKZ42vg2w9ERPmShYbYAB7
Angular[2 Hr]:https://www.youtube.com/watch?v=0LhBvp8qpro&list=PLu0W_9lII9ahKZ42vg2w9ERPmShYbYAB7
Java[2.3 Hr]:https://www.youtube.com/watch?v=rV_3Lewxx6o&list=PLu0W_9lII9ahKZ42vg2w9ERPmShYbYAB7
Web Scraping[1 Hr]:https://www.youtube.com/watch?v=uufDGjTuq34&list=PLu0W_9lII9ahKZ42vg2w9ERPmShYbYAB7
MongoDB[2 Hr]:https://www.youtube.com/watch?v=oSIv-E60NiU&list=PLu0W_9lII9ahKZ42vg2w9ERPmShYbYAB7
Numpy[1 Hr]:https://www.youtube.com/watch?v=Rbh1rieb3zc&list=PLu0W_9lII9ahKZ42vg2w9ERPmShYbYAB7
Android Dev[12 Hr]- https://www.youtube.com/watch?v=mXjZQX3UzOs
Linux[1 Hr]:https://www.youtube.com/watch?v=_tCY-c-sPZc&list=PLu0W_9lII9ahKZ42vg2w9ERPmShYbYAB7
JQuery[1.1 Hr]:https://www.youtube.com/watch?v=YFlx1C8XwR0&list=PLu0W_9lII9ahKZ42vg2w9ERPmShYbYAB7
Git and GitHub[1.1 Hr]:https://www.youtube.com/watch?v=gwWKnnCMQ5c&list=PLu0W_9lII9ahKZ42vg2w9ERPmShYbYAB7

►Complete course [playlist]:
React: https://www.youtube.com/playlist?list=PLu0W_9lII9agx66oZnT6IyhcMIbUMNMdt
Python-https://www.youtube.com/playlist?list=PLu0W_9lII9agICnT8t4iYVSZ3eykIAOME
OOP Python-https://www.youtube.com/playlist?list=PLu0W_9lII9ahfRrhFcoB-4lpp9YaBmdCP
Java:https://www.youtube.com/playlist?list=PLu0W_9lII9agS67Uits0UnJyrYiXhDS6q
JavaScript- https://www.youtube.com/playlist?list=PLu0W_9lII9ajyk081To1Cbt2eI5913SsL
PHP-https://www.youtube.com/playlist?list=PLu0W_9lII9aikXkRE0WxDt1vozo3hnmtR
C-https://www.youtube.com/playlist?list=PLu0W_9lII9aiXlHcLx-mDH1Qul38wD3aR
C++-https://www.youtube.com/playlist?list=PLu0W_9lII9agpFUAlPFe_VNSlXW5uE0YL
Git & GitHub-https://www.youtube.com/playlist?list=PLu0W_9lII9ahVQekD7ePHmnirTePXwIln
Android Dev- https://www.youtube.com/playlist?list=PLu0W_9lII9aiL0kysYlfSOUgY5rNlOhUd
Python GUI- https://www.youtube.com/playlist?list=PLu0W_9lII9ajLcqRcj4PoEihkukF_OTzA
Web Development- https://www.youtube.com/playlist?list=PLu0W_9lII9agiCUZYRsvtGTXdxkzPyItg
Python Django:https://www.youtube.com/playlist?list=PLu0W_9lII9ah7DDtYtflgwMwpT3xmjXY9
Projects Using HTML, CSS & Javascript- https://www.youtube.com/playlist?list=PLu0W_9lII9aiQiOwthuSvinxoflmhRxM3
Data Structure and Algo:https://www.youtube.com/playlist?list=PLu0W_9lII9ahIappRPN0MCAgtOu3lQjQi 

Follow Me On Social Media
►Website (created using Django Rest & Angular): https://www.codewithharry.com
►Facebook: https://www.facebook.com/CodeWithHarry
►Instagram: https://www.instagram.com/codewithharry/ 
Twitter: https://twitter.com/CodeWithHarry
Comment ""#HarryBhai"" if you read this 😉😉",https://i.ytimg.com/vi/cDLVIoXW-OQ/maxresdefault.jpg,CodeWithHarry,289059,12622,923,1077,17:57,"17 Minutes, 57 Seconds",2023-11-12T11:30:24,https://www.youtube.com/watch?v=cDLVIoXW-OQ
Exercise 7 - Solution & Shoutouts | Sigma Web Development Course - Tutorial #47,"Latest Udemy Web dev Course With Certificate: https://goharry.in/webdev
Access the Sigma web development course playlist: https://www.youtube.com/playlist?list=PLu0W_9lII9agq5TrH9XLIKQvv0iaF2X3w
➡️ Source Code: https://github.com/CodeWithHarry/Sigma-Web-Dev-Course
➡️ Notes and CheatSheets: https://www.codewithharry.com/notes/
➡️ English Subtitles are now up for all the videos!

Timestamps 🕰️
00:00 Introduction
00:17 Sigma Web Developer Intro
00:27 Solution
34:31 Shoutouts
37:02 Conclusion
38:17 Sigma Outro

►Checkout my English channel here: https://www.youtube.com/channel/UC7btqG2Ww0_2LwuQxpvo2HQ
►Instagram: www.instagram.com/codewithharry

Download UltraEdit Trial for Free: https://bit.ly/UltraEdit-CWH

python, C, C++, Java, JavaScript and Other Cheatsheets [++]:
Playlist: https://www.youtube.com/playlist?list=PLu0W_9lII9agrsRZjFECeFuWY5ev2pQlk

►Learn in One Video[++]:
Python Course with 5 Projects: https://www.youtube.com/watch?v=fqF9M92jzUo
Python[15 Hr]: https://www.youtube.com/watch?v=gfDE2a7MKjA&list=PLu0W_9lII9ahKZ42vg2w9ERPmShYbYAB7
Python Advance[3.5 Hr]: https://www.youtube.com/watch?v=61a7UkDO50s&list=PLu0W_9lII9ahKZ42vg2w9ERPmShYbYAB7
Python[1 Hr]: https://www.youtube.com/watch?v=qHJjMvHLJdg&list=PLu0W_9lII9ahKZ42vg2w9ERPmShYbYAB7
Python[2 Hr]: https://www.youtube.com/watch?v=ihk_Xglr164&list=PLu0W_9lII9ahKZ42vg2w9ERPmShYbYAB7
Python[15 Min]:https://www.youtube.com/watch?v=fr1f84rg4Nw&list=PLu0W_9lII9ahKZ42vg2w9ERPmShYbYAB7
JavaScript[1 Hr]: https://www.youtube.com/watch?v=onbBV0uFVpo&list=PLu0W_9lII9ahKZ42vg2w9ERPmShYbYAB7
C[1.3 Hr]-https://www.youtube.com/watch?v=YXcgD8hRHYY&list=PLu0W_9lII9ahKZ42vg2w9ERPmShYbYAB7
php[1 Hr]: https://www.youtube.com/watch?v=xW7ro3lwaCI&list=PLu0W_9lII9ahKZ42vg2w9ERPmShYbYAB7
php[2.3 Hr]:https://www.youtube.com/watch?v=1SnPKhCdlsU&list=PLu0W_9lII9ahKZ42vg2w9ERPmShYbYAB7
php[Project]- https://www.youtube.com/watch?v=-al2bECumKg&list=PLu0W_9lII9ahKZ42vg2w9ERPmShYbYAB7
HTML[30 Min]:https://www.youtube.com/watch?v=E3ByCRqE7Lo&list=PLu0W_9lII9ahKZ42vg2w9ERPmShYbYAB7
CSS[8.5 Hr]:https://www.youtube.com/watch?v=Edsxf_NBFrw&list=PLu0W_9lII9ahKZ42vg2w9ERPmShYbYAB7
CSS[1.4 Hr]:https://www.youtube.com/watch?v=u5-K_ua9sOw&list=PLu0W_9lII9ahKZ42vg2w9ERPmShYbYAB7
Wordpress[3.2 Hr]:https://www.youtube.com/watch?v=GlLRYml8mCY&list=PLu0W_9lII9ahKZ42vg2w9ERPmShYbYAB7
Angular[2 Hr]:https://www.youtube.com/watch?v=0LhBvp8qpro&list=PLu0W_9lII9ahKZ42vg2w9ERPmShYbYAB7
Java[2.3 Hr]:https://www.youtube.com/watch?v=rV_3Lewxx6o&list=PLu0W_9lII9ahKZ42vg2w9ERPmShYbYAB7
Web Scraping[1 Hr]:https://www.youtube.com/watch?v=uufDGjTuq34&list=PLu0W_9lII9ahKZ42vg2w9ERPmShYbYAB7
MongoDB[2 Hr]:https://www.youtube.com/watch?v=oSIv-E60NiU&list=PLu0W_9lII9ahKZ42vg2w9ERPmShYbYAB7
Numpy[1 Hr]:https://www.youtube.com/watch?v=Rbh1rieb3zc&list=PLu0W_9lII9ahKZ42vg2w9ERPmShYbYAB7
Android Dev[12 Hr]- https://www.youtube.com/watch?v=mXjZQX3UzOs
Linux[1 Hr]:https://www.youtube.com/watch?v=_tCY-c-sPZc&list=PLu0W_9lII9ahKZ42vg2w9ERPmShYbYAB7
JQuery[1.1 Hr]:https://www.youtube.com/watch?v=YFlx1C8XwR0&list=PLu0W_9lII9ahKZ42vg2w9ERPmShYbYAB7
Git and GitHub[1.1 Hr]:https://www.youtube.com/watch?v=gwWKnnCMQ5c&list=PLu0W_9lII9ahKZ42vg2w9ERPmShYbYAB7

►Complete course [playlist]:
React: https://www.youtube.com/playlist?list=PLu0W_9lII9agx66oZnT6IyhcMIbUMNMdt
Python-https://www.youtube.com/playlist?list=PLu0W_9lII9agICnT8t4iYVSZ3eykIAOME
OOP Python-https://www.youtube.com/playlist?list=PLu0W_9lII9ahfRrhFcoB-4lpp9YaBmdCP
Java:https://www.youtube.com/playlist?list=PLu0W_9lII9agS67Uits0UnJyrYiXhDS6q
JavaScript- https://www.youtube.com/playlist?list=PLu0W_9lII9ajyk081To1Cbt2eI5913SsL
PHP-https://www.youtube.com/playlist?list=PLu0W_9lII9aikXkRE0WxDt1vozo3hnmtR
C-https://www.youtube.com/playlist?list=PLu0W_9lII9aiXlHcLx-mDH1Qul38wD3aR
C++-https://www.youtube.com/playlist?list=PLu0W_9lII9agpFUAlPFe_VNSlXW5uE0YL
Git & GitHub-https://www.youtube.com/playlist?list=PLu0W_9lII9ahVQekD7ePHmnirTePXwIln
Android Dev- https://www.youtube.com/playlist?list=PLu0W_9lII9aiL0kysYlfSOUgY5rNlOhUd
Python GUI- https://www.youtube.com/playlist?list=PLu0W_9lII9ajLcqRcj4PoEihkukF_OTzA
Web Development- https://www.youtube.com/playlist?list=PLu0W_9lII9agiCUZYRsvtGTXdxkzPyItg
Python Django:https://www.youtube.com/playlist?list=PLu0W_9lII9ah7DDtYtflgwMwpT3xmjXY9
Projects Using HTML, CSS & Javascript- https://www.youtube.com/playlist?list=PLu0W_9lII9aiQiOwthuSvinxoflmhRxM3
Data Structure and Algo:https://www.youtube.com/playlist?list=PLu0W_9lII9ahIappRPN0MCAgtOu3lQjQi 

Follow Me On Social Media
►Website (created using Django Rest & Angular): https://www.codewithharry.com
►Facebook: https://www.facebook.com/CodeWithHarry
►Instagram: https://www.instagram.com/codewithharry/ 
Twitter: https://twitter.com/CodeWithHarry
Comment ""#HarryBhai"" if you read this 😉😉",https://i.ytimg.com/vi/yktqxOHOeR4/maxresdefault.jpg,CodeWithHarry,233634,7839,702,2319,38:39,"38 Minutes, 39 Seconds",2023-11-13T11:30:31,https://www.youtube.com/watch?v=yktqxOHOeR4
Exercise 8 - Bounce Animation | Sigma Web Development Course - Tutorial #48,"Latest Udemy Web dev Course With Certificate: https://goharry.in/webdev
Access the Sigma web development course playlist: https://www.youtube.com/playlist?list=PLu0W_9lII9agq5TrH9XLIKQvv0iaF2X3w
➡️ Source Code: https://github.com/CodeWithHarry/Sigma-Web-Dev-Course
➡️ Notes and CheatSheets: https://www.codewithharry.com/notes/
➡️ English Subtitles are now up for all the videos!

Timestamps 🕰️
00:00 Introduction
00:15 Sigma Web Developer Intro
00:25 Exercise 8 - Bounce Animation
04:04 Conclusion
04:21 Sigma Outro

►Checkout my English channel here: https://www.youtube.com/channel/UC7btqG2Ww0_2LwuQxpvo2HQ
►Instagram: www.instagram.com/codewithharry

Download UltraEdit Trial for Free: https://bit.ly/UltraEdit-CWH

python, C, C++, Java, JavaScript and Other Cheatsheets [++]:
Playlist: https://www.youtube.com/playlist?list=PLu0W_9lII9agrsRZjFECeFuWY5ev2pQlk

►Learn in One Video[++]:
Python Course with 5 Projects: https://www.youtube.com/watch?v=fqF9M92jzUo
Python[15 Hr]: https://www.youtube.com/watch?v=gfDE2a7MKjA&list=PLu0W_9lII9ahKZ42vg2w9ERPmShYbYAB7
Python Advance[3.5 Hr]: https://www.youtube.com/watch?v=61a7UkDO50s&list=PLu0W_9lII9ahKZ42vg2w9ERPmShYbYAB7
Python[1 Hr]: https://www.youtube.com/watch?v=qHJjMvHLJdg&list=PLu0W_9lII9ahKZ42vg2w9ERPmShYbYAB7
Python[2 Hr]: https://www.youtube.com/watch?v=ihk_Xglr164&list=PLu0W_9lII9ahKZ42vg2w9ERPmShYbYAB7
Python[15 Min]:https://www.youtube.com/watch?v=fr1f84rg4Nw&list=PLu0W_9lII9ahKZ42vg2w9ERPmShYbYAB7
JavaScript[1 Hr]: https://www.youtube.com/watch?v=onbBV0uFVpo&list=PLu0W_9lII9ahKZ42vg2w9ERPmShYbYAB7
C[1.3 Hr]-https://www.youtube.com/watch?v=YXcgD8hRHYY&list=PLu0W_9lII9ahKZ42vg2w9ERPmShYbYAB7
php[1 Hr]: https://www.youtube.com/watch?v=xW7ro3lwaCI&list=PLu0W_9lII9ahKZ42vg2w9ERPmShYbYAB7
php[2.3 Hr]:https://www.youtube.com/watch?v=1SnPKhCdlsU&list=PLu0W_9lII9ahKZ42vg2w9ERPmShYbYAB7
php[Project]- https://www.youtube.com/watch?v=-al2bECumKg&list=PLu0W_9lII9ahKZ42vg2w9ERPmShYbYAB7
HTML[30 Min]:https://www.youtube.com/watch?v=E3ByCRqE7Lo&list=PLu0W_9lII9ahKZ42vg2w9ERPmShYbYAB7
CSS[8.5 Hr]:https://www.youtube.com/watch?v=Edsxf_NBFrw&list=PLu0W_9lII9ahKZ42vg2w9ERPmShYbYAB7
CSS[1.4 Hr]:https://www.youtube.com/watch?v=u5-K_ua9sOw&list=PLu0W_9lII9ahKZ42vg2w9ERPmShYbYAB7
Wordpress[3.2 Hr]:https://www.youtube.com/watch?v=GlLRYml8mCY&list=PLu0W_9lII9ahKZ42vg2w9ERPmShYbYAB7
Angular[2 Hr]:https://www.youtube.com/watch?v=0LhBvp8qpro&list=PLu0W_9lII9ahKZ42vg2w9ERPmShYbYAB7
Java[2.3 Hr]:https://www.youtube.com/watch?v=rV_3Lewxx6o&list=PLu0W_9lII9ahKZ42vg2w9ERPmShYbYAB7
Web Scraping[1 Hr]:https://www.youtube.com/watch?v=uufDGjTuq34&list=PLu0W_9lII9ahKZ42vg2w9ERPmShYbYAB7
MongoDB[2 Hr]:https://www.youtube.com/watch?v=oSIv-E60NiU&list=PLu0W_9lII9ahKZ42vg2w9ERPmShYbYAB7
Numpy[1 Hr]:https://www.youtube.com/watch?v=Rbh1rieb3zc&list=PLu0W_9lII9ahKZ42vg2w9ERPmShYbYAB7
Android Dev[12 Hr]- https://www.youtube.com/watch?v=mXjZQX3UzOs
Linux[1 Hr]:https://www.youtube.com/watch?v=_tCY-c-sPZc&list=PLu0W_9lII9ahKZ42vg2w9ERPmShYbYAB7
JQuery[1.1 Hr]:https://www.youtube.com/watch?v=YFlx1C8XwR0&list=PLu0W_9lII9ahKZ42vg2w9ERPmShYbYAB7
Git and GitHub[1.1 Hr]:https://www.youtube.com/watch?v=gwWKnnCMQ5c&list=PLu0W_9lII9ahKZ42vg2w9ERPmShYbYAB7

►Complete course [playlist]:
React: https://www.youtube.com/playlist?list=PLu0W_9lII9agx66oZnT6IyhcMIbUMNMdt
Python-https://www.youtube.com/playlist?list=PLu0W_9lII9agICnT8t4iYVSZ3eykIAOME
OOP Python-https://www.youtube.com/playlist?list=PLu0W_9lII9ahfRrhFcoB-4lpp9YaBmdCP
Java:https://www.youtube.com/playlist?list=PLu0W_9lII9agS67Uits0UnJyrYiXhDS6q
JavaScript- https://www.youtube.com/playlist?list=PLu0W_9lII9ajyk081To1Cbt2eI5913SsL
PHP-https://www.youtube.com/playlist?list=PLu0W_9lII9aikXkRE0WxDt1vozo3hnmtR
C-https://www.youtube.com/playlist?list=PLu0W_9lII9aiXlHcLx-mDH1Qul38wD3aR
C++-https://www.youtube.com/playlist?list=PLu0W_9lII9agpFUAlPFe_VNSlXW5uE0YL
Git & GitHub-https://www.youtube.com/playlist?list=PLu0W_9lII9ahVQekD7ePHmnirTePXwIln
Android Dev- https://www.youtube.com/playlist?list=PLu0W_9lII9aiL0kysYlfSOUgY5rNlOhUd
Python GUI- https://www.youtube.com/playlist?list=PLu0W_9lII9ajLcqRcj4PoEihkukF_OTzA
Web Development- https://www.youtube.com/playlist?list=PLu0W_9lII9agiCUZYRsvtGTXdxkzPyItg
Python Django:https://www.youtube.com/playlist?list=PLu0W_9lII9ah7DDtYtflgwMwpT3xmjXY9
Projects Using HTML, CSS & Javascript- https://www.youtube.com/playlist?list=PLu0W_9lII9aiQiOwthuSvinxoflmhRxM3
Data Structure and Algo:https://www.youtube.com/playlist?list=PLu0W_9lII9ahIappRPN0MCAgtOu3lQjQi 

Follow Me On Social Media
►Website (created using Django Rest & Angular): https://www.codewithharry.com
►Facebook: https://www.facebook.com/CodeWithHarry
►Instagram: https://www.instagram.com/codewithharry/ 
Twitter: https://twitter.com/CodeWithHarry
Comment ""#HarryBhai"" if you read this 😉😉",https://i.ytimg.com/vi/PIC0Ps_Ci-s/maxresdefault.jpg,CodeWithHarry,166059,7621,1306,284,4:44,"4 Minutes, 44 Seconds",2023-11-14T11:30:09,https://www.youtube.com/watch?v=PIC0Ps_Ci-s
CSS Object-fit and Object-cover | Sigma Web Development Course - Tutorial #49,"Latest Udemy Web dev Course With Certificate: https://goharry.in/webdev
Access the Sigma web development course playlist: https://www.youtube.com/playlist?list=PLu0W_9lII9agq5TrH9XLIKQvv0iaF2X3w
➡️ Source Code: https://github.com/CodeWithHarry/Sigma-Web-Dev-Course
➡️ Notes and CheatSheets: https://www.codewithharry.com/notes/
➡️ English Subtitles are now up for all the videos!

Timestamps 🕰️
00:00 Introduction
00:26 Sigma Web Developer Intro
00:36 Object-fit & Object Position
09:09 Background Property
13:48 Conclusion
15:02 Sigma Outro

►Checkout my English channel here: https://www.youtube.com/channel/UC7btqG2Ww0_2LwuQxpvo2HQ
►Instagram: www.instagram.com/codewithharry

Download UltraEdit Trial for Free: https://bit.ly/UltraEdit-CWH

python, C, C++, Java, JavaScript and Other Cheatsheets [++]:
Playlist: https://www.youtube.com/playlist?list=PLu0W_9lII9agrsRZjFECeFuWY5ev2pQlk

►Learn in One Video[++]:
Python Course with 5 Projects: https://www.youtube.com/watch?v=fqF9M92jzUo
Python[15 Hr]: https://www.youtube.com/watch?v=gfDE2a7MKjA&list=PLu0W_9lII9ahKZ42vg2w9ERPmShYbYAB7
Python Advance[3.5 Hr]: https://www.youtube.com/watch?v=61a7UkDO50s&list=PLu0W_9lII9ahKZ42vg2w9ERPmShYbYAB7
Python[1 Hr]: https://www.youtube.com/watch?v=qHJjMvHLJdg&list=PLu0W_9lII9ahKZ42vg2w9ERPmShYbYAB7
Python[2 Hr]: https://www.youtube.com/watch?v=ihk_Xglr164&list=PLu0W_9lII9ahKZ42vg2w9ERPmShYbYAB7
Python[15 Min]:https://www.youtube.com/watch?v=fr1f84rg4Nw&list=PLu0W_9lII9ahKZ42vg2w9ERPmShYbYAB7
JavaScript[1 Hr]: https://www.youtube.com/watch?v=onbBV0uFVpo&list=PLu0W_9lII9ahKZ42vg2w9ERPmShYbYAB7
C[1.3 Hr]-https://www.youtube.com/watch?v=YXcgD8hRHYY&list=PLu0W_9lII9ahKZ42vg2w9ERPmShYbYAB7
php[1 Hr]: https://www.youtube.com/watch?v=xW7ro3lwaCI&list=PLu0W_9lII9ahKZ42vg2w9ERPmShYbYAB7
php[2.3 Hr]:https://www.youtube.com/watch?v=1SnPKhCdlsU&list=PLu0W_9lII9ahKZ42vg2w9ERPmShYbYAB7
php[Project]- https://www.youtube.com/watch?v=-al2bECumKg&list=PLu0W_9lII9ahKZ42vg2w9ERPmShYbYAB7
HTML[30 Min]:https://www.youtube.com/watch?v=E3ByCRqE7Lo&list=PLu0W_9lII9ahKZ42vg2w9ERPmShYbYAB7
CSS[8.5 Hr]:https://www.youtube.com/watch?v=Edsxf_NBFrw&list=PLu0W_9lII9ahKZ42vg2w9ERPmShYbYAB7
CSS[1.4 Hr]:https://www.youtube.com/watch?v=u5-K_ua9sOw&list=PLu0W_9lII9ahKZ42vg2w9ERPmShYbYAB7
Wordpress[3.2 Hr]:https://www.youtube.com/watch?v=GlLRYml8mCY&list=PLu0W_9lII9ahKZ42vg2w9ERPmShYbYAB7
Angular[2 Hr]:https://www.youtube.com/watch?v=0LhBvp8qpro&list=PLu0W_9lII9ahKZ42vg2w9ERPmShYbYAB7
Java[2.3 Hr]:https://www.youtube.com/watch?v=rV_3Lewxx6o&list=PLu0W_9lII9ahKZ42vg2w9ERPmShYbYAB7
Web Scraping[1 Hr]:https://www.youtube.com/watch?v=uufDGjTuq34&list=PLu0W_9lII9ahKZ42vg2w9ERPmShYbYAB7
MongoDB[2 Hr]:https://www.youtube.com/watch?v=oSIv-E60NiU&list=PLu0W_9lII9ahKZ42vg2w9ERPmShYbYAB7
Numpy[1 Hr]:https://www.youtube.com/watch?v=Rbh1rieb3zc&list=PLu0W_9lII9ahKZ42vg2w9ERPmShYbYAB7
Android Dev[12 Hr]- https://www.youtube.com/watch?v=mXjZQX3UzOs
Linux[1 Hr]:https://www.youtube.com/watch?v=_tCY-c-sPZc&list=PLu0W_9lII9ahKZ42vg2w9ERPmShYbYAB7
JQuery[1.1 Hr]:https://www.youtube.com/watch?v=YFlx1C8XwR0&list=PLu0W_9lII9ahKZ42vg2w9ERPmShYbYAB7
Git and GitHub[1.1 Hr]:https://www.youtube.com/watch?v=gwWKnnCMQ5c&list=PLu0W_9lII9ahKZ42vg2w9ERPmShYbYAB7

►Complete course [playlist]:
React: https://www.youtube.com/playlist?list=PLu0W_9lII9agx66oZnT6IyhcMIbUMNMdt
Python-https://www.youtube.com/playlist?list=PLu0W_9lII9agICnT8t4iYVSZ3eykIAOME
OOP Python-https://www.youtube.com/playlist?list=PLu0W_9lII9ahfRrhFcoB-4lpp9YaBmdCP
Java:https://www.youtube.com/playlist?list=PLu0W_9lII9agS67Uits0UnJyrYiXhDS6q
JavaScript- https://www.youtube.com/playlist?list=PLu0W_9lII9ajyk081To1Cbt2eI5913SsL
PHP-https://www.youtube.com/playlist?list=PLu0W_9lII9aikXkRE0WxDt1vozo3hnmtR
C-https://www.youtube.com/playlist?list=PLu0W_9lII9aiXlHcLx-mDH1Qul38wD3aR
C++-https://www.youtube.com/playlist?list=PLu0W_9lII9agpFUAlPFe_VNSlXW5uE0YL
Git & GitHub-https://www.youtube.com/playlist?list=PLu0W_9lII9ahVQekD7ePHmnirTePXwIln
Android Dev- https://www.youtube.com/playlist?list=PLu0W_9lII9aiL0kysYlfSOUgY5rNlOhUd
Python GUI- https://www.youtube.com/playlist?list=PLu0W_9lII9ajLcqRcj4PoEihkukF_OTzA
Web Development- https://www.youtube.com/playlist?list=PLu0W_9lII9agiCUZYRsvtGTXdxkzPyItg
Python Django:https://www.youtube.com/playlist?list=PLu0W_9lII9ah7DDtYtflgwMwpT3xmjXY9
Projects Using HTML, CSS & Javascript- https://www.youtube.com/playlist?list=PLu0W_9lII9aiQiOwthuSvinxoflmhRxM3
Data Structure and Algo:https://www.youtube.com/playlist?list=PLu0W_9lII9ahIappRPN0MCAgtOu3lQjQi 

Follow Me On Social Media
►Website (created using Django Rest & Angular): https://www.codewithharry.com
►Facebook: https://www.facebook.com/CodeWithHarry
►Instagram: https://www.instagram.com/codewithharry/ 
Twitter: https://twitter.com/CodeWithHarry
Comment ""#HarryBhai"" if you read this 😉😉",https://i.ytimg.com/vi/ognrhoi0C-w/maxresdefault.jpg,CodeWithHarry,209850,12735,1004,925,15:25,"15 Minutes, 25 Seconds",2023-11-15T11:30:18,https://www.youtube.com/watch?v=ognrhoi0C-w
CSS Filters | Sigma Web Development Course - Tutorial #50,"Latest Udemy Web dev Course With Certificate: https://goharry.in/webdev
Access the Sigma web development course playlist: https://www.youtube.com/playlist?list=PLu0W_9lII9agq5TrH9XLIKQvv0iaF2X3w
➡️ Source Code: https://github.com/CodeWithHarry/Sigma-Web-Dev-Course
➡️ Notes and CheatSheets: https://www.codewithharry.com/notes/
➡️ English Subtitles are now up for all the videos!

Timestamps 🕰️
00:00 Introduction
00:18 Sigma Web Developer Intro
00:28 Blur Filter
03:26 Brightness Filter
04:21 Contrast Filter
04:44 Grayscale Filter
05:13 Sepia Filter
05:28 Invert Filter
06:21 Opacity Filter
07:51 Conclusion
08:42 Sigma Outro

►Checkout my English channel here: https://www.youtube.com/channel/UC7btqG2Ww0_2LwuQxpvo2HQ
►Instagram: www.instagram.com/codewithharry

Download UltraEdit Trial for Free: https://bit.ly/UltraEdit-CWH

python, C, C++, Java, JavaScript and Other Cheatsheets [++]:
Playlist: https://www.youtube.com/playlist?list=PLu0W_9lII9agrsRZjFECeFuWY5ev2pQlk

►Learn in One Video[++]:
Python Course with 5 Projects: https://www.youtube.com/watch?v=fqF9M92jzUo
Python[15 Hr]: https://www.youtube.com/watch?v=gfDE2a7MKjA&list=PLu0W_9lII9ahKZ42vg2w9ERPmShYbYAB7
Python Advance[3.5 Hr]: https://www.youtube.com/watch?v=61a7UkDO50s&list=PLu0W_9lII9ahKZ42vg2w9ERPmShYbYAB7
Python[1 Hr]: https://www.youtube.com/watch?v=qHJjMvHLJdg&list=PLu0W_9lII9ahKZ42vg2w9ERPmShYbYAB7
Python[2 Hr]: https://www.youtube.com/watch?v=ihk_Xglr164&list=PLu0W_9lII9ahKZ42vg2w9ERPmShYbYAB7
Python[15 Min]:https://www.youtube.com/watch?v=fr1f84rg4Nw&list=PLu0W_9lII9ahKZ42vg2w9ERPmShYbYAB7
JavaScript[1 Hr]: https://www.youtube.com/watch?v=onbBV0uFVpo&list=PLu0W_9lII9ahKZ42vg2w9ERPmShYbYAB7
C[1.3 Hr]-https://www.youtube.com/watch?v=YXcgD8hRHYY&list=PLu0W_9lII9ahKZ42vg2w9ERPmShYbYAB7
php[1 Hr]: https://www.youtube.com/watch?v=xW7ro3lwaCI&list=PLu0W_9lII9ahKZ42vg2w9ERPmShYbYAB7
php[2.3 Hr]:https://www.youtube.com/watch?v=1SnPKhCdlsU&list=PLu0W_9lII9ahKZ42vg2w9ERPmShYbYAB7
php[Project]- https://www.youtube.com/watch?v=-al2bECumKg&list=PLu0W_9lII9ahKZ42vg2w9ERPmShYbYAB7
HTML[30 Min]:https://www.youtube.com/watch?v=E3ByCRqE7Lo&list=PLu0W_9lII9ahKZ42vg2w9ERPmShYbYAB7
CSS[8.5 Hr]:https://www.youtube.com/watch?v=Edsxf_NBFrw&list=PLu0W_9lII9ahKZ42vg2w9ERPmShYbYAB7
CSS[1.4 Hr]:https://www.youtube.com/watch?v=u5-K_ua9sOw&list=PLu0W_9lII9ahKZ42vg2w9ERPmShYbYAB7
Wordpress[3.2 Hr]:https://www.youtube.com/watch?v=GlLRYml8mCY&list=PLu0W_9lII9ahKZ42vg2w9ERPmShYbYAB7
Angular[2 Hr]:https://www.youtube.com/watch?v=0LhBvp8qpro&list=PLu0W_9lII9ahKZ42vg2w9ERPmShYbYAB7
Java[2.3 Hr]:https://www.youtube.com/watch?v=rV_3Lewxx6o&list=PLu0W_9lII9ahKZ42vg2w9ERPmShYbYAB7
Web Scraping[1 Hr]:https://www.youtube.com/watch?v=uufDGjTuq34&list=PLu0W_9lII9ahKZ42vg2w9ERPmShYbYAB7
MongoDB[2 Hr]:https://www.youtube.com/watch?v=oSIv-E60NiU&list=PLu0W_9lII9ahKZ42vg2w9ERPmShYbYAB7
Numpy[1 Hr]:https://www.youtube.com/watch?v=Rbh1rieb3zc&list=PLu0W_9lII9ahKZ42vg2w9ERPmShYbYAB7
Android Dev[12 Hr]- https://www.youtube.com/watch?v=mXjZQX3UzOs
Linux[1 Hr]:https://www.youtube.com/watch?v=_tCY-c-sPZc&list=PLu0W_9lII9ahKZ42vg2w9ERPmShYbYAB7
JQuery[1.1 Hr]:https://www.youtube.com/watch?v=YFlx1C8XwR0&list=PLu0W_9lII9ahKZ42vg2w9ERPmShYbYAB7
Git and GitHub[1.1 Hr]:https://www.youtube.com/watch?v=gwWKnnCMQ5c&list=PLu0W_9lII9ahKZ42vg2w9ERPmShYbYAB7

►Complete course [playlist]:
React: https://www.youtube.com/playlist?list=PLu0W_9lII9agx66oZnT6IyhcMIbUMNMdt
Python-https://www.youtube.com/playlist?list=PLu0W_9lII9agICnT8t4iYVSZ3eykIAOME
OOP Python-https://www.youtube.com/playlist?list=PLu0W_9lII9ahfRrhFcoB-4lpp9YaBmdCP
Java:https://www.youtube.com/playlist?list=PLu0W_9lII9agS67Uits0UnJyrYiXhDS6q
JavaScript- https://www.youtube.com/playlist?list=PLu0W_9lII9ajyk081To1Cbt2eI5913SsL
PHP-https://www.youtube.com/playlist?list=PLu0W_9lII9aikXkRE0WxDt1vozo3hnmtR
C-https://www.youtube.com/playlist?list=PLu0W_9lII9aiXlHcLx-mDH1Qul38wD3aR
C++-https://www.youtube.com/playlist?list=PLu0W_9lII9agpFUAlPFe_VNSlXW5uE0YL
Git & GitHub-https://www.youtube.com/playlist?list=PLu0W_9lII9ahVQekD7ePHmnirTePXwIln
Android Dev- https://www.youtube.com/playlist?list=PLu0W_9lII9aiL0kysYlfSOUgY5rNlOhUd
Python GUI- https://www.youtube.com/playlist?list=PLu0W_9lII9ajLcqRcj4PoEihkukF_OTzA
Web Development- https://www.youtube.com/playlist?list=PLu0W_9lII9agiCUZYRsvtGTXdxkzPyItg
Python Django:https://www.youtube.com/playlist?list=PLu0W_9lII9ah7DDtYtflgwMwpT3xmjXY9
Projects Using HTML, CSS & Javascript- https://www.youtube.com/playlist?list=PLu0W_9lII9aiQiOwthuSvinxoflmhRxM3
Data Structure and Algo:https://www.youtube.com/playlist?list=PLu0W_9lII9ahIappRPN0MCAgtOu3lQjQi 

Follow Me On Social Media
►Website (created using Django Rest & Angular): https://www.codewithharry.com
►Facebook: https://www.facebook.com/CodeWithHarry
►Instagram: https://www.instagram.com/codewithharry/ 
Twitter: https://twitter.com/CodeWithHarry
Comment ""#HarryBhai"" if you read this 😉😉",https://i.ytimg.com/vi/tSzDHVWG1hI/maxresdefault.jpg,CodeWithHarry,169655,11918,2417,546,9:06,"9 Minutes, 6 Seconds",2023-11-16T13:17:40,https://www.youtube.com/watch?v=tSzDHVWG1hI
Exercise 8: Solution & Shoutouts | Sigma Web Development Course - Tutorial #51,"Latest Udemy Web dev Course With Certificate: https://goharry.in/webdev
Access the Sigma web development course playlist: https://www.youtube.com/playlist?list=PLu0W_9lII9agq5TrH9XLIKQvv0iaF2X3w
➡️ Source Code: https://github.com/CodeWithHarry/Sigma-Web-Dev-Course
➡️ Notes and CheatSheets: https://www.codewithharry.com/notes/
➡️ English Subtitles are now up for all the videos!

Timestamps 🕰️
00:00 Introduction
00:20 Sigma Web Developer Intro
00:30 Exercise 8: Solution
04:04 Shoutouts
05:10 Conclusion
06:57 Sigma Outro

►Checkout my English channel here: https://www.youtube.com/channel/UC7btqG2Ww0_2LwuQxpvo2HQ
►Instagram: www.instagram.com/codewithharry

Download UltraEdit Trial for Free: https://bit.ly/UltraEdit-CWH

python, C, C++, Java, JavaScript and Other Cheatsheets [++]:
Playlist: https://www.youtube.com/playlist?list=PLu0W_9lII9agrsRZjFECeFuWY5ev2pQlk

►Learn in One Video[++]:
Python Course with 5 Projects: https://www.youtube.com/watch?v=fqF9M92jzUo
Python[15 Hr]: https://www.youtube.com/watch?v=gfDE2a7MKjA&list=PLu0W_9lII9ahKZ42vg2w9ERPmShYbYAB7
Python Advance[3.5 Hr]: https://www.youtube.com/watch?v=61a7UkDO50s&list=PLu0W_9lII9ahKZ42vg2w9ERPmShYbYAB7
Python[1 Hr]: https://www.youtube.com/watch?v=qHJjMvHLJdg&list=PLu0W_9lII9ahKZ42vg2w9ERPmShYbYAB7
Python[2 Hr]: https://www.youtube.com/watch?v=ihk_Xglr164&list=PLu0W_9lII9ahKZ42vg2w9ERPmShYbYAB7
Python[15 Min]:https://www.youtube.com/watch?v=fr1f84rg4Nw&list=PLu0W_9lII9ahKZ42vg2w9ERPmShYbYAB7
JavaScript[1 Hr]: https://www.youtube.com/watch?v=onbBV0uFVpo&list=PLu0W_9lII9ahKZ42vg2w9ERPmShYbYAB7
C[1.3 Hr]-https://www.youtube.com/watch?v=YXcgD8hRHYY&list=PLu0W_9lII9ahKZ42vg2w9ERPmShYbYAB7
php[1 Hr]: https://www.youtube.com/watch?v=xW7ro3lwaCI&list=PLu0W_9lII9ahKZ42vg2w9ERPmShYbYAB7
php[2.3 Hr]:https://www.youtube.com/watch?v=1SnPKhCdlsU&list=PLu0W_9lII9ahKZ42vg2w9ERPmShYbYAB7
php[Project]- https://www.youtube.com/watch?v=-al2bECumKg&list=PLu0W_9lII9ahKZ42vg2w9ERPmShYbYAB7
HTML[30 Min]:https://www.youtube.com/watch?v=E3ByCRqE7Lo&list=PLu0W_9lII9ahKZ42vg2w9ERPmShYbYAB7
CSS[8.5 Hr]:https://www.youtube.com/watch?v=Edsxf_NBFrw&list=PLu0W_9lII9ahKZ42vg2w9ERPmShYbYAB7
CSS[1.4 Hr]:https://www.youtube.com/watch?v=u5-K_ua9sOw&list=PLu0W_9lII9ahKZ42vg2w9ERPmShYbYAB7
Wordpress[3.2 Hr]:https://www.youtube.com/watch?v=GlLRYml8mCY&list=PLu0W_9lII9ahKZ42vg2w9ERPmShYbYAB7
Angular[2 Hr]:https://www.youtube.com/watch?v=0LhBvp8qpro&list=PLu0W_9lII9ahKZ42vg2w9ERPmShYbYAB7
Java[2.3 Hr]:https://www.youtube.com/watch?v=rV_3Lewxx6o&list=PLu0W_9lII9ahKZ42vg2w9ERPmShYbYAB7
Web Scraping[1 Hr]:https://www.youtube.com/watch?v=uufDGjTuq34&list=PLu0W_9lII9ahKZ42vg2w9ERPmShYbYAB7
MongoDB[2 Hr]:https://www.youtube.com/watch?v=oSIv-E60NiU&list=PLu0W_9lII9ahKZ42vg2w9ERPmShYbYAB7
Numpy[1 Hr]:https://www.youtube.com/watch?v=Rbh1rieb3zc&list=PLu0W_9lII9ahKZ42vg2w9ERPmShYbYAB7
Android Dev[12 Hr]- https://www.youtube.com/watch?v=mXjZQX3UzOs
Linux[1 Hr]:https://www.youtube.com/watch?v=_tCY-c-sPZc&list=PLu0W_9lII9ahKZ42vg2w9ERPmShYbYAB7
JQuery[1.1 Hr]:https://www.youtube.com/watch?v=YFlx1C8XwR0&list=PLu0W_9lII9ahKZ42vg2w9ERPmShYbYAB7
Git and GitHub[1.1 Hr]:https://www.youtube.com/watch?v=gwWKnnCMQ5c&list=PLu0W_9lII9ahKZ42vg2w9ERPmShYbYAB7

►Complete course [playlist]:
React: https://www.youtube.com/playlist?list=PLu0W_9lII9agx66oZnT6IyhcMIbUMNMdt
Python-https://www.youtube.com/playlist?list=PLu0W_9lII9agICnT8t4iYVSZ3eykIAOME
OOP Python-https://www.youtube.com/playlist?list=PLu0W_9lII9ahfRrhFcoB-4lpp9YaBmdCP
Java:https://www.youtube.com/playlist?list=PLu0W_9lII9agS67Uits0UnJyrYiXhDS6q
JavaScript- https://www.youtube.com/playlist?list=PLu0W_9lII9ajyk081To1Cbt2eI5913SsL
PHP-https://www.youtube.com/playlist?list=PLu0W_9lII9aikXkRE0WxDt1vozo3hnmtR
C-https://www.youtube.com/playlist?list=PLu0W_9lII9aiXlHcLx-mDH1Qul38wD3aR
C++-https://www.youtube.com/playlist?list=PLu0W_9lII9agpFUAlPFe_VNSlXW5uE0YL
Git & GitHub-https://www.youtube.com/playlist?list=PLu0W_9lII9ahVQekD7ePHmnirTePXwIln
Android Dev- https://www.youtube.com/playlist?list=PLu0W_9lII9aiL0kysYlfSOUgY5rNlOhUd
Python GUI- https://www.youtube.com/playlist?list=PLu0W_9lII9ajLcqRcj4PoEihkukF_OTzA
Web Development- https://www.youtube.com/playlist?list=PLu0W_9lII9agiCUZYRsvtGTXdxkzPyItg
Python Django:https://www.youtube.com/playlist?list=PLu0W_9lII9ah7DDtYtflgwMwpT3xmjXY9
Projects Using HTML, CSS & Javascript- https://www.youtube.com/playlist?list=PLu0W_9lII9aiQiOwthuSvinxoflmhRxM3
Data Structure and Algo:https://www.youtube.com/playlist?list=PLu0W_9lII9ahIappRPN0MCAgtOu3lQjQi 

Follow Me On Social Media
►Website (created using Django Rest & Angular): https://www.codewithharry.com
►Facebook: https://www.facebook.com/CodeWithHarry
►Instagram: https://www.instagram.com/codewithharry/ 
Twitter: https://twitter.com/CodeWithHarry
Comment ""#HarryBhai"" if you read this 😉😉",https://i.ytimg.com/vi/chYx6vVzWVw/maxresdefault.jpg,CodeWithHarry,148630,7006,504,440,7:20,"7 Minutes, 20 Seconds",2023-11-16T17:30:07,https://www.youtube.com/watch?v=chYx6vVzWVw
Figma Basics in One Video | Sigma Web Development Course - Tutorial #52,"Latest Udemy Web dev Course With Certificate: https://goharry.in/webdev
Access the Sigma web development course playlist: https://www.youtube.com/playlist?list=PLu0W_9lII9agq5TrH9XLIKQvv0iaF2X3w
➡️ Source Code: https://github.com/CodeWithHarry/Sigma-Web-Dev-Course
➡️ Notes and CheatSheets: https://www.codewithharry.com/notes/
➡️ English Subtitles are now up for all the videos!

Timestamps 🕰️
00:00 Introduction
01:05 Sigma Web Developer Intro
01:15 Figma Basics
11:16 Using Community UI Toolkits
14:45 Exporting
15:26 Multiple Pages
15:55 Going Deeper in Figma
26:14 Conclusion
26:57 Sigma Outro

►Checkout my English channel here: https://www.youtube.com/channel/UC7btqG2Ww0_2LwuQxpvo2HQ
►Instagram: www.instagram.com/codewithharry

Download UltraEdit Trial for Free: https://bit.ly/UltraEdit-CWH

python, C, C++, Java, JavaScript and Other Cheatsheets [++]:
Playlist: https://www.youtube.com/playlist?list=PLu0W_9lII9agrsRZjFECeFuWY5ev2pQlk

►Learn in One Video[++]:
Python Course with 5 Projects: https://www.youtube.com/watch?v=fqF9M92jzUo
Python[15 Hr]: https://www.youtube.com/watch?v=gfDE2a7MKjA&list=PLu0W_9lII9ahKZ42vg2w9ERPmShYbYAB7
Python Advance[3.5 Hr]: https://www.youtube.com/watch?v=61a7UkDO50s&list=PLu0W_9lII9ahKZ42vg2w9ERPmShYbYAB7
Python[1 Hr]: https://www.youtube.com/watch?v=qHJjMvHLJdg&list=PLu0W_9lII9ahKZ42vg2w9ERPmShYbYAB7
Python[2 Hr]: https://www.youtube.com/watch?v=ihk_Xglr164&list=PLu0W_9lII9ahKZ42vg2w9ERPmShYbYAB7
Python[15 Min]:https://www.youtube.com/watch?v=fr1f84rg4Nw&list=PLu0W_9lII9ahKZ42vg2w9ERPmShYbYAB7
JavaScript[1 Hr]: https://www.youtube.com/watch?v=onbBV0uFVpo&list=PLu0W_9lII9ahKZ42vg2w9ERPmShYbYAB7
C[1.3 Hr]-https://www.youtube.com/watch?v=YXcgD8hRHYY&list=PLu0W_9lII9ahKZ42vg2w9ERPmShYbYAB7
php[1 Hr]: https://www.youtube.com/watch?v=xW7ro3lwaCI&list=PLu0W_9lII9ahKZ42vg2w9ERPmShYbYAB7
php[2.3 Hr]:https://www.youtube.com/watch?v=1SnPKhCdlsU&list=PLu0W_9lII9ahKZ42vg2w9ERPmShYbYAB7
php[Project]- https://www.youtube.com/watch?v=-al2bECumKg&list=PLu0W_9lII9ahKZ42vg2w9ERPmShYbYAB7
HTML[30 Min]:https://www.youtube.com/watch?v=E3ByCRqE7Lo&list=PLu0W_9lII9ahKZ42vg2w9ERPmShYbYAB7
CSS[8.5 Hr]:https://www.youtube.com/watch?v=Edsxf_NBFrw&list=PLu0W_9lII9ahKZ42vg2w9ERPmShYbYAB7
CSS[1.4 Hr]:https://www.youtube.com/watch?v=u5-K_ua9sOw&list=PLu0W_9lII9ahKZ42vg2w9ERPmShYbYAB7
Wordpress[3.2 Hr]:https://www.youtube.com/watch?v=GlLRYml8mCY&list=PLu0W_9lII9ahKZ42vg2w9ERPmShYbYAB7
Angular[2 Hr]:https://www.youtube.com/watch?v=0LhBvp8qpro&list=PLu0W_9lII9ahKZ42vg2w9ERPmShYbYAB7
Java[2.3 Hr]:https://www.youtube.com/watch?v=rV_3Lewxx6o&list=PLu0W_9lII9ahKZ42vg2w9ERPmShYbYAB7
Web Scraping[1 Hr]:https://www.youtube.com/watch?v=uufDGjTuq34&list=PLu0W_9lII9ahKZ42vg2w9ERPmShYbYAB7
MongoDB[2 Hr]:https://www.youtube.com/watch?v=oSIv-E60NiU&list=PLu0W_9lII9ahKZ42vg2w9ERPmShYbYAB7
Numpy[1 Hr]:https://www.youtube.com/watch?v=Rbh1rieb3zc&list=PLu0W_9lII9ahKZ42vg2w9ERPmShYbYAB7
Android Dev[12 Hr]- https://www.youtube.com/watch?v=mXjZQX3UzOs
Linux[1 Hr]:https://www.youtube.com/watch?v=_tCY-c-sPZc&list=PLu0W_9lII9ahKZ42vg2w9ERPmShYbYAB7
JQuery[1.1 Hr]:https://www.youtube.com/watch?v=YFlx1C8XwR0&list=PLu0W_9lII9ahKZ42vg2w9ERPmShYbYAB7
Git and GitHub[1.1 Hr]:https://www.youtube.com/watch?v=gwWKnnCMQ5c&list=PLu0W_9lII9ahKZ42vg2w9ERPmShYbYAB7

►Complete course [playlist]:
React: https://www.youtube.com/playlist?list=PLu0W_9lII9agx66oZnT6IyhcMIbUMNMdt
Python-https://www.youtube.com/playlist?list=PLu0W_9lII9agICnT8t4iYVSZ3eykIAOME
OOP Python-https://www.youtube.com/playlist?list=PLu0W_9lII9ahfRrhFcoB-4lpp9YaBmdCP
Java:https://www.youtube.com/playlist?list=PLu0W_9lII9agS67Uits0UnJyrYiXhDS6q
JavaScript- https://www.youtube.com/playlist?list=PLu0W_9lII9ajyk081To1Cbt2eI5913SsL
PHP-https://www.youtube.com/playlist?list=PLu0W_9lII9aikXkRE0WxDt1vozo3hnmtR
C-https://www.youtube.com/playlist?list=PLu0W_9lII9aiXlHcLx-mDH1Qul38wD3aR
C++-https://www.youtube.com/playlist?list=PLu0W_9lII9agpFUAlPFe_VNSlXW5uE0YL
Git & GitHub-https://www.youtube.com/playlist?list=PLu0W_9lII9ahVQekD7ePHmnirTePXwIln
Android Dev- https://www.youtube.com/playlist?list=PLu0W_9lII9aiL0kysYlfSOUgY5rNlOhUd
Python GUI- https://www.youtube.com/playlist?list=PLu0W_9lII9ajLcqRcj4PoEihkukF_OTzA
Web Development- https://www.youtube.com/playlist?list=PLu0W_9lII9agiCUZYRsvtGTXdxkzPyItg
Python Django:https://www.youtube.com/playlist?list=PLu0W_9lII9ah7DDtYtflgwMwpT3xmjXY9
Projects Using HTML, CSS & Javascript- https://www.youtube.com/playlist?list=PLu0W_9lII9aiQiOwthuSvinxoflmhRxM3
Data Structure and Algo:https://www.youtube.com/playlist?list=PLu0W_9lII9ahIappRPN0MCAgtOu3lQjQi 

Follow Me On Social Media
►Website (created using Django Rest & Angular): https://www.codewithharry.com
►Facebook: https://www.facebook.com/CodeWithHarry
►Instagram: https://www.instagram.com/codewithharry/ 
Twitter: https://twitter.com/CodeWithHarry
Comment ""#HarryBhai"" if you read this 😉😉",https://i.ytimg.com/vi/mpJb9GNxdYI/maxresdefault.jpg,CodeWithHarry,545337,19854,1192,1640,27:20,"27 Minutes, 20 Seconds",2023-11-17T02:30:26,https://www.youtube.com/watch?v=mpJb9GNxdYI
Netflix Clone Using HTML & CSS | Sigma Web Development Course - Tutorial #53,"Latest Udemy Web dev Course With Certificate: https://goharry.in/webdev
Best Offer on Hostinger: https://hostinger.in/codewithharry
Use Coupon Code: CODEWITHHARRY (extra flat 10% OFF)

Timestamp 🕰️
00:00:00 Introduction
00:00:18 Sigma Web Developer Intro
00:00:28 Project 1 Netflix Clone
1:56:13 Conclusion
1:57:00 Sigma Outro

Access the Sigma web development course playlist: https://www.youtube.com/playlist?list=PLu0W_9lII9agq5TrH9XLIKQvv0iaF2X3w
➡️ Source Code: https://github.com/CodeWithHarry/Sigma-Web-Dev-Course
➡️ Notes and CheatSheets: https://www.codewithharry.com/notes/
➡️ English Subtitles are now up for all the videos!

►Checkout my English channel here: https://www.youtube.com/channel/UC7btqG2Ww0_2LwuQxpvo2HQ
►Instagram: www.instagram.com/codewithharry

Download UltraEdit Trial for Free: https://bit.ly/UltraEdit-CWH

python, C, C++, Java, JavaScript and Other Cheatsheets [++]:
Playlist: https://www.youtube.com/playlist?list=PLu0W_9lII9agrsRZjFECeFuWY5ev2pQlk

►Learn in One Video[++]:
Python Course with 5 Projects: https://www.youtube.com/watch?v=fqF9M92jzUo
Python[15 Hr]: https://www.youtube.com/watch?v=gfDE2a7MKjA&list=PLu0W_9lII9ahKZ42vg2w9ERPmShYbYAB7
Python Advance[3.5 Hr]: https://www.youtube.com/watch?v=61a7UkDO50s&list=PLu0W_9lII9ahKZ42vg2w9ERPmShYbYAB7
Python[1 Hr]: https://www.youtube.com/watch?v=qHJjMvHLJdg&list=PLu0W_9lII9ahKZ42vg2w9ERPmShYbYAB7
Python[2 Hr]: https://www.youtube.com/watch?v=ihk_Xglr164&list=PLu0W_9lII9ahKZ42vg2w9ERPmShYbYAB7
Python[15 Min]:https://www.youtube.com/watch?v=fr1f84rg4Nw&list=PLu0W_9lII9ahKZ42vg2w9ERPmShYbYAB7
JavaScript[1 Hr]: https://www.youtube.com/watch?v=onbBV0uFVpo&list=PLu0W_9lII9ahKZ42vg2w9ERPmShYbYAB7
C[1.3 Hr]-https://www.youtube.com/watch?v=YXcgD8hRHYY&list=PLu0W_9lII9ahKZ42vg2w9ERPmShYbYAB7
php[1 Hr]: https://www.youtube.com/watch?v=xW7ro3lwaCI&list=PLu0W_9lII9ahKZ42vg2w9ERPmShYbYAB7
php[2.3 Hr]:https://www.youtube.com/watch?v=1SnPKhCdlsU&list=PLu0W_9lII9ahKZ42vg2w9ERPmShYbYAB7
php[Project]- https://www.youtube.com/watch?v=-al2bECumKg&list=PLu0W_9lII9ahKZ42vg2w9ERPmShYbYAB7
HTML[30 Min]:https://www.youtube.com/watch?v=E3ByCRqE7Lo&list=PLu0W_9lII9ahKZ42vg2w9ERPmShYbYAB7
CSS[8.5 Hr]:https://www.youtube.com/watch?v=Edsxf_NBFrw&list=PLu0W_9lII9ahKZ42vg2w9ERPmShYbYAB7
CSS[1.4 Hr]:https://www.youtube.com/watch?v=u5-K_ua9sOw&list=PLu0W_9lII9ahKZ42vg2w9ERPmShYbYAB7
Wordpress[3.2 Hr]:https://www.youtube.com/watch?v=GlLRYml8mCY&list=PLu0W_9lII9ahKZ42vg2w9ERPmShYbYAB7
Angular[2 Hr]:https://www.youtube.com/watch?v=0LhBvp8qpro&list=PLu0W_9lII9ahKZ42vg2w9ERPmShYbYAB7
Java[2.3 Hr]:https://www.youtube.com/watch?v=rV_3Lewxx6o&list=PLu0W_9lII9ahKZ42vg2w9ERPmShYbYAB7
Web Scraping[1 Hr]:https://www.youtube.com/watch?v=uufDGjTuq34&list=PLu0W_9lII9ahKZ42vg2w9ERPmShYbYAB7
MongoDB[2 Hr]:https://www.youtube.com/watch?v=oSIv-E60NiU&list=PLu0W_9lII9ahKZ42vg2w9ERPmShYbYAB7
Numpy[1 Hr]:https://www.youtube.com/watch?v=Rbh1rieb3zc&list=PLu0W_9lII9ahKZ42vg2w9ERPmShYbYAB7
Android Dev[12 Hr]- https://www.youtube.com/watch?v=mXjZQX3UzOs
Linux[1 Hr]:https://www.youtube.com/watch?v=_tCY-c-sPZc&list=PLu0W_9lII9ahKZ42vg2w9ERPmShYbYAB7
JQuery[1.1 Hr]:https://www.youtube.com/watch?v=YFlx1C8XwR0&list=PLu0W_9lII9ahKZ42vg2w9ERPmShYbYAB7
Git and GitHub[1.1 Hr]:https://www.youtube.com/watch?v=gwWKnnCMQ5c&list=PLu0W_9lII9ahKZ42vg2w9ERPmShYbYAB7

►Complete course [playlist]:
React: https://www.youtube.com/playlist?list=PLu0W_9lII9agx66oZnT6IyhcMIbUMNMdt
Python-https://www.youtube.com/playlist?list=PLu0W_9lII9agICnT8t4iYVSZ3eykIAOME
OOP Python-https://www.youtube.com/playlist?list=PLu0W_9lII9ahfRrhFcoB-4lpp9YaBmdCP
Java:https://www.youtube.com/playlist?list=PLu0W_9lII9agS67Uits0UnJyrYiXhDS6q
JavaScript- https://www.youtube.com/playlist?list=PLu0W_9lII9ajyk081To1Cbt2eI5913SsL
PHP-https://www.youtube.com/playlist?list=PLu0W_9lII9aikXkRE0WxDt1vozo3hnmtR
C-https://www.youtube.com/playlist?list=PLu0W_9lII9aiXlHcLx-mDH1Qul38wD3aR
C++-https://www.youtube.com/playlist?list=PLu0W_9lII9agpFUAlPFe_VNSlXW5uE0YL
Git & GitHub-https://www.youtube.com/playlist?list=PLu0W_9lII9ahVQekD7ePHmnirTePXwIln
Android Dev- https://www.youtube.com/playlist?list=PLu0W_9lII9aiL0kysYlfSOUgY5rNlOhUd
Python GUI- https://www.youtube.com/playlist?list=PLu0W_9lII9ajLcqRcj4PoEihkukF_OTzA
Web Development- https://www.youtube.com/playlist?list=PLu0W_9lII9agiCUZYRsvtGTXdxkzPyItg
Python Django:https://www.youtube.com/playlist?list=PLu0W_9lII9ah7DDtYtflgwMwpT3xmjXY9
Projects Using HTML, CSS & Javascript- https://www.youtube.com/playlist?list=PLu0W_9lII9aiQiOwthuSvinxoflmhRxM3
Data Structure and Algo:https://www.youtube.com/playlist?list=PLu0W_9lII9ahIappRPN0MCAgtOu3lQjQi 

Follow Me On Social Media
►Website (created using Django Rest & Angular): https://www.codewithharry.com
►Facebook: https://www.facebook.com/CodeWithHarry
►Instagram: https://www.instagram.com/codewithharry/ 
Twitter: https://twitter.com/CodeWithHarry
Comment ""#HarryBhai"" if you read this 😉😉",https://i.ytimg.com/vi/ovKVqo-L2EM/maxresdefault.jpg,CodeWithHarry,1292825,26838,3840,7043,1:57:23,"1 Hours, 57 Minutes, 23 Seconds",2023-11-17T17:48:45,https://www.youtube.com/watch?v=ovKVqo-L2EM
Introduction to JavaScript & Installing Node.js | Sigma Web Development Course - Tutorial #54,"Latest Udemy Web dev Course With Certificate: https://goharry.in/webdev
Access the Sigma web development course playlist: https://www.youtube.com/playlist?list=PLu0W_9lII9agq5TrH9XLIKQvv0iaF2X3w
➡️ Source Code: https://github.com/CodeWithHarry/Sigma-Web-Dev-Course
➡️ Notes and CheatSheets: https://www.codewithharry.com/notes/
➡️ English Subtitles are now up for all the videos!

Timestamps 🕰️
00:00 Introduction
00:33 Sigma Web Development Course Intro 
00:43 Introduction to JavaScript
03:26 Integrating JavaScript
06:51 Console.log & some basics
12:24 Installing NodeJS
14:09 Running JS in Node
17:21 Changing Styles using JS
19:18 Conclusion
20:20 Sigma Outro 

►Checkout my English channel here: https://www.youtube.com/channel/UC7btqG2Ww0_2LwuQxpvo2HQ
►Instagram: www.instagram.com/codewithharry

Download UltraEdit Trial for Free: https://bit.ly/UltraEdit-CWH

python, C, C++, Java, JavaScript and Other Cheatsheets [++]:
Playlist: https://www.youtube.com/playlist?list=PLu0W_9lII9agrsRZjFECeFuWY5ev2pQlk

►Learn in One Video[++]:
Python Course with 5 Projects: https://www.youtube.com/watch?v=fqF9M92jzUo
Python[15 Hr]: https://www.youtube.com/watch?v=gfDE2a7MKjA&list=PLu0W_9lII9ahKZ42vg2w9ERPmShYbYAB7
Python Advance[3.5 Hr]: https://www.youtube.com/watch?v=61a7UkDO50s&list=PLu0W_9lII9ahKZ42vg2w9ERPmShYbYAB7
Python[1 Hr]: https://www.youtube.com/watch?v=qHJjMvHLJdg&list=PLu0W_9lII9ahKZ42vg2w9ERPmShYbYAB7
Python[2 Hr]: https://www.youtube.com/watch?v=ihk_Xglr164&list=PLu0W_9lII9ahKZ42vg2w9ERPmShYbYAB7
Python[15 Min]:https://www.youtube.com/watch?v=fr1f84rg4Nw&list=PLu0W_9lII9ahKZ42vg2w9ERPmShYbYAB7
JavaScript[1 Hr]: https://www.youtube.com/watch?v=onbBV0uFVpo&list=PLu0W_9lII9ahKZ42vg2w9ERPmShYbYAB7
C[1.3 Hr]-https://www.youtube.com/watch?v=YXcgD8hRHYY&list=PLu0W_9lII9ahKZ42vg2w9ERPmShYbYAB7
php[1 Hr]: https://www.youtube.com/watch?v=xW7ro3lwaCI&list=PLu0W_9lII9ahKZ42vg2w9ERPmShYbYAB7
php[2.3 Hr]:https://www.youtube.com/watch?v=1SnPKhCdlsU&list=PLu0W_9lII9ahKZ42vg2w9ERPmShYbYAB7
php[Project]- https://www.youtube.com/watch?v=-al2bECumKg&list=PLu0W_9lII9ahKZ42vg2w9ERPmShYbYAB7
HTML[30 Min]:https://www.youtube.com/watch?v=E3ByCRqE7Lo&list=PLu0W_9lII9ahKZ42vg2w9ERPmShYbYAB7
CSS[8.5 Hr]:https://www.youtube.com/watch?v=Edsxf_NBFrw&list=PLu0W_9lII9ahKZ42vg2w9ERPmShYbYAB7
CSS[1.4 Hr]:https://www.youtube.com/watch?v=u5-K_ua9sOw&list=PLu0W_9lII9ahKZ42vg2w9ERPmShYbYAB7
Wordpress[3.2 Hr]:https://www.youtube.com/watch?v=GlLRYml8mCY&list=PLu0W_9lII9ahKZ42vg2w9ERPmShYbYAB7
Angular[2 Hr]:https://www.youtube.com/watch?v=0LhBvp8qpro&list=PLu0W_9lII9ahKZ42vg2w9ERPmShYbYAB7
Java[2.3 Hr]:https://www.youtube.com/watch?v=rV_3Lewxx6o&list=PLu0W_9lII9ahKZ42vg2w9ERPmShYbYAB7
Web Scraping[1 Hr]:https://www.youtube.com/watch?v=uufDGjTuq34&list=PLu0W_9lII9ahKZ42vg2w9ERPmShYbYAB7
MongoDB[2 Hr]:https://www.youtube.com/watch?v=oSIv-E60NiU&list=PLu0W_9lII9ahKZ42vg2w9ERPmShYbYAB7
Numpy[1 Hr]:https://www.youtube.com/watch?v=Rbh1rieb3zc&list=PLu0W_9lII9ahKZ42vg2w9ERPmShYbYAB7
Android Dev[12 Hr]- https://www.youtube.com/watch?v=mXjZQX3UzOs
Linux[1 Hr]:https://www.youtube.com/watch?v=_tCY-c-sPZc&list=PLu0W_9lII9ahKZ42vg2w9ERPmShYbYAB7
JQuery[1.1 Hr]:https://www.youtube.com/watch?v=YFlx1C8XwR0&list=PLu0W_9lII9ahKZ42vg2w9ERPmShYbYAB7
Git and GitHub[1.1 Hr]:https://www.youtube.com/watch?v=gwWKnnCMQ5c&list=PLu0W_9lII9ahKZ42vg2w9ERPmShYbYAB7

►Complete course [playlist]:
React: https://www.youtube.com/playlist?list=PLu0W_9lII9agx66oZnT6IyhcMIbUMNMdt
Python-https://www.youtube.com/playlist?list=PLu0W_9lII9agICnT8t4iYVSZ3eykIAOME
OOP Python-https://www.youtube.com/playlist?list=PLu0W_9lII9ahfRrhFcoB-4lpp9YaBmdCP
Java:https://www.youtube.com/playlist?list=PLu0W_9lII9agS67Uits0UnJyrYiXhDS6q
JavaScript- https://www.youtube.com/playlist?list=PLu0W_9lII9ajyk081To1Cbt2eI5913SsL
PHP-https://www.youtube.com/playlist?list=PLu0W_9lII9aikXkRE0WxDt1vozo3hnmtR
C-https://www.youtube.com/playlist?list=PLu0W_9lII9aiXlHcLx-mDH1Qul38wD3aR
C++-https://www.youtube.com/playlist?list=PLu0W_9lII9agpFUAlPFe_VNSlXW5uE0YL
Git & GitHub-https://www.youtube.com/playlist?list=PLu0W_9lII9ahVQekD7ePHmnirTePXwIln
Android Dev- https://www.youtube.com/playlist?list=PLu0W_9lII9aiL0kysYlfSOUgY5rNlOhUd
Python GUI- https://www.youtube.com/playlist?list=PLu0W_9lII9ajLcqRcj4PoEihkukF_OTzA
Web Development- https://www.youtube.com/playlist?list=PLu0W_9lII9agiCUZYRsvtGTXdxkzPyItg
Python Django:https://www.youtube.com/playlist?list=PLu0W_9lII9ah7DDtYtflgwMwpT3xmjXY9
Projects Using HTML, CSS & Javascript- https://www.youtube.com/playlist?list=PLu0W_9lII9aiQiOwthuSvinxoflmhRxM3
Data Structure and Algo:https://www.youtube.com/playlist?list=PLu0W_9lII9ahIappRPN0MCAgtOu3lQjQi 

Follow Me On Social Media
►Website (created using Django Rest & Angular): https://www.codewithharry.com
►Facebook: https://www.facebook.com/CodeWithHarry
►Instagram: https://www.instagram.com/codewithharry/ 
Twitter: https://twitter.com/CodeWithHarry
Comment ""#HarryBhai"" if you read this 😉😉",https://i.ytimg.com/vi/NrhP53Divco/maxresdefault.jpg,CodeWithHarry,625726,28046,5559,1223,20:23,"20 Minutes, 23 Seconds",2023-11-18T15:03:44,https://www.youtube.com/watch?v=NrhP53Divco
"JavaScript Variables, Data Types & Objects | Sigma Web Development Course - Tutorial #55","Latest Udemy Web dev Course With Certificate: https://goharry.in/webdev
Access the Sigma web development course playlist: https://www.youtube.com/playlist?list=PLu0W_9lII9agq5TrH9XLIKQvv0iaF2X3w
➡️ Source Code: https://github.com/CodeWithHarry/Sigma-Web-Dev-Course
➡️ Notes and CheatSheets: https://www.codewithharry.com/notes/
➡️ English Subtitles are now up for all the videos!

Timestamps 🕰️
00:00 Introduction
00:31 Sigma Web Development Course Intro 
00:41 Download Notes
02:03 JavaScript variables
07:30 Understanding const in JavaScript
07:50 var vs let in JavaScript
12:10 Primitive Data Types
15:19 The type of null
16:15 Objects
19:18 Conclusion
19:57 Sigma Outro 

►Checkout my English channel here: https://www.youtube.com/channel/UC7btqG2Ww0_2LwuQxpvo2HQ
►Instagram: www.instagram.com/codewithharry

Download UltraEdit Trial for Free: https://bit.ly/UltraEdit-CWH

python, C, C++, Java, JavaScript and Other Cheatsheets [++]:
Playlist: https://www.youtube.com/playlist?list=PLu0W_9lII9agrsRZjFECeFuWY5ev2pQlk

►Learn in One Video[++]:
Python Course with 5 Projects: https://www.youtube.com/watch?v=fqF9M92jzUo
Python[15 Hr]: https://www.youtube.com/watch?v=gfDE2a7MKjA&list=PLu0W_9lII9ahKZ42vg2w9ERPmShYbYAB7
Python Advance[3.5 Hr]: https://www.youtube.com/watch?v=61a7UkDO50s&list=PLu0W_9lII9ahKZ42vg2w9ERPmShYbYAB7
Python[1 Hr]: https://www.youtube.com/watch?v=qHJjMvHLJdg&list=PLu0W_9lII9ahKZ42vg2w9ERPmShYbYAB7
Python[2 Hr]: https://www.youtube.com/watch?v=ihk_Xglr164&list=PLu0W_9lII9ahKZ42vg2w9ERPmShYbYAB7
Python[15 Min]:https://www.youtube.com/watch?v=fr1f84rg4Nw&list=PLu0W_9lII9ahKZ42vg2w9ERPmShYbYAB7
JavaScript[1 Hr]: https://www.youtube.com/watch?v=onbBV0uFVpo&list=PLu0W_9lII9ahKZ42vg2w9ERPmShYbYAB7
C[1.3 Hr]-https://www.youtube.com/watch?v=YXcgD8hRHYY&list=PLu0W_9lII9ahKZ42vg2w9ERPmShYbYAB7
php[1 Hr]: https://www.youtube.com/watch?v=xW7ro3lwaCI&list=PLu0W_9lII9ahKZ42vg2w9ERPmShYbYAB7
php[2.3 Hr]:https://www.youtube.com/watch?v=1SnPKhCdlsU&list=PLu0W_9lII9ahKZ42vg2w9ERPmShYbYAB7
php[Project]- https://www.youtube.com/watch?v=-al2bECumKg&list=PLu0W_9lII9ahKZ42vg2w9ERPmShYbYAB7
HTML[30 Min]:https://www.youtube.com/watch?v=E3ByCRqE7Lo&list=PLu0W_9lII9ahKZ42vg2w9ERPmShYbYAB7
CSS[8.5 Hr]:https://www.youtube.com/watch?v=Edsxf_NBFrw&list=PLu0W_9lII9ahKZ42vg2w9ERPmShYbYAB7
CSS[1.4 Hr]:https://www.youtube.com/watch?v=u5-K_ua9sOw&list=PLu0W_9lII9ahKZ42vg2w9ERPmShYbYAB7
Wordpress[3.2 Hr]:https://www.youtube.com/watch?v=GlLRYml8mCY&list=PLu0W_9lII9ahKZ42vg2w9ERPmShYbYAB7
Angular[2 Hr]:https://www.youtube.com/watch?v=0LhBvp8qpro&list=PLu0W_9lII9ahKZ42vg2w9ERPmShYbYAB7
Java[2.3 Hr]:https://www.youtube.com/watch?v=rV_3Lewxx6o&list=PLu0W_9lII9ahKZ42vg2w9ERPmShYbYAB7
Web Scraping[1 Hr]:https://www.youtube.com/watch?v=uufDGjTuq34&list=PLu0W_9lII9ahKZ42vg2w9ERPmShYbYAB7
MongoDB[2 Hr]:https://www.youtube.com/watch?v=oSIv-E60NiU&list=PLu0W_9lII9ahKZ42vg2w9ERPmShYbYAB7
Numpy[1 Hr]:https://www.youtube.com/watch?v=Rbh1rieb3zc&list=PLu0W_9lII9ahKZ42vg2w9ERPmShYbYAB7
Android Dev[12 Hr]- https://www.youtube.com/watch?v=mXjZQX3UzOs
Linux[1 Hr]:https://www.youtube.com/watch?v=_tCY-c-sPZc&list=PLu0W_9lII9ahKZ42vg2w9ERPmShYbYAB7
JQuery[1.1 Hr]:https://www.youtube.com/watch?v=YFlx1C8XwR0&list=PLu0W_9lII9ahKZ42vg2w9ERPmShYbYAB7
Git and GitHub[1.1 Hr]:https://www.youtube.com/watch?v=gwWKnnCMQ5c&list=PLu0W_9lII9ahKZ42vg2w9ERPmShYbYAB7

►Complete course [playlist]:
React: https://www.youtube.com/playlist?list=PLu0W_9lII9agx66oZnT6IyhcMIbUMNMdt
Python-https://www.youtube.com/playlist?list=PLu0W_9lII9agICnT8t4iYVSZ3eykIAOME
OOP Python-https://www.youtube.com/playlist?list=PLu0W_9lII9ahfRrhFcoB-4lpp9YaBmdCP
Java:https://www.youtube.com/playlist?list=PLu0W_9lII9agS67Uits0UnJyrYiXhDS6q
JavaScript- https://www.youtube.com/playlist?list=PLu0W_9lII9ajyk081To1Cbt2eI5913SsL
PHP-https://www.youtube.com/playlist?list=PLu0W_9lII9aikXkRE0WxDt1vozo3hnmtR
C-https://www.youtube.com/playlist?list=PLu0W_9lII9aiXlHcLx-mDH1Qul38wD3aR
C++-https://www.youtube.com/playlist?list=PLu0W_9lII9agpFUAlPFe_VNSlXW5uE0YL
Git & GitHub-https://www.youtube.com/playlist?list=PLu0W_9lII9ahVQekD7ePHmnirTePXwIln
Android Dev- https://www.youtube.com/playlist?list=PLu0W_9lII9aiL0kysYlfSOUgY5rNlOhUd
Python GUI- https://www.youtube.com/playlist?list=PLu0W_9lII9ajLcqRcj4PoEihkukF_OTzA
Web Development- https://www.youtube.com/playlist?list=PLu0W_9lII9agiCUZYRsvtGTXdxkzPyItg
Python Django:https://www.youtube.com/playlist?list=PLu0W_9lII9ah7DDtYtflgwMwpT3xmjXY9
Projects Using HTML, CSS & Javascript- https://www.youtube.com/playlist?list=PLu0W_9lII9aiQiOwthuSvinxoflmhRxM3
Data Structure and Algo:https://www.youtube.com/playlist?list=PLu0W_9lII9ahIappRPN0MCAgtOu3lQjQi 

Follow Me On Social Media
►Website (created using Django Rest & Angular): https://www.codewithharry.com
►Facebook: https://www.facebook.com/CodeWithHarry
►Instagram: https://www.instagram.com/codewithharry/ 
Twitter: https://twitter.com/CodeWithHarry
Comment ""#HarryBhai"" if you read this 😉😉",https://i.ytimg.com/vi/HGCDMJXS1cc/maxresdefault.jpg,CodeWithHarry,466507,16761,3876,1220,20:20,"20 Minutes, 20 Seconds",2023-11-19T11:30:06,https://www.youtube.com/watch?v=HGCDMJXS1cc
"JavaScript Conditionals: if, else if,  else ladder | Sigma Web Development Course - Tutorial #56","Latest Udemy Web dev Course With Certificate: https://goharry.in/webdev
Access the Sigma web development course playlist: https://www.youtube.com/playlist?list=PLu0W_9lII9agq5TrH9XLIKQvv0iaF2X3w
➡️ Source Code: https://github.com/CodeWithHarry/Sigma-Web-Dev-Course
➡️ Notes and CheatSheets: https://www.codewithharry.com/notes/
➡️ English Subtitles are now up for all the videos!

Timestamp 🕰️
00:00 Introduction
00:22 Sigma Web Development Course Intro 
00:32 Code Runner install
01:50 Important Code Runner settings
02:45 If-Else conditional
05:20 Operator
10:40 Comparison operator
14:45 Comments in JavaScript
16:26 If-Else ladder
20:02 Ternary Operator
23:20 Conclusion
24:01 Sigma Outro

►Checkout my English channel here: https://www.youtube.com/channel/UC7btqG2Ww0_2LwuQxpvo2HQ
►Instagram: www.instagram.com/codewithharry

Download UltraEdit Trial for Free: https://bit.ly/UltraEdit-CWH

python, C, C++, Java, JavaScript and Other Cheatsheets [++]:
Playlist: https://www.youtube.com/playlist?list=PLu0W_9lII9agrsRZjFECeFuWY5ev2pQlk

►Learn in One Video[++]:
Python Course with 5 Projects: https://www.youtube.com/watch?v=fqF9M92jzUo
Python[15 Hr]: https://www.youtube.com/watch?v=gfDE2a7MKjA&list=PLu0W_9lII9ahKZ42vg2w9ERPmShYbYAB7
Python Advance[3.5 Hr]: https://www.youtube.com/watch?v=61a7UkDO50s&list=PLu0W_9lII9ahKZ42vg2w9ERPmShYbYAB7
Python[1 Hr]: https://www.youtube.com/watch?v=qHJjMvHLJdg&list=PLu0W_9lII9ahKZ42vg2w9ERPmShYbYAB7
Python[2 Hr]: https://www.youtube.com/watch?v=ihk_Xglr164&list=PLu0W_9lII9ahKZ42vg2w9ERPmShYbYAB7
Python[15 Min]:https://www.youtube.com/watch?v=fr1f84rg4Nw&list=PLu0W_9lII9ahKZ42vg2w9ERPmShYbYAB7
JavaScript[1 Hr]: https://www.youtube.com/watch?v=onbBV0uFVpo&list=PLu0W_9lII9ahKZ42vg2w9ERPmShYbYAB7
C[1.3 Hr]-https://www.youtube.com/watch?v=YXcgD8hRHYY&list=PLu0W_9lII9ahKZ42vg2w9ERPmShYbYAB7
php[1 Hr]: https://www.youtube.com/watch?v=xW7ro3lwaCI&list=PLu0W_9lII9ahKZ42vg2w9ERPmShYbYAB7
php[2.3 Hr]:https://www.youtube.com/watch?v=1SnPKhCdlsU&list=PLu0W_9lII9ahKZ42vg2w9ERPmShYbYAB7
php[Project]- https://www.youtube.com/watch?v=-al2bECumKg&list=PLu0W_9lII9ahKZ42vg2w9ERPmShYbYAB7
HTML[30 Min]:https://www.youtube.com/watch?v=E3ByCRqE7Lo&list=PLu0W_9lII9ahKZ42vg2w9ERPmShYbYAB7
CSS[8.5 Hr]:https://www.youtube.com/watch?v=Edsxf_NBFrw&list=PLu0W_9lII9ahKZ42vg2w9ERPmShYbYAB7
CSS[1.4 Hr]:https://www.youtube.com/watch?v=u5-K_ua9sOw&list=PLu0W_9lII9ahKZ42vg2w9ERPmShYbYAB7
Wordpress[3.2 Hr]:https://www.youtube.com/watch?v=GlLRYml8mCY&list=PLu0W_9lII9ahKZ42vg2w9ERPmShYbYAB7
Angular[2 Hr]:https://www.youtube.com/watch?v=0LhBvp8qpro&list=PLu0W_9lII9ahKZ42vg2w9ERPmShYbYAB7
Java[2.3 Hr]:https://www.youtube.com/watch?v=rV_3Lewxx6o&list=PLu0W_9lII9ahKZ42vg2w9ERPmShYbYAB7
Web Scraping[1 Hr]:https://www.youtube.com/watch?v=uufDGjTuq34&list=PLu0W_9lII9ahKZ42vg2w9ERPmShYbYAB7
MongoDB[2 Hr]:https://www.youtube.com/watch?v=oSIv-E60NiU&list=PLu0W_9lII9ahKZ42vg2w9ERPmShYbYAB7
Numpy[1 Hr]:https://www.youtube.com/watch?v=Rbh1rieb3zc&list=PLu0W_9lII9ahKZ42vg2w9ERPmShYbYAB7
Android Dev[12 Hr]- https://www.youtube.com/watch?v=mXjZQX3UzOs
Linux[1 Hr]:https://www.youtube.com/watch?v=_tCY-c-sPZc&list=PLu0W_9lII9ahKZ42vg2w9ERPmShYbYAB7
JQuery[1.1 Hr]:https://www.youtube.com/watch?v=YFlx1C8XwR0&list=PLu0W_9lII9ahKZ42vg2w9ERPmShYbYAB7
Git and GitHub[1.1 Hr]:https://www.youtube.com/watch?v=gwWKnnCMQ5c&list=PLu0W_9lII9ahKZ42vg2w9ERPmShYbYAB7

►Complete course [playlist]:
React: https://www.youtube.com/playlist?list=PLu0W_9lII9agx66oZnT6IyhcMIbUMNMdt
Python-https://www.youtube.com/playlist?list=PLu0W_9lII9agICnT8t4iYVSZ3eykIAOME
OOP Python-https://www.youtube.com/playlist?list=PLu0W_9lII9ahfRrhFcoB-4lpp9YaBmdCP
Java:https://www.youtube.com/playlist?list=PLu0W_9lII9agS67Uits0UnJyrYiXhDS6q
JavaScript- https://www.youtube.com/playlist?list=PLu0W_9lII9ajyk081To1Cbt2eI5913SsL
PHP-https://www.youtube.com/playlist?list=PLu0W_9lII9aikXkRE0WxDt1vozo3hnmtR
C-https://www.youtube.com/playlist?list=PLu0W_9lII9aiXlHcLx-mDH1Qul38wD3aR
C++-https://www.youtube.com/playlist?list=PLu0W_9lII9agpFUAlPFe_VNSlXW5uE0YL
Git & GitHub-https://www.youtube.com/playlist?list=PLu0W_9lII9ahVQekD7ePHmnirTePXwIln
Android Dev- https://www.youtube.com/playlist?list=PLu0W_9lII9aiL0kysYlfSOUgY5rNlOhUd
Python GUI- https://www.youtube.com/playlist?list=PLu0W_9lII9ajLcqRcj4PoEihkukF_OTzA
Web Development- https://www.youtube.com/playlist?list=PLu0W_9lII9agiCUZYRsvtGTXdxkzPyItg
Python Django:https://www.youtube.com/playlist?list=PLu0W_9lII9ah7DDtYtflgwMwpT3xmjXY9
Projects Using HTML, CSS & Javascript- https://www.youtube.com/playlist?list=PLu0W_9lII9aiQiOwthuSvinxoflmhRxM3
Data Structure and Algo:https://www.youtube.com/playlist?list=PLu0W_9lII9ahIappRPN0MCAgtOu3lQjQi 

Follow Me On Social Media
►Website (created using Django Rest & Angular): https://www.codewithharry.com
►Facebook: https://www.facebook.com/CodeWithHarry
►Instagram: https://www.instagram.com/codewithharry/ 
Twitter: https://twitter.com/CodeWithHarry
Comment ""#HarryBhai"" if you read this 😉😉",https://i.ytimg.com/vi/1R4NGtsj7hw/maxresdefault.jpg,CodeWithHarry,375336,16025,1454,1464,24:24,"24 Minutes, 24 Seconds",2023-11-21T11:30:01,https://www.youtube.com/watch?v=1R4NGtsj7hw
JavaScript Loops | Sigma Web Development Course - Tutorial #57,"Latest Udemy Web dev Course With Certificate: https://goharry.in/webdev
Access the Sigma web development course playlist: https://www.youtube.com/playlist?list=PLu0W_9lII9agq5TrH9XLIKQvv0iaF2X3w
➡️ Source Code: https://github.com/CodeWithHarry/Sigma-Web-Dev-Course
➡️ Notes and CheatSheets: https://www.codewithharry.com/notes/
➡️ English Subtitles are now up for all the videos!

Timestamps 🕰️
00:00 Introduction
00:32 Sigma Web Development Course Intro 
00:42 Loops Introduction
03:11 for loop
07:03 for in loop
09:07 for of loop
10:07 while loop
12:21 do while loop
14:17 Notes
14:52 Conclusion
15:39 Sigma Outro

►Checkout my English channel here: https://www.youtube.com/channel/UC7btqG2Ww0_2LwuQxpvo2HQ
►Instagram: www.instagram.com/codewithharry

Download UltraEdit Trial for Free: https://bit.ly/UltraEdit-CWH

python, C, C++, Java, JavaScript and Other Cheatsheets [++]:
Playlist: https://www.youtube.com/playlist?list=PLu0W_9lII9agrsRZjFECeFuWY5ev2pQlk

►Learn in One Video[++]:
Python Course with 5 Projects: https://www.youtube.com/watch?v=fqF9M92jzUo
Python[15 Hr]: https://www.youtube.com/watch?v=gfDE2a7MKjA&list=PLu0W_9lII9ahKZ42vg2w9ERPmShYbYAB7
Python Advance[3.5 Hr]: https://www.youtube.com/watch?v=61a7UkDO50s&list=PLu0W_9lII9ahKZ42vg2w9ERPmShYbYAB7
Python[1 Hr]: https://www.youtube.com/watch?v=qHJjMvHLJdg&list=PLu0W_9lII9ahKZ42vg2w9ERPmShYbYAB7
Python[2 Hr]: https://www.youtube.com/watch?v=ihk_Xglr164&list=PLu0W_9lII9ahKZ42vg2w9ERPmShYbYAB7
Python[15 Min]:https://www.youtube.com/watch?v=fr1f84rg4Nw&list=PLu0W_9lII9ahKZ42vg2w9ERPmShYbYAB7
JavaScript[1 Hr]: https://www.youtube.com/watch?v=onbBV0uFVpo&list=PLu0W_9lII9ahKZ42vg2w9ERPmShYbYAB7
C[1.3 Hr]-https://www.youtube.com/watch?v=YXcgD8hRHYY&list=PLu0W_9lII9ahKZ42vg2w9ERPmShYbYAB7
php[1 Hr]: https://www.youtube.com/watch?v=xW7ro3lwaCI&list=PLu0W_9lII9ahKZ42vg2w9ERPmShYbYAB7
php[2.3 Hr]:https://www.youtube.com/watch?v=1SnPKhCdlsU&list=PLu0W_9lII9ahKZ42vg2w9ERPmShYbYAB7
php[Project]- https://www.youtube.com/watch?v=-al2bECumKg&list=PLu0W_9lII9ahKZ42vg2w9ERPmShYbYAB7
HTML[30 Min]:https://www.youtube.com/watch?v=E3ByCRqE7Lo&list=PLu0W_9lII9ahKZ42vg2w9ERPmShYbYAB7
CSS[8.5 Hr]:https://www.youtube.com/watch?v=Edsxf_NBFrw&list=PLu0W_9lII9ahKZ42vg2w9ERPmShYbYAB7
CSS[1.4 Hr]:https://www.youtube.com/watch?v=u5-K_ua9sOw&list=PLu0W_9lII9ahKZ42vg2w9ERPmShYbYAB7
Wordpress[3.2 Hr]:https://www.youtube.com/watch?v=GlLRYml8mCY&list=PLu0W_9lII9ahKZ42vg2w9ERPmShYbYAB7
Angular[2 Hr]:https://www.youtube.com/watch?v=0LhBvp8qpro&list=PLu0W_9lII9ahKZ42vg2w9ERPmShYbYAB7
Java[2.3 Hr]:https://www.youtube.com/watch?v=rV_3Lewxx6o&list=PLu0W_9lII9ahKZ42vg2w9ERPmShYbYAB7
Web Scraping[1 Hr]:https://www.youtube.com/watch?v=uufDGjTuq34&list=PLu0W_9lII9ahKZ42vg2w9ERPmShYbYAB7
MongoDB[2 Hr]:https://www.youtube.com/watch?v=oSIv-E60NiU&list=PLu0W_9lII9ahKZ42vg2w9ERPmShYbYAB7
Numpy[1 Hr]:https://www.youtube.com/watch?v=Rbh1rieb3zc&list=PLu0W_9lII9ahKZ42vg2w9ERPmShYbYAB7
Android Dev[12 Hr]- https://www.youtube.com/watch?v=mXjZQX3UzOs
Linux[1 Hr]:https://www.youtube.com/watch?v=_tCY-c-sPZc&list=PLu0W_9lII9ahKZ42vg2w9ERPmShYbYAB7
JQuery[1.1 Hr]:https://www.youtube.com/watch?v=YFlx1C8XwR0&list=PLu0W_9lII9ahKZ42vg2w9ERPmShYbYAB7
Git and GitHub[1.1 Hr]:https://www.youtube.com/watch?v=gwWKnnCMQ5c&list=PLu0W_9lII9ahKZ42vg2w9ERPmShYbYAB7

►Complete course [playlist]:
React: https://www.youtube.com/playlist?list=PLu0W_9lII9agx66oZnT6IyhcMIbUMNMdt
Python-https://www.youtube.com/playlist?list=PLu0W_9lII9agICnT8t4iYVSZ3eykIAOME
OOP Python-https://www.youtube.com/playlist?list=PLu0W_9lII9ahfRrhFcoB-4lpp9YaBmdCP
Java:https://www.youtube.com/playlist?list=PLu0W_9lII9agS67Uits0UnJyrYiXhDS6q
JavaScript- https://www.youtube.com/playlist?list=PLu0W_9lII9ajyk081To1Cbt2eI5913SsL
PHP-https://www.youtube.com/playlist?list=PLu0W_9lII9aikXkRE0WxDt1vozo3hnmtR
C-https://www.youtube.com/playlist?list=PLu0W_9lII9aiXlHcLx-mDH1Qul38wD3aR
C++-https://www.youtube.com/playlist?list=PLu0W_9lII9agpFUAlPFe_VNSlXW5uE0YL
Git & GitHub-https://www.youtube.com/playlist?list=PLu0W_9lII9ahVQekD7ePHmnirTePXwIln
Android Dev- https://www.youtube.com/playlist?list=PLu0W_9lII9aiL0kysYlfSOUgY5rNlOhUd
Python GUI- https://www.youtube.com/playlist?list=PLu0W_9lII9ajLcqRcj4PoEihkukF_OTzA
Web Development- https://www.youtube.com/playlist?list=PLu0W_9lII9agiCUZYRsvtGTXdxkzPyItg
Python Django:https://www.youtube.com/playlist?list=PLu0W_9lII9ah7DDtYtflgwMwpT3xmjXY9
Projects Using HTML, CSS & Javascript- https://www.youtube.com/playlist?list=PLu0W_9lII9aiQiOwthuSvinxoflmhRxM3
Data Structure and Algo:https://www.youtube.com/playlist?list=PLu0W_9lII9ahIappRPN0MCAgtOu3lQjQi 

Follow Me On Social Media
►Website (created using Django Rest & Angular): https://www.codewithharry.com
►Facebook: https://www.facebook.com/CodeWithHarry
►Instagram: https://www.instagram.com/codewithharry/ 
Twitter: https://twitter.com/CodeWithHarry
Comment ""#HarryBhai"" if you read this 😉😉",https://i.ytimg.com/vi/y32sWmu-RI4/maxresdefault.jpg,CodeWithHarry,329974,13361,1702,961,16:01,"16 Minutes, 1 Seconds",2023-11-22T11:30:24,https://www.youtube.com/watch?v=y32sWmu-RI4
JavaScript Functions | Sigma Web Development Course - Tutorial #58,"Latest Udemy Web dev Course With Certificate: https://goharry.in/webdev
Access the Sigma web development course playlist: https://www.youtube.com/playlist?list=PLu0W_9lII9agq5TrH9XLIKQvv0iaF2X3w
➡️ Source Code: https://github.com/CodeWithHarry/Sigma-Web-Dev-Course
➡️ Notes and CheatSheets: https://www.codewithharry.com/notes/
➡️ English Subtitles are now up for all the videos!

Timestamps 🕰️
00:00 Introduction
00:32 Sigma Web Development Course Intro 
00:42 Introduction to Functions
02:12 Creating a Function
04:18 Function which Sums 2 numbers
07:00 Optional Parameters
08:07 Quick Recap
09:38 Arrow Functions
11:50 Conclusion
12:03 Sigma Outro

►Checkout my English channel here: https://www.youtube.com/channel/UC7btqG2Ww0_2LwuQxpvo2HQ
►Instagram: www.instagram.com/codewithharry

Download UltraEdit Trial for Free: https://bit.ly/UltraEdit-CWH

python, C, C++, Java, JavaScript and Other Cheatsheets [++]:
Playlist: https://www.youtube.com/playlist?list=PLu0W_9lII9agrsRZjFECeFuWY5ev2pQlk

►Learn in One Video[++]:
Python Course with 5 Projects: https://www.youtube.com/watch?v=fqF9M92jzUo
Python[15 Hr]: https://www.youtube.com/watch?v=gfDE2a7MKjA&list=PLu0W_9lII9ahKZ42vg2w9ERPmShYbYAB7
Python Advance[3.5 Hr]: https://www.youtube.com/watch?v=61a7UkDO50s&list=PLu0W_9lII9ahKZ42vg2w9ERPmShYbYAB7
Python[1 Hr]: https://www.youtube.com/watch?v=qHJjMvHLJdg&list=PLu0W_9lII9ahKZ42vg2w9ERPmShYbYAB7
Python[2 Hr]: https://www.youtube.com/watch?v=ihk_Xglr164&list=PLu0W_9lII9ahKZ42vg2w9ERPmShYbYAB7
Python[15 Min]:https://www.youtube.com/watch?v=fr1f84rg4Nw&list=PLu0W_9lII9ahKZ42vg2w9ERPmShYbYAB7
JavaScript[1 Hr]: https://www.youtube.com/watch?v=onbBV0uFVpo&list=PLu0W_9lII9ahKZ42vg2w9ERPmShYbYAB7
C[1.3 Hr]-https://www.youtube.com/watch?v=YXcgD8hRHYY&list=PLu0W_9lII9ahKZ42vg2w9ERPmShYbYAB7
php[1 Hr]: https://www.youtube.com/watch?v=xW7ro3lwaCI&list=PLu0W_9lII9ahKZ42vg2w9ERPmShYbYAB7
php[2.3 Hr]:https://www.youtube.com/watch?v=1SnPKhCdlsU&list=PLu0W_9lII9ahKZ42vg2w9ERPmShYbYAB7
php[Project]- https://www.youtube.com/watch?v=-al2bECumKg&list=PLu0W_9lII9ahKZ42vg2w9ERPmShYbYAB7
HTML[30 Min]:https://www.youtube.com/watch?v=E3ByCRqE7Lo&list=PLu0W_9lII9ahKZ42vg2w9ERPmShYbYAB7
CSS[8.5 Hr]:https://www.youtube.com/watch?v=Edsxf_NBFrw&list=PLu0W_9lII9ahKZ42vg2w9ERPmShYbYAB7
CSS[1.4 Hr]:https://www.youtube.com/watch?v=u5-K_ua9sOw&list=PLu0W_9lII9ahKZ42vg2w9ERPmShYbYAB7
Wordpress[3.2 Hr]:https://www.youtube.com/watch?v=GlLRYml8mCY&list=PLu0W_9lII9ahKZ42vg2w9ERPmShYbYAB7
Angular[2 Hr]:https://www.youtube.com/watch?v=0LhBvp8qpro&list=PLu0W_9lII9ahKZ42vg2w9ERPmShYbYAB7
Java[2.3 Hr]:https://www.youtube.com/watch?v=rV_3Lewxx6o&list=PLu0W_9lII9ahKZ42vg2w9ERPmShYbYAB7
Web Scraping[1 Hr]:https://www.youtube.com/watch?v=uufDGjTuq34&list=PLu0W_9lII9ahKZ42vg2w9ERPmShYbYAB7
MongoDB[2 Hr]:https://www.youtube.com/watch?v=oSIv-E60NiU&list=PLu0W_9lII9ahKZ42vg2w9ERPmShYbYAB7
Numpy[1 Hr]:https://www.youtube.com/watch?v=Rbh1rieb3zc&list=PLu0W_9lII9ahKZ42vg2w9ERPmShYbYAB7
Android Dev[12 Hr]- https://www.youtube.com/watch?v=mXjZQX3UzOs
Linux[1 Hr]:https://www.youtube.com/watch?v=_tCY-c-sPZc&list=PLu0W_9lII9ahKZ42vg2w9ERPmShYbYAB7
JQuery[1.1 Hr]:https://www.youtube.com/watch?v=YFlx1C8XwR0&list=PLu0W_9lII9ahKZ42vg2w9ERPmShYbYAB7
Git and GitHub[1.1 Hr]:https://www.youtube.com/watch?v=gwWKnnCMQ5c&list=PLu0W_9lII9ahKZ42vg2w9ERPmShYbYAB7

►Complete course [playlist]:
React: https://www.youtube.com/playlist?list=PLu0W_9lII9agx66oZnT6IyhcMIbUMNMdt
Python-https://www.youtube.com/playlist?list=PLu0W_9lII9agICnT8t4iYVSZ3eykIAOME
OOP Python-https://www.youtube.com/playlist?list=PLu0W_9lII9ahfRrhFcoB-4lpp9YaBmdCP
Java:https://www.youtube.com/playlist?list=PLu0W_9lII9agS67Uits0UnJyrYiXhDS6q
JavaScript- https://www.youtube.com/playlist?list=PLu0W_9lII9ajyk081To1Cbt2eI5913SsL
PHP-https://www.youtube.com/playlist?list=PLu0W_9lII9aikXkRE0WxDt1vozo3hnmtR
C-https://www.youtube.com/playlist?list=PLu0W_9lII9aiXlHcLx-mDH1Qul38wD3aR
C++-https://www.youtube.com/playlist?list=PLu0W_9lII9agpFUAlPFe_VNSlXW5uE0YL
Git & GitHub-https://www.youtube.com/playlist?list=PLu0W_9lII9ahVQekD7ePHmnirTePXwIln
Android Dev- https://www.youtube.com/playlist?list=PLu0W_9lII9aiL0kysYlfSOUgY5rNlOhUd
Python GUI- https://www.youtube.com/playlist?list=PLu0W_9lII9ajLcqRcj4PoEihkukF_OTzA
Web Development- https://www.youtube.com/playlist?list=PLu0W_9lII9agiCUZYRsvtGTXdxkzPyItg
Python Django:https://www.youtube.com/playlist?list=PLu0W_9lII9ah7DDtYtflgwMwpT3xmjXY9
Projects Using HTML, CSS & Javascript- https://www.youtube.com/playlist?list=PLu0W_9lII9aiQiOwthuSvinxoflmhRxM3
Data Structure and Algo:https://www.youtube.com/playlist?list=PLu0W_9lII9ahIappRPN0MCAgtOu3lQjQi 

Follow Me On Social Media
►Website (created using Django Rest & Angular): https://www.codewithharry.com
►Facebook: https://www.facebook.com/CodeWithHarry
►Instagram: https://www.instagram.com/codewithharry/ 
Twitter: https://twitter.com/CodeWithHarry
Comment ""#HarryBhai"" if you read this 😉😉",https://i.ytimg.com/vi/Jtc3j4ZNZEQ/maxresdefault.jpg,CodeWithHarry,295723,11527,765,746,12:26,"12 Minutes, 26 Seconds",2023-11-23T11:30:15,https://www.youtube.com/watch?v=Jtc3j4ZNZEQ
Exercise 9 - Faulty Calculator | Sigma Web Development Course - Tutorial #59,"Latest Udemy Web dev Course With Certificate: https://goharry.in/webdev
Access the Sigma web development course playlist: https://www.youtube.com/playlist?list=PLu0W_9lII9agq5TrH9XLIKQvv0iaF2X3w
➡️ Source Code: https://github.com/CodeWithHarry/Sigma-Web-Dev-Course
➡️ Notes and CheatSheets: https://www.codewithharry.com/notes/
➡️ English Subtitles are now up for all the videos!

Timestamps 🕰️
00:00 Introduction
00:25 Sigma Web Development Course Intro 
00:35 Exercise 9 - Faulty Calculator
04:50 Conclusion
05:08 Sigma Outro

►Checkout my English channel here: https://www.youtube.com/channel/UC7btqG2Ww0_2LwuQxpvo2HQ
►Instagram: www.instagram.com/codewithharry

Download UltraEdit Trial for Free: https://bit.ly/UltraEdit-CWH

python, C, C++, Java, JavaScript and Other Cheatsheets [++]:
Playlist: https://www.youtube.com/playlist?list=PLu0W_9lII9agrsRZjFECeFuWY5ev2pQlk

►Learn in One Video[++]:
Python Course with 5 Projects: https://www.youtube.com/watch?v=fqF9M92jzUo
Python[15 Hr]: https://www.youtube.com/watch?v=gfDE2a7MKjA&list=PLu0W_9lII9ahKZ42vg2w9ERPmShYbYAB7
Python Advance[3.5 Hr]: https://www.youtube.com/watch?v=61a7UkDO50s&list=PLu0W_9lII9ahKZ42vg2w9ERPmShYbYAB7
Python[1 Hr]: https://www.youtube.com/watch?v=qHJjMvHLJdg&list=PLu0W_9lII9ahKZ42vg2w9ERPmShYbYAB7
Python[2 Hr]: https://www.youtube.com/watch?v=ihk_Xglr164&list=PLu0W_9lII9ahKZ42vg2w9ERPmShYbYAB7
Python[15 Min]:https://www.youtube.com/watch?v=fr1f84rg4Nw&list=PLu0W_9lII9ahKZ42vg2w9ERPmShYbYAB7
JavaScript[1 Hr]: https://www.youtube.com/watch?v=onbBV0uFVpo&list=PLu0W_9lII9ahKZ42vg2w9ERPmShYbYAB7
C[1.3 Hr]-https://www.youtube.com/watch?v=YXcgD8hRHYY&list=PLu0W_9lII9ahKZ42vg2w9ERPmShYbYAB7
php[1 Hr]: https://www.youtube.com/watch?v=xW7ro3lwaCI&list=PLu0W_9lII9ahKZ42vg2w9ERPmShYbYAB7
php[2.3 Hr]:https://www.youtube.com/watch?v=1SnPKhCdlsU&list=PLu0W_9lII9ahKZ42vg2w9ERPmShYbYAB7
php[Project]- https://www.youtube.com/watch?v=-al2bECumKg&list=PLu0W_9lII9ahKZ42vg2w9ERPmShYbYAB7
HTML[30 Min]:https://www.youtube.com/watch?v=E3ByCRqE7Lo&list=PLu0W_9lII9ahKZ42vg2w9ERPmShYbYAB7
CSS[8.5 Hr]:https://www.youtube.com/watch?v=Edsxf_NBFrw&list=PLu0W_9lII9ahKZ42vg2w9ERPmShYbYAB7
CSS[1.4 Hr]:https://www.youtube.com/watch?v=u5-K_ua9sOw&list=PLu0W_9lII9ahKZ42vg2w9ERPmShYbYAB7
Wordpress[3.2 Hr]:https://www.youtube.com/watch?v=GlLRYml8mCY&list=PLu0W_9lII9ahKZ42vg2w9ERPmShYbYAB7
Angular[2 Hr]:https://www.youtube.com/watch?v=0LhBvp8qpro&list=PLu0W_9lII9ahKZ42vg2w9ERPmShYbYAB7
Java[2.3 Hr]:https://www.youtube.com/watch?v=rV_3Lewxx6o&list=PLu0W_9lII9ahKZ42vg2w9ERPmShYbYAB7
Web Scraping[1 Hr]:https://www.youtube.com/watch?v=uufDGjTuq34&list=PLu0W_9lII9ahKZ42vg2w9ERPmShYbYAB7
MongoDB[2 Hr]:https://www.youtube.com/watch?v=oSIv-E60NiU&list=PLu0W_9lII9ahKZ42vg2w9ERPmShYbYAB7
Numpy[1 Hr]:https://www.youtube.com/watch?v=Rbh1rieb3zc&list=PLu0W_9lII9ahKZ42vg2w9ERPmShYbYAB7
Android Dev[12 Hr]- https://www.youtube.com/watch?v=mXjZQX3UzOs
Linux[1 Hr]:https://www.youtube.com/watch?v=_tCY-c-sPZc&list=PLu0W_9lII9ahKZ42vg2w9ERPmShYbYAB7
JQuery[1.1 Hr]:https://www.youtube.com/watch?v=YFlx1C8XwR0&list=PLu0W_9lII9ahKZ42vg2w9ERPmShYbYAB7
Git and GitHub[1.1 Hr]:https://www.youtube.com/watch?v=gwWKnnCMQ5c&list=PLu0W_9lII9ahKZ42vg2w9ERPmShYbYAB7

►Complete course [playlist]:
React: https://www.youtube.com/playlist?list=PLu0W_9lII9agx66oZnT6IyhcMIbUMNMdt
Python-https://www.youtube.com/playlist?list=PLu0W_9lII9agICnT8t4iYVSZ3eykIAOME
OOP Python-https://www.youtube.com/playlist?list=PLu0W_9lII9ahfRrhFcoB-4lpp9YaBmdCP
Java:https://www.youtube.com/playlist?list=PLu0W_9lII9agS67Uits0UnJyrYiXhDS6q
JavaScript- https://www.youtube.com/playlist?list=PLu0W_9lII9ajyk081To1Cbt2eI5913SsL
PHP-https://www.youtube.com/playlist?list=PLu0W_9lII9aikXkRE0WxDt1vozo3hnmtR
C-https://www.youtube.com/playlist?list=PLu0W_9lII9aiXlHcLx-mDH1Qul38wD3aR
C++-https://www.youtube.com/playlist?list=PLu0W_9lII9agpFUAlPFe_VNSlXW5uE0YL
Git & GitHub-https://www.youtube.com/playlist?list=PLu0W_9lII9ahVQekD7ePHmnirTePXwIln
Android Dev- https://www.youtube.com/playlist?list=PLu0W_9lII9aiL0kysYlfSOUgY5rNlOhUd
Python GUI- https://www.youtube.com/playlist?list=PLu0W_9lII9ajLcqRcj4PoEihkukF_OTzA
Web Development- https://www.youtube.com/playlist?list=PLu0W_9lII9agiCUZYRsvtGTXdxkzPyItg
Python Django:https://www.youtube.com/playlist?list=PLu0W_9lII9ah7DDtYtflgwMwpT3xmjXY9
Projects Using HTML, CSS & Javascript- https://www.youtube.com/playlist?list=PLu0W_9lII9aiQiOwthuSvinxoflmhRxM3
Data Structure and Algo:https://www.youtube.com/playlist?list=PLu0W_9lII9ahIappRPN0MCAgtOu3lQjQi 

Follow Me On Social Media
►Website (created using Django Rest & Angular): https://www.codewithharry.com
►Facebook: https://www.facebook.com/CodeWithHarry
►Instagram: https://www.instagram.com/codewithharry/ 
Twitter: https://twitter.com/CodeWithHarry
Comment ""#HarryBhai"" if you read this 😉😉",https://i.ytimg.com/vi/OrWmrQ2wrKU/maxresdefault.jpg,CodeWithHarry,243071,8954,1841,331,5:31,"5 Minutes, 31 Seconds",2023-11-24T11:30:08,https://www.youtube.com/watch?v=OrWmrQ2wrKU
JavaScript Strings | Sigma Web Development Course - Tutorial #60,"Latest Udemy Web dev Course With Certificate: https://goharry.in/webdev
Access the Sigma web development course playlist: https://www.youtube.com/playlist?list=PLu0W_9lII9agq5TrH9XLIKQvv0iaF2X3w
➡️ Source Code: https://github.com/CodeWithHarry/Sigma-Web-Dev-Course
➡️ Notes and CheatSheets: https://www.codewithharry.com/notes/
➡️ English Subtitles are now up for all the videos!

Timestamps 🕰️
00:00 Introduction
00:27 Sigma Web Development Course Intro 
00:37 Strings
02:07 Accessing Characters
03:47 Length of an Array
04:02 Template Literals
06:47 Run JS anywhere
08:04 Escape Sequence
08:04 Uppercase and Lowercase
10:26 Slicing a String
11:31 Replace
12:16 Concatenation
13:44 Strings are Immutable
15:04 Exploring more
17:20 Conclusion
17:40 Sigma Outro
 

Download UltraEdit Trial for Free: https://bit.ly/UltraEdit-CWH

python, C, C++, Java, JavaScript and Other Cheatsheets [++]:
Playlist: https://www.youtube.com/playlist?list=PLu0W_9lII9agrsRZjFECeFuWY5ev2pQlk

►Learn in One Video[++]:
Python Course with 5 Projects: https://www.youtube.com/watch?v=fqF9M92jzUo
Python[15 Hr]: https://www.youtube.com/watch?v=gfDE2a7MKjA&list=PLu0W_9lII9ahKZ42vg2w9ERPmShYbYAB7
Python Advance[3.5 Hr]: https://www.youtube.com/watch?v=61a7UkDO50s&list=PLu0W_9lII9ahKZ42vg2w9ERPmShYbYAB7
Python[1 Hr]: https://www.youtube.com/watch?v=qHJjMvHLJdg&list=PLu0W_9lII9ahKZ42vg2w9ERPmShYbYAB7
Python[2 Hr]: https://www.youtube.com/watch?v=ihk_Xglr164&list=PLu0W_9lII9ahKZ42vg2w9ERPmShYbYAB7
Python[15 Min]:https://www.youtube.com/watch?v=fr1f84rg4Nw&list=PLu0W_9lII9ahKZ42vg2w9ERPmShYbYAB7
JavaScript[1 Hr]: https://www.youtube.com/watch?v=onbBV0uFVpo&list=PLu0W_9lII9ahKZ42vg2w9ERPmShYbYAB7
C[1.3 Hr]-https://www.youtube.com/watch?v=YXcgD8hRHYY&list=PLu0W_9lII9ahKZ42vg2w9ERPmShYbYAB7
php[1 Hr]: https://www.youtube.com/watch?v=xW7ro3lwaCI&list=PLu0W_9lII9ahKZ42vg2w9ERPmShYbYAB7
php[2.3 Hr]:https://www.youtube.com/watch?v=1SnPKhCdlsU&list=PLu0W_9lII9ahKZ42vg2w9ERPmShYbYAB7
php[Project]- https://www.youtube.com/watch?v=-al2bECumKg&list=PLu0W_9lII9ahKZ42vg2w9ERPmShYbYAB7
HTML[30 Min]:https://www.youtube.com/watch?v=E3ByCRqE7Lo&list=PLu0W_9lII9ahKZ42vg2w9ERPmShYbYAB7
CSS[8.5 Hr]:https://www.youtube.com/watch?v=Edsxf_NBFrw&list=PLu0W_9lII9ahKZ42vg2w9ERPmShYbYAB7
CSS[1.4 Hr]:https://www.youtube.com/watch?v=u5-K_ua9sOw&list=PLu0W_9lII9ahKZ42vg2w9ERPmShYbYAB7
Wordpress[3.2 Hr]:https://www.youtube.com/watch?v=GlLRYml8mCY&list=PLu0W_9lII9ahKZ42vg2w9ERPmShYbYAB7
Angular[2 Hr]:https://www.youtube.com/watch?v=0LhBvp8qpro&list=PLu0W_9lII9ahKZ42vg2w9ERPmShYbYAB7
Java[2.3 Hr]:https://www.youtube.com/watch?v=rV_3Lewxx6o&list=PLu0W_9lII9ahKZ42vg2w9ERPmShYbYAB7
Web Scraping[1 Hr]:https://www.youtube.com/watch?v=uufDGjTuq34&list=PLu0W_9lII9ahKZ42vg2w9ERPmShYbYAB7
MongoDB[2 Hr]:https://www.youtube.com/watch?v=oSIv-E60NiU&list=PLu0W_9lII9ahKZ42vg2w9ERPmShYbYAB7
Numpy[1 Hr]:https://www.youtube.com/watch?v=Rbh1rieb3zc&list=PLu0W_9lII9ahKZ42vg2w9ERPmShYbYAB7
Android Dev[12 Hr]- https://www.youtube.com/watch?v=mXjZQX3UzOs
Linux[1 Hr]:https://www.youtube.com/watch?v=_tCY-c-sPZc&list=PLu0W_9lII9ahKZ42vg2w9ERPmShYbYAB7
JQuery[1.1 Hr]:https://www.youtube.com/watch?v=YFlx1C8XwR0&list=PLu0W_9lII9ahKZ42vg2w9ERPmShYbYAB7
Git and GitHub[1.1 Hr]:https://www.youtube.com/watch?v=gwWKnnCMQ5c&list=PLu0W_9lII9ahKZ42vg2w9ERPmShYbYAB7

►Complete course [playlist]:
React: https://www.youtube.com/playlist?list=PLu0W_9lII9agx66oZnT6IyhcMIbUMNMdt
Python-https://www.youtube.com/playlist?list=PLu0W_9lII9agICnT8t4iYVSZ3eykIAOME
OOP Python-https://www.youtube.com/playlist?list=PLu0W_9lII9ahfRrhFcoB-4lpp9YaBmdCP
Java:https://www.youtube.com/playlist?list=PLu0W_9lII9agS67Uits0UnJyrYiXhDS6q
JavaScript- https://www.youtube.com/playlist?list=PLu0W_9lII9ajyk081To1Cbt2eI5913SsL
PHP-https://www.youtube.com/playlist?list=PLu0W_9lII9aikXkRE0WxDt1vozo3hnmtR
C-https://www.youtube.com/playlist?list=PLu0W_9lII9aiXlHcLx-mDH1Qul38wD3aR
C++-https://www.youtube.com/playlist?list=PLu0W_9lII9agpFUAlPFe_VNSlXW5uE0YL
Git & GitHub-https://www.youtube.com/playlist?list=PLu0W_9lII9ahVQekD7ePHmnirTePXwIln
Android Dev- https://www.youtube.com/playlist?list=PLu0W_9lII9aiL0kysYlfSOUgY5rNlOhUd
Python GUI- https://www.youtube.com/playlist?list=PLu0W_9lII9ajLcqRcj4PoEihkukF_OTzA
Web Development- https://www.youtube.com/playlist?list=PLu0W_9lII9agiCUZYRsvtGTXdxkzPyItg
Python Django:https://www.youtube.com/playlist?list=PLu0W_9lII9ah7DDtYtflgwMwpT3xmjXY9
Projects Using HTML, CSS & Javascript- https://www.youtube.com/playlist?list=PLu0W_9lII9aiQiOwthuSvinxoflmhRxM3
Data Structure and Algo:https://www.youtube.com/playlist?list=PLu0W_9lII9ahIappRPN0MCAgtOu3lQjQi 

Follow Me On Social Media
►Website (created using Django Rest & Angular): https://www.codewithharry.com
►Facebook: https://www.facebook.com/CodeWithHarry
►Instagram: https://www.instagram.com/codewithharry/ 
Twitter: https://twitter.com/CodeWithHarry
Comment ""#HarryBhai"" if you read this 😉😉",https://i.ytimg.com/vi/uJbYqm7W_mA/maxresdefault.jpg,CodeWithHarry,275418,10406,686,1082,18:02,"18 Minutes, 2 Seconds",2023-11-25T11:30:33,https://www.youtube.com/watch?v=uJbYqm7W_mA
JavaScript Exercise 9 - Solution & Shoutouts | Sigma Web Development Course - Tutorial #61,"Latest Udemy Web dev Course With Certificate: https://goharry.in/webdev
Access the Sigma web development course playlist: https://www.youtube.com/playlist?list=PLu0W_9lII9agq5TrH9XLIKQvv0iaF2X3w

Try WPS Office, a free and all-in-one Office suite, highly compatible with MS Office Word, Excel, and PPT:  https://bit.ly/3TbvoxI

➡️ Source Code: https://github.com/CodeWithHarry/Sigma-Web-Dev-Course
➡️ Notes and CheatSheets: https://www.codewithharry.com/notes/
➡️ English Subtitles are now up for all the videos!

►Checkout my English channel here: https://www.youtube.com/channel/UC7btqG2Ww0_2LwuQxpvo2HQ
►Instagram: www.instagram.com/codewithharry

Download UltraEdit Trial for Free: https://bit.ly/UltraEdit-CWH

python, C, C++, Java, JavaScript and Other Cheatsheets [++]:
Playlist: https://www.youtube.com/playlist?list=PLu0W_9lII9agrsRZjFECeFuWY5ev2pQlk

►Learn in One Video[++]:
Python Course with 5 Projects: https://www.youtube.com/watch?v=fqF9M92jzUo
Python[15 Hr]: https://www.youtube.com/watch?v=gfDE2a7MKjA&list=PLu0W_9lII9ahKZ42vg2w9ERPmShYbYAB7
Python Advance[3.5 Hr]: https://www.youtube.com/watch?v=61a7UkDO50s&list=PLu0W_9lII9ahKZ42vg2w9ERPmShYbYAB7
Python[1 Hr]: https://www.youtube.com/watch?v=qHJjMvHLJdg&list=PLu0W_9lII9ahKZ42vg2w9ERPmShYbYAB7
Python[2 Hr]: https://www.youtube.com/watch?v=ihk_Xglr164&list=PLu0W_9lII9ahKZ42vg2w9ERPmShYbYAB7
Python[15 Min]:https://www.youtube.com/watch?v=fr1f84rg4Nw&list=PLu0W_9lII9ahKZ42vg2w9ERPmShYbYAB7
JavaScript[1 Hr]: https://www.youtube.com/watch?v=onbBV0uFVpo&list=PLu0W_9lII9ahKZ42vg2w9ERPmShYbYAB7
C[1.3 Hr]-https://www.youtube.com/watch?v=YXcgD8hRHYY&list=PLu0W_9lII9ahKZ42vg2w9ERPmShYbYAB7
php[1 Hr]: https://www.youtube.com/watch?v=xW7ro3lwaCI&list=PLu0W_9lII9ahKZ42vg2w9ERPmShYbYAB7
php[2.3 Hr]:https://www.youtube.com/watch?v=1SnPKhCdlsU&list=PLu0W_9lII9ahKZ42vg2w9ERPmShYbYAB7
php[Project]- https://www.youtube.com/watch?v=-al2bECumKg&list=PLu0W_9lII9ahKZ42vg2w9ERPmShYbYAB7
HTML[30 Min]:https://www.youtube.com/watch?v=E3ByCRqE7Lo&list=PLu0W_9lII9ahKZ42vg2w9ERPmShYbYAB7
CSS[8.5 Hr]:https://www.youtube.com/watch?v=Edsxf_NBFrw&list=PLu0W_9lII9ahKZ42vg2w9ERPmShYbYAB7
CSS[1.4 Hr]:https://www.youtube.com/watch?v=u5-K_ua9sOw&list=PLu0W_9lII9ahKZ42vg2w9ERPmShYbYAB7
Wordpress[3.2 Hr]:https://www.youtube.com/watch?v=GlLRYml8mCY&list=PLu0W_9lII9ahKZ42vg2w9ERPmShYbYAB7
Angular[2 Hr]:https://www.youtube.com/watch?v=0LhBvp8qpro&list=PLu0W_9lII9ahKZ42vg2w9ERPmShYbYAB7
Java[2.3 Hr]:https://www.youtube.com/watch?v=rV_3Lewxx6o&list=PLu0W_9lII9ahKZ42vg2w9ERPmShYbYAB7
Web Scraping[1 Hr]:https://www.youtube.com/watch?v=uufDGjTuq34&list=PLu0W_9lII9ahKZ42vg2w9ERPmShYbYAB7
MongoDB[2 Hr]:https://www.youtube.com/watch?v=oSIv-E60NiU&list=PLu0W_9lII9ahKZ42vg2w9ERPmShYbYAB7
Numpy[1 Hr]:https://www.youtube.com/watch?v=Rbh1rieb3zc&list=PLu0W_9lII9ahKZ42vg2w9ERPmShYbYAB7
Android Dev[12 Hr]- https://www.youtube.com/watch?v=mXjZQX3UzOs
Linux[1 Hr]:https://www.youtube.com/watch?v=_tCY-c-sPZc&list=PLu0W_9lII9ahKZ42vg2w9ERPmShYbYAB7
JQuery[1.1 Hr]:https://www.youtube.com/watch?v=YFlx1C8XwR0&list=PLu0W_9lII9ahKZ42vg2w9ERPmShYbYAB7
Git and GitHub[1.1 Hr]:https://www.youtube.com/watch?v=gwWKnnCMQ5c&list=PLu0W_9lII9ahKZ42vg2w9ERPmShYbYAB7

►Complete course [playlist]:
React: https://www.youtube.com/playlist?list=PLu0W_9lII9agx66oZnT6IyhcMIbUMNMdt
Python-https://www.youtube.com/playlist?list=PLu0W_9lII9agICnT8t4iYVSZ3eykIAOME
OOP Python-https://www.youtube.com/playlist?list=PLu0W_9lII9ahfRrhFcoB-4lpp9YaBmdCP
Java:https://www.youtube.com/playlist?list=PLu0W_9lII9agS67Uits0UnJyrYiXhDS6q
JavaScript- https://www.youtube.com/playlist?list=PLu0W_9lII9ajyk081To1Cbt2eI5913SsL
PHP-https://www.youtube.com/playlist?list=PLu0W_9lII9aikXkRE0WxDt1vozo3hnmtR
C-https://www.youtube.com/playlist?list=PLu0W_9lII9aiXlHcLx-mDH1Qul38wD3aR
C++-https://www.youtube.com/playlist?list=PLu0W_9lII9agpFUAlPFe_VNSlXW5uE0YL
Git & GitHub-https://www.youtube.com/playlist?list=PLu0W_9lII9ahVQekD7ePHmnirTePXwIln
Android Dev- https://www.youtube.com/playlist?list=PLu0W_9lII9aiL0kysYlfSOUgY5rNlOhUd
Python GUI- https://www.youtube.com/playlist?list=PLu0W_9lII9ajLcqRcj4PoEihkukF_OTzA
Web Development- https://www.youtube.com/playlist?list=PLu0W_9lII9agiCUZYRsvtGTXdxkzPyItg
Python Django:https://www.youtube.com/playlist?list=PLu0W_9lII9ah7DDtYtflgwMwpT3xmjXY9
Projects Using HTML, CSS & Javascript- https://www.youtube.com/playlist?list=PLu0W_9lII9aiQiOwthuSvinxoflmhRxM3
Data Structure and Algo:https://www.youtube.com/playlist?list=PLu0W_9lII9ahIappRPN0MCAgtOu3lQjQi 

Follow Me On Social Media
►Website (created using Django Rest & Angular): https://www.codewithharry.com
►Facebook: https://www.facebook.com/CodeWithHarry
►Instagram: https://www.instagram.com/codewithharry/ 
Twitter: https://twitter.com/CodeWithHarry
Comment ""#HarryBhai"" if you read this 😉😉",https://i.ytimg.com/vi/nQAUGxt2qoU/maxresdefault.jpg,CodeWithHarry,231024,7514,680,654,10:54,"10 Minutes, 54 Seconds",2023-11-26T12:30:32,https://www.youtube.com/watch?v=nQAUGxt2qoU
JavaScript Exercise 10 - Business Name Generator | Sigma Web Development Course - Tutorial #62,"Latest Udemy Web dev Course With Certificate: https://goharry.in/webdev
Access the Sigma web development course playlist: https://www.youtube.com/playlist?list=PLu0W_9lII9agq5TrH9XLIKQvv0iaF2X3w
➡️ Source Code: https://github.com/CodeWithHarry/Sigma-Web-Dev-Course
➡️ Notes and CheatSheets: https://www.codewithharry.com/notes/
➡️ English Subtitles are now up for all the videos!

►Checkout my English channel here: https://www.youtube.com/channel/UC7btqG2Ww0_2LwuQxpvo2HQ
►Instagram: www.instagram.com/codewithharry

Download UltraEdit Trial for Free: https://bit.ly/UltraEdit-CWH

python, C, C++, Java, JavaScript and Other Cheatsheets [++]:
Playlist: https://www.youtube.com/playlist?list=PLu0W_9lII9agrsRZjFECeFuWY5ev2pQlk

►Learn in One Video[++]:
Python Course with 5 Projects: https://www.youtube.com/watch?v=fqF9M92jzUo
Python[15 Hr]: https://www.youtube.com/watch?v=gfDE2a7MKjA&list=PLu0W_9lII9ahKZ42vg2w9ERPmShYbYAB7
Python Advance[3.5 Hr]: https://www.youtube.com/watch?v=61a7UkDO50s&list=PLu0W_9lII9ahKZ42vg2w9ERPmShYbYAB7
Python[1 Hr]: https://www.youtube.com/watch?v=qHJjMvHLJdg&list=PLu0W_9lII9ahKZ42vg2w9ERPmShYbYAB7
Python[2 Hr]: https://www.youtube.com/watch?v=ihk_Xglr164&list=PLu0W_9lII9ahKZ42vg2w9ERPmShYbYAB7
Python[15 Min]:https://www.youtube.com/watch?v=fr1f84rg4Nw&list=PLu0W_9lII9ahKZ42vg2w9ERPmShYbYAB7
JavaScript[1 Hr]: https://www.youtube.com/watch?v=onbBV0uFVpo&list=PLu0W_9lII9ahKZ42vg2w9ERPmShYbYAB7
C[1.3 Hr]-https://www.youtube.com/watch?v=YXcgD8hRHYY&list=PLu0W_9lII9ahKZ42vg2w9ERPmShYbYAB7
php[1 Hr]: https://www.youtube.com/watch?v=xW7ro3lwaCI&list=PLu0W_9lII9ahKZ42vg2w9ERPmShYbYAB7
php[2.3 Hr]:https://www.youtube.com/watch?v=1SnPKhCdlsU&list=PLu0W_9lII9ahKZ42vg2w9ERPmShYbYAB7
php[Project]- https://www.youtube.com/watch?v=-al2bECumKg&list=PLu0W_9lII9ahKZ42vg2w9ERPmShYbYAB7
HTML[30 Min]:https://www.youtube.com/watch?v=E3ByCRqE7Lo&list=PLu0W_9lII9ahKZ42vg2w9ERPmShYbYAB7
CSS[8.5 Hr]:https://www.youtube.com/watch?v=Edsxf_NBFrw&list=PLu0W_9lII9ahKZ42vg2w9ERPmShYbYAB7
CSS[1.4 Hr]:https://www.youtube.com/watch?v=u5-K_ua9sOw&list=PLu0W_9lII9ahKZ42vg2w9ERPmShYbYAB7
Wordpress[3.2 Hr]:https://www.youtube.com/watch?v=GlLRYml8mCY&list=PLu0W_9lII9ahKZ42vg2w9ERPmShYbYAB7
Angular[2 Hr]:https://www.youtube.com/watch?v=0LhBvp8qpro&list=PLu0W_9lII9ahKZ42vg2w9ERPmShYbYAB7
Java[2.3 Hr]:https://www.youtube.com/watch?v=rV_3Lewxx6o&list=PLu0W_9lII9ahKZ42vg2w9ERPmShYbYAB7
Web Scraping[1 Hr]:https://www.youtube.com/watch?v=uufDGjTuq34&list=PLu0W_9lII9ahKZ42vg2w9ERPmShYbYAB7
MongoDB[2 Hr]:https://www.youtube.com/watch?v=oSIv-E60NiU&list=PLu0W_9lII9ahKZ42vg2w9ERPmShYbYAB7
Numpy[1 Hr]:https://www.youtube.com/watch?v=Rbh1rieb3zc&list=PLu0W_9lII9ahKZ42vg2w9ERPmShYbYAB7
Android Dev[12 Hr]- https://www.youtube.com/watch?v=mXjZQX3UzOs
Linux[1 Hr]:https://www.youtube.com/watch?v=_tCY-c-sPZc&list=PLu0W_9lII9ahKZ42vg2w9ERPmShYbYAB7
JQuery[1.1 Hr]:https://www.youtube.com/watch?v=YFlx1C8XwR0&list=PLu0W_9lII9ahKZ42vg2w9ERPmShYbYAB7
Git and GitHub[1.1 Hr]:https://www.youtube.com/watch?v=gwWKnnCMQ5c&list=PLu0W_9lII9ahKZ42vg2w9ERPmShYbYAB7

►Complete course [playlist]:
React: https://www.youtube.com/playlist?list=PLu0W_9lII9agx66oZnT6IyhcMIbUMNMdt
Python-https://www.youtube.com/playlist?list=PLu0W_9lII9agICnT8t4iYVSZ3eykIAOME
OOP Python-https://www.youtube.com/playlist?list=PLu0W_9lII9ahfRrhFcoB-4lpp9YaBmdCP
Java:https://www.youtube.com/playlist?list=PLu0W_9lII9agS67Uits0UnJyrYiXhDS6q
JavaScript- https://www.youtube.com/playlist?list=PLu0W_9lII9ajyk081To1Cbt2eI5913SsL
PHP-https://www.youtube.com/playlist?list=PLu0W_9lII9aikXkRE0WxDt1vozo3hnmtR
C-https://www.youtube.com/playlist?list=PLu0W_9lII9aiXlHcLx-mDH1Qul38wD3aR
C++-https://www.youtube.com/playlist?list=PLu0W_9lII9agpFUAlPFe_VNSlXW5uE0YL
Git & GitHub-https://www.youtube.com/playlist?list=PLu0W_9lII9ahVQekD7ePHmnirTePXwIln
Android Dev- https://www.youtube.com/playlist?list=PLu0W_9lII9aiL0kysYlfSOUgY5rNlOhUd
Python GUI- https://www.youtube.com/playlist?list=PLu0W_9lII9ajLcqRcj4PoEihkukF_OTzA
Web Development- https://www.youtube.com/playlist?list=PLu0W_9lII9agiCUZYRsvtGTXdxkzPyItg
Python Django:https://www.youtube.com/playlist?list=PLu0W_9lII9ah7DDtYtflgwMwpT3xmjXY9
Projects Using HTML, CSS & Javascript- https://www.youtube.com/playlist?list=PLu0W_9lII9aiQiOwthuSvinxoflmhRxM3
Data Structure and Algo:https://www.youtube.com/playlist?list=PLu0W_9lII9ahIappRPN0MCAgtOu3lQjQi 

Follow Me On Social Media
►Website (created using Django Rest & Angular): https://www.codewithharry.com
►Facebook: https://www.facebook.com/CodeWithHarry
►Instagram: https://www.instagram.com/codewithharry/ 
Twitter: https://twitter.com/CodeWithHarry
Comment ""#HarryBhai"" if you read this 😉😉",https://i.ytimg.com/vi/FkEbEfHQAZw/maxresdefault.jpg,CodeWithHarry,193864,7121,1814,238,3:58,"3 Minutes, 58 Seconds",2023-11-27T12:53:52,https://www.youtube.com/watch?v=FkEbEfHQAZw
JavaScript Arrays | Sigma Web Development Course - Tutorial #63,"Latest Udemy Web dev Course With Certificate: https://goharry.in/webdev
Access the Sigma web development course playlist: https://www.youtube.com/playlist?list=PLu0W_9lII9agq5TrH9XLIKQvv0iaF2X3w
➡️ Source Code: https://github.com/CodeWithHarry/Sigma-Web-Dev-Course
➡️ Notes and CheatSheets: https://www.codewithharry.com/notes/
➡️ English Subtitles are now up for all the videos!

►Checkout my English channel here: https://www.youtube.com/channel/UC7btqG2Ww0_2LwuQxpvo2HQ
►Instagram: www.instagram.com/codewithharry

Download UltraEdit Trial for Free: https://bit.ly/UltraEdit-CWH

python, C, C++, Java, JavaScript and Other Cheatsheets [++]:
Playlist: https://www.youtube.com/playlist?list=PLu0W_9lII9agrsRZjFECeFuWY5ev2pQlk

►Learn in One Video[++]:
Python Course with 5 Projects: https://www.youtube.com/watch?v=fqF9M92jzUo
Python[15 Hr]: https://www.youtube.com/watch?v=gfDE2a7MKjA&list=PLu0W_9lII9ahKZ42vg2w9ERPmShYbYAB7
Python Advance[3.5 Hr]: https://www.youtube.com/watch?v=61a7UkDO50s&list=PLu0W_9lII9ahKZ42vg2w9ERPmShYbYAB7
Python[1 Hr]: https://www.youtube.com/watch?v=qHJjMvHLJdg&list=PLu0W_9lII9ahKZ42vg2w9ERPmShYbYAB7
Python[2 Hr]: https://www.youtube.com/watch?v=ihk_Xglr164&list=PLu0W_9lII9ahKZ42vg2w9ERPmShYbYAB7
Python[15 Min]:https://www.youtube.com/watch?v=fr1f84rg4Nw&list=PLu0W_9lII9ahKZ42vg2w9ERPmShYbYAB7
JavaScript[1 Hr]: https://www.youtube.com/watch?v=onbBV0uFVpo&list=PLu0W_9lII9ahKZ42vg2w9ERPmShYbYAB7
C[1.3 Hr]-https://www.youtube.com/watch?v=YXcgD8hRHYY&list=PLu0W_9lII9ahKZ42vg2w9ERPmShYbYAB7
php[1 Hr]: https://www.youtube.com/watch?v=xW7ro3lwaCI&list=PLu0W_9lII9ahKZ42vg2w9ERPmShYbYAB7
php[2.3 Hr]:https://www.youtube.com/watch?v=1SnPKhCdlsU&list=PLu0W_9lII9ahKZ42vg2w9ERPmShYbYAB7
php[Project]- https://www.youtube.com/watch?v=-al2bECumKg&list=PLu0W_9lII9ahKZ42vg2w9ERPmShYbYAB7
HTML[30 Min]:https://www.youtube.com/watch?v=E3ByCRqE7Lo&list=PLu0W_9lII9ahKZ42vg2w9ERPmShYbYAB7
CSS[8.5 Hr]:https://www.youtube.com/watch?v=Edsxf_NBFrw&list=PLu0W_9lII9ahKZ42vg2w9ERPmShYbYAB7
CSS[1.4 Hr]:https://www.youtube.com/watch?v=u5-K_ua9sOw&list=PLu0W_9lII9ahKZ42vg2w9ERPmShYbYAB7
Wordpress[3.2 Hr]:https://www.youtube.com/watch?v=GlLRYml8mCY&list=PLu0W_9lII9ahKZ42vg2w9ERPmShYbYAB7
Angular[2 Hr]:https://www.youtube.com/watch?v=0LhBvp8qpro&list=PLu0W_9lII9ahKZ42vg2w9ERPmShYbYAB7
Java[2.3 Hr]:https://www.youtube.com/watch?v=rV_3Lewxx6o&list=PLu0W_9lII9ahKZ42vg2w9ERPmShYbYAB7
Web Scraping[1 Hr]:https://www.youtube.com/watch?v=uufDGjTuq34&list=PLu0W_9lII9ahKZ42vg2w9ERPmShYbYAB7
MongoDB[2 Hr]:https://www.youtube.com/watch?v=oSIv-E60NiU&list=PLu0W_9lII9ahKZ42vg2w9ERPmShYbYAB7
Numpy[1 Hr]:https://www.youtube.com/watch?v=Rbh1rieb3zc&list=PLu0W_9lII9ahKZ42vg2w9ERPmShYbYAB7
Android Dev[12 Hr]- https://www.youtube.com/watch?v=mXjZQX3UzOs
Linux[1 Hr]:https://www.youtube.com/watch?v=_tCY-c-sPZc&list=PLu0W_9lII9ahKZ42vg2w9ERPmShYbYAB7
JQuery[1.1 Hr]:https://www.youtube.com/watch?v=YFlx1C8XwR0&list=PLu0W_9lII9ahKZ42vg2w9ERPmShYbYAB7
Git and GitHub[1.1 Hr]:https://www.youtube.com/watch?v=gwWKnnCMQ5c&list=PLu0W_9lII9ahKZ42vg2w9ERPmShYbYAB7

►Complete course [playlist]:
React: https://www.youtube.com/playlist?list=PLu0W_9lII9agx66oZnT6IyhcMIbUMNMdt
Python-https://www.youtube.com/playlist?list=PLu0W_9lII9agICnT8t4iYVSZ3eykIAOME
OOP Python-https://www.youtube.com/playlist?list=PLu0W_9lII9ahfRrhFcoB-4lpp9YaBmdCP
Java:https://www.youtube.com/playlist?list=PLu0W_9lII9agS67Uits0UnJyrYiXhDS6q
JavaScript- https://www.youtube.com/playlist?list=PLu0W_9lII9ajyk081To1Cbt2eI5913SsL
PHP-https://www.youtube.com/playlist?list=PLu0W_9lII9aikXkRE0WxDt1vozo3hnmtR
C-https://www.youtube.com/playlist?list=PLu0W_9lII9aiXlHcLx-mDH1Qul38wD3aR
C++-https://www.youtube.com/playlist?list=PLu0W_9lII9agpFUAlPFe_VNSlXW5uE0YL
Git & GitHub-https://www.youtube.com/playlist?list=PLu0W_9lII9ahVQekD7ePHmnirTePXwIln
Android Dev- https://www.youtube.com/playlist?list=PLu0W_9lII9aiL0kysYlfSOUgY5rNlOhUd
Python GUI- https://www.youtube.com/playlist?list=PLu0W_9lII9ajLcqRcj4PoEihkukF_OTzA
Web Development- https://www.youtube.com/playlist?list=PLu0W_9lII9agiCUZYRsvtGTXdxkzPyItg
Python Django:https://www.youtube.com/playlist?list=PLu0W_9lII9ah7DDtYtflgwMwpT3xmjXY9
Projects Using HTML, CSS & Javascript- https://www.youtube.com/playlist?list=PLu0W_9lII9aiQiOwthuSvinxoflmhRxM3
Data Structure and Algo:https://www.youtube.com/playlist?list=PLu0W_9lII9ahIappRPN0MCAgtOu3lQjQi 

Follow Me On Social Media
►Website (created using Django Rest & Angular): https://www.codewithharry.com
►Facebook: https://www.facebook.com/CodeWithHarry
►Instagram: https://www.instagram.com/codewithharry/ 
Twitter: https://twitter.com/CodeWithHarry
Comment ""#HarryBhai"" if you read this 😉😉",https://i.ytimg.com/vi/IFZZAaiatcQ/maxresdefault.jpg,CodeWithHarry,354733,13282,3496,1852,30:52,"30 Minutes, 52 Seconds",2023-11-28T11:30:16,https://www.youtube.com/watch?v=IFZZAaiatcQ
JavaScript Exercise 10 - Solution | Sigma Web Development Course - Tutorial #64,"Latest Udemy Web dev Course With Certificate: https://goharry.in/webdev
Access the Sigma web development course playlist: https://www.youtube.com/playlist?list=PLu0W_9lII9agq5TrH9XLIKQvv0iaF2X3w
➡️ Source Code: https://github.com/CodeWithHarry/Sigma-Web-Dev-Course
➡️ Notes and CheatSheets: https://www.codewithharry.com/notes/
➡️ English Subtitles are now up for all the videos!

►Checkout my English channel here: https://www.youtube.com/channel/UC7btqG2Ww0_2LwuQxpvo2HQ
►Instagram: www.instagram.com/codewithharry

Download UltraEdit Trial for Free: https://bit.ly/UltraEdit-CWH

python, C, C++, Java, JavaScript and Other Cheatsheets [++]:
Playlist: https://www.youtube.com/playlist?list=PLu0W_9lII9agrsRZjFECeFuWY5ev2pQlk

►Learn in One Video[++]:
Python Course with 5 Projects: https://www.youtube.com/watch?v=fqF9M92jzUo
Python[15 Hr]: https://www.youtube.com/watch?v=gfDE2a7MKjA&list=PLu0W_9lII9ahKZ42vg2w9ERPmShYbYAB7
Python Advance[3.5 Hr]: https://www.youtube.com/watch?v=61a7UkDO50s&list=PLu0W_9lII9ahKZ42vg2w9ERPmShYbYAB7
Python[1 Hr]: https://www.youtube.com/watch?v=qHJjMvHLJdg&list=PLu0W_9lII9ahKZ42vg2w9ERPmShYbYAB7
Python[2 Hr]: https://www.youtube.com/watch?v=ihk_Xglr164&list=PLu0W_9lII9ahKZ42vg2w9ERPmShYbYAB7
Python[15 Min]:https://www.youtube.com/watch?v=fr1f84rg4Nw&list=PLu0W_9lII9ahKZ42vg2w9ERPmShYbYAB7
JavaScript[1 Hr]: https://www.youtube.com/watch?v=onbBV0uFVpo&list=PLu0W_9lII9ahKZ42vg2w9ERPmShYbYAB7
C[1.3 Hr]-https://www.youtube.com/watch?v=YXcgD8hRHYY&list=PLu0W_9lII9ahKZ42vg2w9ERPmShYbYAB7
php[1 Hr]: https://www.youtube.com/watch?v=xW7ro3lwaCI&list=PLu0W_9lII9ahKZ42vg2w9ERPmShYbYAB7
php[2.3 Hr]:https://www.youtube.com/watch?v=1SnPKhCdlsU&list=PLu0W_9lII9ahKZ42vg2w9ERPmShYbYAB7
php[Project]- https://www.youtube.com/watch?v=-al2bECumKg&list=PLu0W_9lII9ahKZ42vg2w9ERPmShYbYAB7
HTML[30 Min]:https://www.youtube.com/watch?v=E3ByCRqE7Lo&list=PLu0W_9lII9ahKZ42vg2w9ERPmShYbYAB7
CSS[8.5 Hr]:https://www.youtube.com/watch?v=Edsxf_NBFrw&list=PLu0W_9lII9ahKZ42vg2w9ERPmShYbYAB7
CSS[1.4 Hr]:https://www.youtube.com/watch?v=u5-K_ua9sOw&list=PLu0W_9lII9ahKZ42vg2w9ERPmShYbYAB7
Wordpress[3.2 Hr]:https://www.youtube.com/watch?v=GlLRYml8mCY&list=PLu0W_9lII9ahKZ42vg2w9ERPmShYbYAB7
Angular[2 Hr]:https://www.youtube.com/watch?v=0LhBvp8qpro&list=PLu0W_9lII9ahKZ42vg2w9ERPmShYbYAB7
Java[2.3 Hr]:https://www.youtube.com/watch?v=rV_3Lewxx6o&list=PLu0W_9lII9ahKZ42vg2w9ERPmShYbYAB7
Web Scraping[1 Hr]:https://www.youtube.com/watch?v=uufDGjTuq34&list=PLu0W_9lII9ahKZ42vg2w9ERPmShYbYAB7
MongoDB[2 Hr]:https://www.youtube.com/watch?v=oSIv-E60NiU&list=PLu0W_9lII9ahKZ42vg2w9ERPmShYbYAB7
Numpy[1 Hr]:https://www.youtube.com/watch?v=Rbh1rieb3zc&list=PLu0W_9lII9ahKZ42vg2w9ERPmShYbYAB7
Android Dev[12 Hr]- https://www.youtube.com/watch?v=mXjZQX3UzOs
Linux[1 Hr]:https://www.youtube.com/watch?v=_tCY-c-sPZc&list=PLu0W_9lII9ahKZ42vg2w9ERPmShYbYAB7
JQuery[1.1 Hr]:https://www.youtube.com/watch?v=YFlx1C8XwR0&list=PLu0W_9lII9ahKZ42vg2w9ERPmShYbYAB7
Git and GitHub[1.1 Hr]:https://www.youtube.com/watch?v=gwWKnnCMQ5c&list=PLu0W_9lII9ahKZ42vg2w9ERPmShYbYAB7

►Complete course [playlist]:
React: https://www.youtube.com/playlist?list=PLu0W_9lII9agx66oZnT6IyhcMIbUMNMdt
Python-https://www.youtube.com/playlist?list=PLu0W_9lII9agICnT8t4iYVSZ3eykIAOME
OOP Python-https://www.youtube.com/playlist?list=PLu0W_9lII9ahfRrhFcoB-4lpp9YaBmdCP
Java:https://www.youtube.com/playlist?list=PLu0W_9lII9agS67Uits0UnJyrYiXhDS6q
JavaScript- https://www.youtube.com/playlist?list=PLu0W_9lII9ajyk081To1Cbt2eI5913SsL
PHP-https://www.youtube.com/playlist?list=PLu0W_9lII9aikXkRE0WxDt1vozo3hnmtR
C-https://www.youtube.com/playlist?list=PLu0W_9lII9aiXlHcLx-mDH1Qul38wD3aR
C++-https://www.youtube.com/playlist?list=PLu0W_9lII9agpFUAlPFe_VNSlXW5uE0YL
Git & GitHub-https://www.youtube.com/playlist?list=PLu0W_9lII9ahVQekD7ePHmnirTePXwIln
Android Dev- https://www.youtube.com/playlist?list=PLu0W_9lII9aiL0kysYlfSOUgY5rNlOhUd
Python GUI- https://www.youtube.com/playlist?list=PLu0W_9lII9ajLcqRcj4PoEihkukF_OTzA
Web Development- https://www.youtube.com/playlist?list=PLu0W_9lII9agiCUZYRsvtGTXdxkzPyItg
Python Django:https://www.youtube.com/playlist?list=PLu0W_9lII9ah7DDtYtflgwMwpT3xmjXY9
Projects Using HTML, CSS & Javascript- https://www.youtube.com/playlist?list=PLu0W_9lII9aiQiOwthuSvinxoflmhRxM3
Data Structure and Algo:https://www.youtube.com/playlist?list=PLu0W_9lII9ahIappRPN0MCAgtOu3lQjQi 

Follow Me On Social Media
►Website (created using Django Rest & Angular): https://www.codewithharry.com
►Facebook: https://www.facebook.com/CodeWithHarry
►Instagram: https://www.instagram.com/codewithharry/ 
Twitter: https://twitter.com/CodeWithHarry
Comment ""#HarryBhai"" if you read this 😉😉",https://i.ytimg.com/vi/wPWZqewZ4LA/maxresdefault.jpg,CodeWithHarry,187016,6921,625,688,11:28,"11 Minutes, 28 Seconds",2023-11-29T11:45:40,https://www.youtube.com/watch?v=wPWZqewZ4LA
JavaScript Exercise 11 - Calculate the Factorial | Sigma Web Development Course - Tutorial #65,"Latest Udemy Web dev Course With Certificate: https://goharry.in/webdev
Access the Sigma web development course playlist: https://www.youtube.com/playlist?list=PLu0W_9lII9agq5TrH9XLIKQvv0iaF2X3w
➡️ Source Code: https://github.com/CodeWithHarry/Sigma-Web-Dev-Course
➡️ Notes and CheatSheets: https://www.codewithharry.com/notes/
➡️ English Subtitles are now up for all the videos!

►Checkout my English channel here: https://www.youtube.com/channel/UC7btqG2Ww0_2LwuQxpvo2HQ
►Instagram: www.instagram.com/codewithharry

Download UltraEdit Trial for Free: https://bit.ly/UltraEdit-CWH

python, C, C++, Java, JavaScript and Other Cheatsheets [++]:
Playlist: https://www.youtube.com/playlist?list=PLu0W_9lII9agrsRZjFECeFuWY5ev2pQlk

►Learn in One Video[++]:
Python Course with 5 Projects: https://www.youtube.com/watch?v=fqF9M92jzUo
Python[15 Hr]: https://www.youtube.com/watch?v=gfDE2a7MKjA&list=PLu0W_9lII9ahKZ42vg2w9ERPmShYbYAB7
Python Advance[3.5 Hr]: https://www.youtube.com/watch?v=61a7UkDO50s&list=PLu0W_9lII9ahKZ42vg2w9ERPmShYbYAB7
Python[1 Hr]: https://www.youtube.com/watch?v=qHJjMvHLJdg&list=PLu0W_9lII9ahKZ42vg2w9ERPmShYbYAB7
Python[2 Hr]: https://www.youtube.com/watch?v=ihk_Xglr164&list=PLu0W_9lII9ahKZ42vg2w9ERPmShYbYAB7
Python[15 Min]:https://www.youtube.com/watch?v=fr1f84rg4Nw&list=PLu0W_9lII9ahKZ42vg2w9ERPmShYbYAB7
JavaScript[1 Hr]: https://www.youtube.com/watch?v=onbBV0uFVpo&list=PLu0W_9lII9ahKZ42vg2w9ERPmShYbYAB7
C[1.3 Hr]-https://www.youtube.com/watch?v=YXcgD8hRHYY&list=PLu0W_9lII9ahKZ42vg2w9ERPmShYbYAB7
php[1 Hr]: https://www.youtube.com/watch?v=xW7ro3lwaCI&list=PLu0W_9lII9ahKZ42vg2w9ERPmShYbYAB7
php[2.3 Hr]:https://www.youtube.com/watch?v=1SnPKhCdlsU&list=PLu0W_9lII9ahKZ42vg2w9ERPmShYbYAB7
php[Project]- https://www.youtube.com/watch?v=-al2bECumKg&list=PLu0W_9lII9ahKZ42vg2w9ERPmShYbYAB7
HTML[30 Min]:https://www.youtube.com/watch?v=E3ByCRqE7Lo&list=PLu0W_9lII9ahKZ42vg2w9ERPmShYbYAB7
CSS[8.5 Hr]:https://www.youtube.com/watch?v=Edsxf_NBFrw&list=PLu0W_9lII9ahKZ42vg2w9ERPmShYbYAB7
CSS[1.4 Hr]:https://www.youtube.com/watch?v=u5-K_ua9sOw&list=PLu0W_9lII9ahKZ42vg2w9ERPmShYbYAB7
Wordpress[3.2 Hr]:https://www.youtube.com/watch?v=GlLRYml8mCY&list=PLu0W_9lII9ahKZ42vg2w9ERPmShYbYAB7
Angular[2 Hr]:https://www.youtube.com/watch?v=0LhBvp8qpro&list=PLu0W_9lII9ahKZ42vg2w9ERPmShYbYAB7
Java[2.3 Hr]:https://www.youtube.com/watch?v=rV_3Lewxx6o&list=PLu0W_9lII9ahKZ42vg2w9ERPmShYbYAB7
Web Scraping[1 Hr]:https://www.youtube.com/watch?v=uufDGjTuq34&list=PLu0W_9lII9ahKZ42vg2w9ERPmShYbYAB7
MongoDB[2 Hr]:https://www.youtube.com/watch?v=oSIv-E60NiU&list=PLu0W_9lII9ahKZ42vg2w9ERPmShYbYAB7
Numpy[1 Hr]:https://www.youtube.com/watch?v=Rbh1rieb3zc&list=PLu0W_9lII9ahKZ42vg2w9ERPmShYbYAB7
Android Dev[12 Hr]- https://www.youtube.com/watch?v=mXjZQX3UzOs
Linux[1 Hr]:https://www.youtube.com/watch?v=_tCY-c-sPZc&list=PLu0W_9lII9ahKZ42vg2w9ERPmShYbYAB7
JQuery[1.1 Hr]:https://www.youtube.com/watch?v=YFlx1C8XwR0&list=PLu0W_9lII9ahKZ42vg2w9ERPmShYbYAB7
Git and GitHub[1.1 Hr]:https://www.youtube.com/watch?v=gwWKnnCMQ5c&list=PLu0W_9lII9ahKZ42vg2w9ERPmShYbYAB7

►Complete course [playlist]:
React: https://www.youtube.com/playlist?list=PLu0W_9lII9agx66oZnT6IyhcMIbUMNMdt
Python-https://www.youtube.com/playlist?list=PLu0W_9lII9agICnT8t4iYVSZ3eykIAOME
OOP Python-https://www.youtube.com/playlist?list=PLu0W_9lII9ahfRrhFcoB-4lpp9YaBmdCP
Java:https://www.youtube.com/playlist?list=PLu0W_9lII9agS67Uits0UnJyrYiXhDS6q
JavaScript- https://www.youtube.com/playlist?list=PLu0W_9lII9ajyk081To1Cbt2eI5913SsL
PHP-https://www.youtube.com/playlist?list=PLu0W_9lII9aikXkRE0WxDt1vozo3hnmtR
C-https://www.youtube.com/playlist?list=PLu0W_9lII9aiXlHcLx-mDH1Qul38wD3aR
C++-https://www.youtube.com/playlist?list=PLu0W_9lII9agpFUAlPFe_VNSlXW5uE0YL
Git & GitHub-https://www.youtube.com/playlist?list=PLu0W_9lII9ahVQekD7ePHmnirTePXwIln
Android Dev- https://www.youtube.com/playlist?list=PLu0W_9lII9aiL0kysYlfSOUgY5rNlOhUd
Python GUI- https://www.youtube.com/playlist?list=PLu0W_9lII9ajLcqRcj4PoEihkukF_OTzA
Web Development- https://www.youtube.com/playlist?list=PLu0W_9lII9agiCUZYRsvtGTXdxkzPyItg
Python Django:https://www.youtube.com/playlist?list=PLu0W_9lII9ah7DDtYtflgwMwpT3xmjXY9
Projects Using HTML, CSS & Javascript- https://www.youtube.com/playlist?list=PLu0W_9lII9aiQiOwthuSvinxoflmhRxM3
Data Structure and Algo:https://www.youtube.com/playlist?list=PLu0W_9lII9ahIappRPN0MCAgtOu3lQjQi 

Follow Me On Social Media
►Website (created using Django Rest & Angular): https://www.codewithharry.com
►Facebook: https://www.facebook.com/CodeWithHarry
►Instagram: https://www.instagram.com/codewithharry/ 
Twitter: https://twitter.com/CodeWithHarry
Comment ""#HarryBhai"" if you read this 😉😉",https://i.ytimg.com/vi/ccfq9yW-dYU/maxresdefault.jpg,CodeWithHarry,155308,6032,1959,203,3:23,"3 Minutes, 23 Seconds",2023-12-01T08:20:52,https://www.youtube.com/watch?v=ccfq9yW-dYU
Document Object Model in JavaScript | Sigma Web Development Course - Tutorial #66,"Latest Udemy Web dev Course With Certificate: https://goharry.in/webdev
Access the Sigma web development course playlist: https://www.youtube.com/playlist?list=PLu0W_9lII9agq5TrH9XLIKQvv0iaF2X3w
➡️ Source Code: https://github.com/CodeWithHarry/Sigma-Web-Dev-Course
➡️ Notes and CheatSheets: https://www.codewithharry.com/notes/
➡️ English Subtitles are now up for all the videos!

►Checkout my English channel here: https://www.youtube.com/channel/UC7btqG2Ww0_2LwuQxpvo2HQ
►Instagram: www.instagram.com/codewithharry

Download UltraEdit Trial for Free: https://bit.ly/UltraEdit-CWH

python, C, C++, Java, JavaScript and Other Cheatsheets [++]:
Playlist: https://www.youtube.com/playlist?list=PLu0W_9lII9agrsRZjFECeFuWY5ev2pQlk

►Learn in One Video[++]:
Python Course with 5 Projects: https://www.youtube.com/watch?v=fqF9M92jzUo
Python[15 Hr]: https://www.youtube.com/watch?v=gfDE2a7MKjA&list=PLu0W_9lII9ahKZ42vg2w9ERPmShYbYAB7
Python Advance[3.5 Hr]: https://www.youtube.com/watch?v=61a7UkDO50s&list=PLu0W_9lII9ahKZ42vg2w9ERPmShYbYAB7
Python[1 Hr]: https://www.youtube.com/watch?v=qHJjMvHLJdg&list=PLu0W_9lII9ahKZ42vg2w9ERPmShYbYAB7
Python[2 Hr]: https://www.youtube.com/watch?v=ihk_Xglr164&list=PLu0W_9lII9ahKZ42vg2w9ERPmShYbYAB7
Python[15 Min]:https://www.youtube.com/watch?v=fr1f84rg4Nw&list=PLu0W_9lII9ahKZ42vg2w9ERPmShYbYAB7
JavaScript[1 Hr]: https://www.youtube.com/watch?v=onbBV0uFVpo&list=PLu0W_9lII9ahKZ42vg2w9ERPmShYbYAB7
C[1.3 Hr]-https://www.youtube.com/watch?v=YXcgD8hRHYY&list=PLu0W_9lII9ahKZ42vg2w9ERPmShYbYAB7
php[1 Hr]: https://www.youtube.com/watch?v=xW7ro3lwaCI&list=PLu0W_9lII9ahKZ42vg2w9ERPmShYbYAB7
php[2.3 Hr]:https://www.youtube.com/watch?v=1SnPKhCdlsU&list=PLu0W_9lII9ahKZ42vg2w9ERPmShYbYAB7
php[Project]- https://www.youtube.com/watch?v=-al2bECumKg&list=PLu0W_9lII9ahKZ42vg2w9ERPmShYbYAB7
HTML[30 Min]:https://www.youtube.com/watch?v=E3ByCRqE7Lo&list=PLu0W_9lII9ahKZ42vg2w9ERPmShYbYAB7
CSS[8.5 Hr]:https://www.youtube.com/watch?v=Edsxf_NBFrw&list=PLu0W_9lII9ahKZ42vg2w9ERPmShYbYAB7
CSS[1.4 Hr]:https://www.youtube.com/watch?v=u5-K_ua9sOw&list=PLu0W_9lII9ahKZ42vg2w9ERPmShYbYAB7
Wordpress[3.2 Hr]:https://www.youtube.com/watch?v=GlLRYml8mCY&list=PLu0W_9lII9ahKZ42vg2w9ERPmShYbYAB7
Angular[2 Hr]:https://www.youtube.com/watch?v=0LhBvp8qpro&list=PLu0W_9lII9ahKZ42vg2w9ERPmShYbYAB7
Java[2.3 Hr]:https://www.youtube.com/watch?v=rV_3Lewxx6o&list=PLu0W_9lII9ahKZ42vg2w9ERPmShYbYAB7
Web Scraping[1 Hr]:https://www.youtube.com/watch?v=uufDGjTuq34&list=PLu0W_9lII9ahKZ42vg2w9ERPmShYbYAB7
MongoDB[2 Hr]:https://www.youtube.com/watch?v=oSIv-E60NiU&list=PLu0W_9lII9ahKZ42vg2w9ERPmShYbYAB7
Numpy[1 Hr]:https://www.youtube.com/watch?v=Rbh1rieb3zc&list=PLu0W_9lII9ahKZ42vg2w9ERPmShYbYAB7
Android Dev[12 Hr]- https://www.youtube.com/watch?v=mXjZQX3UzOs
Linux[1 Hr]:https://www.youtube.com/watch?v=_tCY-c-sPZc&list=PLu0W_9lII9ahKZ42vg2w9ERPmShYbYAB7
JQuery[1.1 Hr]:https://www.youtube.com/watch?v=YFlx1C8XwR0&list=PLu0W_9lII9ahKZ42vg2w9ERPmShYbYAB7
Git and GitHub[1.1 Hr]:https://www.youtube.com/watch?v=gwWKnnCMQ5c&list=PLu0W_9lII9ahKZ42vg2w9ERPmShYbYAB7

►Complete course [playlist]:
React: https://www.youtube.com/playlist?list=PLu0W_9lII9agx66oZnT6IyhcMIbUMNMdt
Python-https://www.youtube.com/playlist?list=PLu0W_9lII9agICnT8t4iYVSZ3eykIAOME
OOP Python-https://www.youtube.com/playlist?list=PLu0W_9lII9ahfRrhFcoB-4lpp9YaBmdCP
Java:https://www.youtube.com/playlist?list=PLu0W_9lII9agS67Uits0UnJyrYiXhDS6q
JavaScript- https://www.youtube.com/playlist?list=PLu0W_9lII9ajyk081To1Cbt2eI5913SsL
PHP-https://www.youtube.com/playlist?list=PLu0W_9lII9aikXkRE0WxDt1vozo3hnmtR
C-https://www.youtube.com/playlist?list=PLu0W_9lII9aiXlHcLx-mDH1Qul38wD3aR
C++-https://www.youtube.com/playlist?list=PLu0W_9lII9agpFUAlPFe_VNSlXW5uE0YL
Git & GitHub-https://www.youtube.com/playlist?list=PLu0W_9lII9ahVQekD7ePHmnirTePXwIln
Android Dev- https://www.youtube.com/playlist?list=PLu0W_9lII9aiL0kysYlfSOUgY5rNlOhUd
Python GUI- https://www.youtube.com/playlist?list=PLu0W_9lII9ajLcqRcj4PoEihkukF_OTzA
Web Development- https://www.youtube.com/playlist?list=PLu0W_9lII9agiCUZYRsvtGTXdxkzPyItg
Python Django:https://www.youtube.com/playlist?list=PLu0W_9lII9ah7DDtYtflgwMwpT3xmjXY9
Projects Using HTML, CSS & Javascript- https://www.youtube.com/playlist?list=PLu0W_9lII9aiQiOwthuSvinxoflmhRxM3
Data Structure and Algo:https://www.youtube.com/playlist?list=PLu0W_9lII9ahIappRPN0MCAgtOu3lQjQi 

Follow Me On Social Media
►Website (created using Django Rest & Angular): https://www.codewithharry.com
►Facebook: https://www.facebook.com/CodeWithHarry
►Instagram: https://www.instagram.com/codewithharry/ 
Twitter: https://twitter.com/CodeWithHarry
Comment ""#HarryBhai"" if you read this 😉😉",https://i.ytimg.com/vi/oxO1Z5L5S4c/maxresdefault.jpg,CodeWithHarry,269394,10128,625,531,8:51,"8 Minutes, 51 Seconds",2023-12-03T16:05:32,https://www.youtube.com/watch?v=oxO1Z5L5S4c
"JavaScript DOM - Children, Parent & Sibling Nodes | Sigma Web Development Course - Tutorial #67","Latest Udemy Web dev Course With Certificate: https://goharry.in/webdev
Access the Sigma web development course playlist: https://www.youtube.com/playlist?list=PLu0W_9lII9agq5TrH9XLIKQvv0iaF2X3w
➡️ Source Code: https://github.com/CodeWithHarry/Sigma-Web-Dev-Course
➡️ Notes and CheatSheets: https://www.codewithharry.com/notes/
➡️ English Subtitles are now up for all the videos!

Can someone please timestamp this video?

►Checkout my English channel here: https://www.youtube.com/channel/UC7btqG2Ww0_2LwuQxpvo2HQ
►Instagram: www.instagram.com/codewithharry

Download UltraEdit Trial for Free: https://bit.ly/UltraEdit-CWH

python, C, C++, Java, JavaScript and Other Cheatsheets [++]:
Playlist: https://www.youtube.com/playlist?list=PLu0W_9lII9agrsRZjFECeFuWY5ev2pQlk

►Learn in One Video[++]:
Python Course with 5 Projects: https://www.youtube.com/watch?v=fqF9M92jzUo
Python[15 Hr]: https://www.youtube.com/watch?v=gfDE2a7MKjA&list=PLu0W_9lII9ahKZ42vg2w9ERPmShYbYAB7
Python Advance[3.5 Hr]: https://www.youtube.com/watch?v=61a7UkDO50s&list=PLu0W_9lII9ahKZ42vg2w9ERPmShYbYAB7
Python[1 Hr]: https://www.youtube.com/watch?v=qHJjMvHLJdg&list=PLu0W_9lII9ahKZ42vg2w9ERPmShYbYAB7
Python[2 Hr]: https://www.youtube.com/watch?v=ihk_Xglr164&list=PLu0W_9lII9ahKZ42vg2w9ERPmShYbYAB7
Python[15 Min]:https://www.youtube.com/watch?v=fr1f84rg4Nw&list=PLu0W_9lII9ahKZ42vg2w9ERPmShYbYAB7
JavaScript[1 Hr]: https://www.youtube.com/watch?v=onbBV0uFVpo&list=PLu0W_9lII9ahKZ42vg2w9ERPmShYbYAB7
C[1.3 Hr]-https://www.youtube.com/watch?v=YXcgD8hRHYY&list=PLu0W_9lII9ahKZ42vg2w9ERPmShYbYAB7
php[1 Hr]: https://www.youtube.com/watch?v=xW7ro3lwaCI&list=PLu0W_9lII9ahKZ42vg2w9ERPmShYbYAB7
php[2.3 Hr]:https://www.youtube.com/watch?v=1SnPKhCdlsU&list=PLu0W_9lII9ahKZ42vg2w9ERPmShYbYAB7
php[Project]- https://www.youtube.com/watch?v=-al2bECumKg&list=PLu0W_9lII9ahKZ42vg2w9ERPmShYbYAB7
HTML[30 Min]:https://www.youtube.com/watch?v=E3ByCRqE7Lo&list=PLu0W_9lII9ahKZ42vg2w9ERPmShYbYAB7
CSS[8.5 Hr]:https://www.youtube.com/watch?v=Edsxf_NBFrw&list=PLu0W_9lII9ahKZ42vg2w9ERPmShYbYAB7
CSS[1.4 Hr]:https://www.youtube.com/watch?v=u5-K_ua9sOw&list=PLu0W_9lII9ahKZ42vg2w9ERPmShYbYAB7
Wordpress[3.2 Hr]:https://www.youtube.com/watch?v=GlLRYml8mCY&list=PLu0W_9lII9ahKZ42vg2w9ERPmShYbYAB7
Angular[2 Hr]:https://www.youtube.com/watch?v=0LhBvp8qpro&list=PLu0W_9lII9ahKZ42vg2w9ERPmShYbYAB7
Java[2.3 Hr]:https://www.youtube.com/watch?v=rV_3Lewxx6o&list=PLu0W_9lII9ahKZ42vg2w9ERPmShYbYAB7
Web Scraping[1 Hr]:https://www.youtube.com/watch?v=uufDGjTuq34&list=PLu0W_9lII9ahKZ42vg2w9ERPmShYbYAB7
MongoDB[2 Hr]:https://www.youtube.com/watch?v=oSIv-E60NiU&list=PLu0W_9lII9ahKZ42vg2w9ERPmShYbYAB7
Numpy[1 Hr]:https://www.youtube.com/watch?v=Rbh1rieb3zc&list=PLu0W_9lII9ahKZ42vg2w9ERPmShYbYAB7
Android Dev[12 Hr]- https://www.youtube.com/watch?v=mXjZQX3UzOs
Linux[1 Hr]:https://www.youtube.com/watch?v=_tCY-c-sPZc&list=PLu0W_9lII9ahKZ42vg2w9ERPmShYbYAB7
JQuery[1.1 Hr]:https://www.youtube.com/watch?v=YFlx1C8XwR0&list=PLu0W_9lII9ahKZ42vg2w9ERPmShYbYAB7
Git and GitHub[1.1 Hr]:https://www.youtube.com/watch?v=gwWKnnCMQ5c&list=PLu0W_9lII9ahKZ42vg2w9ERPmShYbYAB7

►Complete course [playlist]:
React: https://www.youtube.com/playlist?list=PLu0W_9lII9agx66oZnT6IyhcMIbUMNMdt
Python-https://www.youtube.com/playlist?list=PLu0W_9lII9agICnT8t4iYVSZ3eykIAOME
OOP Python-https://www.youtube.com/playlist?list=PLu0W_9lII9ahfRrhFcoB-4lpp9YaBmdCP
Java:https://www.youtube.com/playlist?list=PLu0W_9lII9agS67Uits0UnJyrYiXhDS6q
JavaScript- https://www.youtube.com/playlist?list=PLu0W_9lII9ajyk081To1Cbt2eI5913SsL
PHP-https://www.youtube.com/playlist?list=PLu0W_9lII9aikXkRE0WxDt1vozo3hnmtR
C-https://www.youtube.com/playlist?list=PLu0W_9lII9aiXlHcLx-mDH1Qul38wD3aR
C++-https://www.youtube.com/playlist?list=PLu0W_9lII9agpFUAlPFe_VNSlXW5uE0YL
Git & GitHub-https://www.youtube.com/playlist?list=PLu0W_9lII9ahVQekD7ePHmnirTePXwIln
Android Dev- https://www.youtube.com/playlist?list=PLu0W_9lII9aiL0kysYlfSOUgY5rNlOhUd
Python GUI- https://www.youtube.com/playlist?list=PLu0W_9lII9ajLcqRcj4PoEihkukF_OTzA
Web Development- https://www.youtube.com/playlist?list=PLu0W_9lII9agiCUZYRsvtGTXdxkzPyItg
Python Django:https://www.youtube.com/playlist?list=PLu0W_9lII9ah7DDtYtflgwMwpT3xmjXY9
Projects Using HTML, CSS & Javascript- https://www.youtube.com/playlist?list=PLu0W_9lII9aiQiOwthuSvinxoflmhRxM3
Data Structure and Algo:https://www.youtube.com/playlist?list=PLu0W_9lII9ahIappRPN0MCAgtOu3lQjQi 

Follow Me On Social Media
►Website (created using Django Rest & Angular): https://www.codewithharry.com
►Facebook: https://www.facebook.com/CodeWithHarry
►Instagram: https://www.instagram.com/codewithharry/ 
Twitter: https://twitter.com/CodeWithHarry
Comment ""#HarryBhai"" if you read this 😉😉",https://i.ytimg.com/vi/_8o_BiLAgQM/maxresdefault.jpg,CodeWithHarry,272953,10512,912,1136,18:56,"18 Minutes, 56 Seconds",2023-12-04T17:31:01,https://www.youtube.com/watch?v=_8o_BiLAgQM
"JavaScript -  Selecting by Ids, Classes, and More | Sigma Web Development Course - Tutorial #68","Latest Udemy Web dev Course With Certificate: https://goharry.in/webdev
Access the Sigma web development course playlist: https://www.youtube.com/playlist?list=PLu0W_9lII9agq5TrH9XLIKQvv0iaF2X3w
➡️ Source Code: https://github.com/CodeWithHarry/Sigma-Web-Dev-Course
➡️ Notes and CheatSheets: https://www.codewithharry.com/notes/
➡️ English Subtitles are now up for all the videos!

►Checkout my English channel here: https://www.youtube.com/channel/UC7btqG2Ww0_2LwuQxpvo2HQ
►Instagram: www.instagram.com/codewithharry

Download UltraEdit Trial for Free: https://bit.ly/UltraEdit-CWH

python, C, C++, Java, JavaScript and Other Cheatsheets [++]:
Playlist: https://www.youtube.com/playlist?list=PLu0W_9lII9agrsRZjFECeFuWY5ev2pQlk

►Learn in One Video[++]:
Python Course with 5 Projects: https://www.youtube.com/watch?v=fqF9M92jzUo
Python[15 Hr]: https://www.youtube.com/watch?v=gfDE2a7MKjA&list=PLu0W_9lII9ahKZ42vg2w9ERPmShYbYAB7
Python Advance[3.5 Hr]: https://www.youtube.com/watch?v=61a7UkDO50s&list=PLu0W_9lII9ahKZ42vg2w9ERPmShYbYAB7
Python[1 Hr]: https://www.youtube.com/watch?v=qHJjMvHLJdg&list=PLu0W_9lII9ahKZ42vg2w9ERPmShYbYAB7
Python[2 Hr]: https://www.youtube.com/watch?v=ihk_Xglr164&list=PLu0W_9lII9ahKZ42vg2w9ERPmShYbYAB7
Python[15 Min]:https://www.youtube.com/watch?v=fr1f84rg4Nw&list=PLu0W_9lII9ahKZ42vg2w9ERPmShYbYAB7
JavaScript[1 Hr]: https://www.youtube.com/watch?v=onbBV0uFVpo&list=PLu0W_9lII9ahKZ42vg2w9ERPmShYbYAB7
C[1.3 Hr]-https://www.youtube.com/watch?v=YXcgD8hRHYY&list=PLu0W_9lII9ahKZ42vg2w9ERPmShYbYAB7
php[1 Hr]: https://www.youtube.com/watch?v=xW7ro3lwaCI&list=PLu0W_9lII9ahKZ42vg2w9ERPmShYbYAB7
php[2.3 Hr]:https://www.youtube.com/watch?v=1SnPKhCdlsU&list=PLu0W_9lII9ahKZ42vg2w9ERPmShYbYAB7
php[Project]- https://www.youtube.com/watch?v=-al2bECumKg&list=PLu0W_9lII9ahKZ42vg2w9ERPmShYbYAB7
HTML[30 Min]:https://www.youtube.com/watch?v=E3ByCRqE7Lo&list=PLu0W_9lII9ahKZ42vg2w9ERPmShYbYAB7
CSS[8.5 Hr]:https://www.youtube.com/watch?v=Edsxf_NBFrw&list=PLu0W_9lII9ahKZ42vg2w9ERPmShYbYAB7
CSS[1.4 Hr]:https://www.youtube.com/watch?v=u5-K_ua9sOw&list=PLu0W_9lII9ahKZ42vg2w9ERPmShYbYAB7
Wordpress[3.2 Hr]:https://www.youtube.com/watch?v=GlLRYml8mCY&list=PLu0W_9lII9ahKZ42vg2w9ERPmShYbYAB7
Angular[2 Hr]:https://www.youtube.com/watch?v=0LhBvp8qpro&list=PLu0W_9lII9ahKZ42vg2w9ERPmShYbYAB7
Java[2.3 Hr]:https://www.youtube.com/watch?v=rV_3Lewxx6o&list=PLu0W_9lII9ahKZ42vg2w9ERPmShYbYAB7
Web Scraping[1 Hr]:https://www.youtube.com/watch?v=uufDGjTuq34&list=PLu0W_9lII9ahKZ42vg2w9ERPmShYbYAB7
MongoDB[2 Hr]:https://www.youtube.com/watch?v=oSIv-E60NiU&list=PLu0W_9lII9ahKZ42vg2w9ERPmShYbYAB7
Numpy[1 Hr]:https://www.youtube.com/watch?v=Rbh1rieb3zc&list=PLu0W_9lII9ahKZ42vg2w9ERPmShYbYAB7
Android Dev[12 Hr]- https://www.youtube.com/watch?v=mXjZQX3UzOs
Linux[1 Hr]:https://www.youtube.com/watch?v=_tCY-c-sPZc&list=PLu0W_9lII9ahKZ42vg2w9ERPmShYbYAB7
JQuery[1.1 Hr]:https://www.youtube.com/watch?v=YFlx1C8XwR0&list=PLu0W_9lII9ahKZ42vg2w9ERPmShYbYAB7
Git and GitHub[1.1 Hr]:https://www.youtube.com/watch?v=gwWKnnCMQ5c&list=PLu0W_9lII9ahKZ42vg2w9ERPmShYbYAB7

►Complete course [playlist]:
React: https://www.youtube.com/playlist?list=PLu0W_9lII9agx66oZnT6IyhcMIbUMNMdt
Python-https://www.youtube.com/playlist?list=PLu0W_9lII9agICnT8t4iYVSZ3eykIAOME
OOP Python-https://www.youtube.com/playlist?list=PLu0W_9lII9ahfRrhFcoB-4lpp9YaBmdCP
Java:https://www.youtube.com/playlist?list=PLu0W_9lII9agS67Uits0UnJyrYiXhDS6q
JavaScript- https://www.youtube.com/playlist?list=PLu0W_9lII9ajyk081To1Cbt2eI5913SsL
PHP-https://www.youtube.com/playlist?list=PLu0W_9lII9aikXkRE0WxDt1vozo3hnmtR
C-https://www.youtube.com/playlist?list=PLu0W_9lII9aiXlHcLx-mDH1Qul38wD3aR
C++-https://www.youtube.com/playlist?list=PLu0W_9lII9agpFUAlPFe_VNSlXW5uE0YL
Git & GitHub-https://www.youtube.com/playlist?list=PLu0W_9lII9ahVQekD7ePHmnirTePXwIln
Android Dev- https://www.youtube.com/playlist?list=PLu0W_9lII9aiL0kysYlfSOUgY5rNlOhUd
Python GUI- https://www.youtube.com/playlist?list=PLu0W_9lII9ajLcqRcj4PoEihkukF_OTzA
Web Development- https://www.youtube.com/playlist?list=PLu0W_9lII9agiCUZYRsvtGTXdxkzPyItg
Python Django:https://www.youtube.com/playlist?list=PLu0W_9lII9ah7DDtYtflgwMwpT3xmjXY9
Projects Using HTML, CSS & Javascript- https://www.youtube.com/playlist?list=PLu0W_9lII9aiQiOwthuSvinxoflmhRxM3
Data Structure and Algo:https://www.youtube.com/playlist?list=PLu0W_9lII9ahIappRPN0MCAgtOu3lQjQi 

Follow Me On Social Media
►Website (created using Django Rest & Angular): https://www.codewithharry.com
►Facebook: https://www.facebook.com/CodeWithHarry
►Instagram: https://www.instagram.com/codewithharry/ 
Twitter: https://twitter.com/CodeWithHarry
Comment ""#HarryBhai"" if you read this 😉😉",https://i.ytimg.com/vi/uFbCTidM-xw/maxresdefault.jpg,CodeWithHarry,238208,9621,622,1095,18:15,"18 Minutes, 15 Seconds",2023-12-05T16:03:03,https://www.youtube.com/watch?v=uFbCTidM-xw
JavaScript Exercise 11 - Solution & Shoutouts | Sigma Web Development Course - Tutorial #69,"Latest Udemy Web dev Course With Certificate: https://goharry.in/webdev
Access the Sigma web development course playlist: https://www.youtube.com/playlist?list=PLu0W_9lII9agq5TrH9XLIKQvv0iaF2X3w
➡️ Source Code: https://github.com/CodeWithHarry/Sigma-Web-Dev-Course
➡️ Notes and CheatSheets: https://www.codewithharry.com/notes/
➡️ English Subtitles are now up for all the videos!

►Checkout my English channel here: https://www.youtube.com/channel/UC7btqG2Ww0_2LwuQxpvo2HQ
►Instagram: www.instagram.com/codewithharry

Download UltraEdit Trial for Free: https://bit.ly/UltraEdit-CWH

python, C, C++, Java, JavaScript and Other Cheatsheets [++]:
Playlist: https://www.youtube.com/playlist?list=PLu0W_9lII9agrsRZjFECeFuWY5ev2pQlk

►Learn in One Video[++]:
Python Course with 5 Projects: https://www.youtube.com/watch?v=fqF9M92jzUo
Python[15 Hr]: https://www.youtube.com/watch?v=gfDE2a7MKjA&list=PLu0W_9lII9ahKZ42vg2w9ERPmShYbYAB7
Python Advance[3.5 Hr]: https://www.youtube.com/watch?v=61a7UkDO50s&list=PLu0W_9lII9ahKZ42vg2w9ERPmShYbYAB7
Python[1 Hr]: https://www.youtube.com/watch?v=qHJjMvHLJdg&list=PLu0W_9lII9ahKZ42vg2w9ERPmShYbYAB7
Python[2 Hr]: https://www.youtube.com/watch?v=ihk_Xglr164&list=PLu0W_9lII9ahKZ42vg2w9ERPmShYbYAB7
Python[15 Min]:https://www.youtube.com/watch?v=fr1f84rg4Nw&list=PLu0W_9lII9ahKZ42vg2w9ERPmShYbYAB7
JavaScript[1 Hr]: https://www.youtube.com/watch?v=onbBV0uFVpo&list=PLu0W_9lII9ahKZ42vg2w9ERPmShYbYAB7
C[1.3 Hr]-https://www.youtube.com/watch?v=YXcgD8hRHYY&list=PLu0W_9lII9ahKZ42vg2w9ERPmShYbYAB7
php[1 Hr]: https://www.youtube.com/watch?v=xW7ro3lwaCI&list=PLu0W_9lII9ahKZ42vg2w9ERPmShYbYAB7
php[2.3 Hr]:https://www.youtube.com/watch?v=1SnPKhCdlsU&list=PLu0W_9lII9ahKZ42vg2w9ERPmShYbYAB7
php[Project]- https://www.youtube.com/watch?v=-al2bECumKg&list=PLu0W_9lII9ahKZ42vg2w9ERPmShYbYAB7
HTML[30 Min]:https://www.youtube.com/watch?v=E3ByCRqE7Lo&list=PLu0W_9lII9ahKZ42vg2w9ERPmShYbYAB7
CSS[8.5 Hr]:https://www.youtube.com/watch?v=Edsxf_NBFrw&list=PLu0W_9lII9ahKZ42vg2w9ERPmShYbYAB7
CSS[1.4 Hr]:https://www.youtube.com/watch?v=u5-K_ua9sOw&list=PLu0W_9lII9ahKZ42vg2w9ERPmShYbYAB7
Wordpress[3.2 Hr]:https://www.youtube.com/watch?v=GlLRYml8mCY&list=PLu0W_9lII9ahKZ42vg2w9ERPmShYbYAB7
Angular[2 Hr]:https://www.youtube.com/watch?v=0LhBvp8qpro&list=PLu0W_9lII9ahKZ42vg2w9ERPmShYbYAB7
Java[2.3 Hr]:https://www.youtube.com/watch?v=rV_3Lewxx6o&list=PLu0W_9lII9ahKZ42vg2w9ERPmShYbYAB7
Web Scraping[1 Hr]:https://www.youtube.com/watch?v=uufDGjTuq34&list=PLu0W_9lII9ahKZ42vg2w9ERPmShYbYAB7
MongoDB[2 Hr]:https://www.youtube.com/watch?v=oSIv-E60NiU&list=PLu0W_9lII9ahKZ42vg2w9ERPmShYbYAB7
Numpy[1 Hr]:https://www.youtube.com/watch?v=Rbh1rieb3zc&list=PLu0W_9lII9ahKZ42vg2w9ERPmShYbYAB7
Android Dev[12 Hr]- https://www.youtube.com/watch?v=mXjZQX3UzOs
Linux[1 Hr]:https://www.youtube.com/watch?v=_tCY-c-sPZc&list=PLu0W_9lII9ahKZ42vg2w9ERPmShYbYAB7
JQuery[1.1 Hr]:https://www.youtube.com/watch?v=YFlx1C8XwR0&list=PLu0W_9lII9ahKZ42vg2w9ERPmShYbYAB7
Git and GitHub[1.1 Hr]:https://www.youtube.com/watch?v=gwWKnnCMQ5c&list=PLu0W_9lII9ahKZ42vg2w9ERPmShYbYAB7

►Complete course [playlist]:
React: https://www.youtube.com/playlist?list=PLu0W_9lII9agx66oZnT6IyhcMIbUMNMdt
Python-https://www.youtube.com/playlist?list=PLu0W_9lII9agICnT8t4iYVSZ3eykIAOME
OOP Python-https://www.youtube.com/playlist?list=PLu0W_9lII9ahfRrhFcoB-4lpp9YaBmdCP
Java:https://www.youtube.com/playlist?list=PLu0W_9lII9agS67Uits0UnJyrYiXhDS6q
JavaScript- https://www.youtube.com/playlist?list=PLu0W_9lII9ajyk081To1Cbt2eI5913SsL
PHP-https://www.youtube.com/playlist?list=PLu0W_9lII9aikXkRE0WxDt1vozo3hnmtR
C-https://www.youtube.com/playlist?list=PLu0W_9lII9aiXlHcLx-mDH1Qul38wD3aR
C++-https://www.youtube.com/playlist?list=PLu0W_9lII9agpFUAlPFe_VNSlXW5uE0YL
Git & GitHub-https://www.youtube.com/playlist?list=PLu0W_9lII9ahVQekD7ePHmnirTePXwIln
Android Dev- https://www.youtube.com/playlist?list=PLu0W_9lII9aiL0kysYlfSOUgY5rNlOhUd
Python GUI- https://www.youtube.com/playlist?list=PLu0W_9lII9ajLcqRcj4PoEihkukF_OTzA
Web Development- https://www.youtube.com/playlist?list=PLu0W_9lII9agiCUZYRsvtGTXdxkzPyItg
Python Django:https://www.youtube.com/playlist?list=PLu0W_9lII9ah7DDtYtflgwMwpT3xmjXY9
Projects Using HTML, CSS & Javascript- https://www.youtube.com/playlist?list=PLu0W_9lII9aiQiOwthuSvinxoflmhRxM3
Data Structure and Algo:https://www.youtube.com/playlist?list=PLu0W_9lII9ahIappRPN0MCAgtOu3lQjQi 

Follow Me On Social Media
►Website (created using Django Rest & Angular): https://www.codewithharry.com
►Facebook: https://www.facebook.com/CodeWithHarry
►Instagram: https://www.instagram.com/codewithharry/ 
Twitter: https://twitter.com/CodeWithHarry
Comment ""#HarryBhai"" if you read this 😉😉",https://i.ytimg.com/vi/Xoz_KYfaSkk/maxresdefault.jpg,CodeWithHarry,160724,5377,540,712,11:52,"11 Minutes, 52 Seconds",2023-12-06T15:58:55,https://www.youtube.com/watch?v=Xoz_KYfaSkk
JavaScript Exercise 12 - Color the Boxes | Sigma Web Development Course - Tutorial #70,"Latest Udemy Web dev Course With Certificate: https://goharry.in/webdev
Access the Sigma web development course playlist: https://www.youtube.com/playlist?list=PLu0W_9lII9agq5TrH9XLIKQvv0iaF2X3w
➡️ Source Code: https://github.com/CodeWithHarry/Sigma-Web-Dev-Course
➡️ Notes and CheatSheets: https://www.codewithharry.com/notes/
➡️ English Subtitles are now up for all the videos!

►Checkout my English channel here: https://www.youtube.com/channel/UC7btqG2Ww0_2LwuQxpvo2HQ
►Instagram: www.instagram.com/codewithharry

Download UltraEdit Trial for Free: https://bit.ly/UltraEdit-CWH

python, C, C++, Java, JavaScript and Other Cheatsheets [++]:
Playlist: https://www.youtube.com/playlist?list=PLu0W_9lII9agrsRZjFECeFuWY5ev2pQlk

►Learn in One Video[++]:
Python Course with 5 Projects: https://www.youtube.com/watch?v=fqF9M92jzUo
Python[15 Hr]: https://www.youtube.com/watch?v=gfDE2a7MKjA&list=PLu0W_9lII9ahKZ42vg2w9ERPmShYbYAB7
Python Advance[3.5 Hr]: https://www.youtube.com/watch?v=61a7UkDO50s&list=PLu0W_9lII9ahKZ42vg2w9ERPmShYbYAB7
Python[1 Hr]: https://www.youtube.com/watch?v=qHJjMvHLJdg&list=PLu0W_9lII9ahKZ42vg2w9ERPmShYbYAB7
Python[2 Hr]: https://www.youtube.com/watch?v=ihk_Xglr164&list=PLu0W_9lII9ahKZ42vg2w9ERPmShYbYAB7
Python[15 Min]:https://www.youtube.com/watch?v=fr1f84rg4Nw&list=PLu0W_9lII9ahKZ42vg2w9ERPmShYbYAB7
JavaScript[1 Hr]: https://www.youtube.com/watch?v=onbBV0uFVpo&list=PLu0W_9lII9ahKZ42vg2w9ERPmShYbYAB7
C[1.3 Hr]-https://www.youtube.com/watch?v=YXcgD8hRHYY&list=PLu0W_9lII9ahKZ42vg2w9ERPmShYbYAB7
php[1 Hr]: https://www.youtube.com/watch?v=xW7ro3lwaCI&list=PLu0W_9lII9ahKZ42vg2w9ERPmShYbYAB7
php[2.3 Hr]:https://www.youtube.com/watch?v=1SnPKhCdlsU&list=PLu0W_9lII9ahKZ42vg2w9ERPmShYbYAB7
php[Project]- https://www.youtube.com/watch?v=-al2bECumKg&list=PLu0W_9lII9ahKZ42vg2w9ERPmShYbYAB7
HTML[30 Min]:https://www.youtube.com/watch?v=E3ByCRqE7Lo&list=PLu0W_9lII9ahKZ42vg2w9ERPmShYbYAB7
CSS[8.5 Hr]:https://www.youtube.com/watch?v=Edsxf_NBFrw&list=PLu0W_9lII9ahKZ42vg2w9ERPmShYbYAB7
CSS[1.4 Hr]:https://www.youtube.com/watch?v=u5-K_ua9sOw&list=PLu0W_9lII9ahKZ42vg2w9ERPmShYbYAB7
Wordpress[3.2 Hr]:https://www.youtube.com/watch?v=GlLRYml8mCY&list=PLu0W_9lII9ahKZ42vg2w9ERPmShYbYAB7
Angular[2 Hr]:https://www.youtube.com/watch?v=0LhBvp8qpro&list=PLu0W_9lII9ahKZ42vg2w9ERPmShYbYAB7
Java[2.3 Hr]:https://www.youtube.com/watch?v=rV_3Lewxx6o&list=PLu0W_9lII9ahKZ42vg2w9ERPmShYbYAB7
Web Scraping[1 Hr]:https://www.youtube.com/watch?v=uufDGjTuq34&list=PLu0W_9lII9ahKZ42vg2w9ERPmShYbYAB7
MongoDB[2 Hr]:https://www.youtube.com/watch?v=oSIv-E60NiU&list=PLu0W_9lII9ahKZ42vg2w9ERPmShYbYAB7
Numpy[1 Hr]:https://www.youtube.com/watch?v=Rbh1rieb3zc&list=PLu0W_9lII9ahKZ42vg2w9ERPmShYbYAB7
Android Dev[12 Hr]- https://www.youtube.com/watch?v=mXjZQX3UzOs
Linux[1 Hr]:https://www.youtube.com/watch?v=_tCY-c-sPZc&list=PLu0W_9lII9ahKZ42vg2w9ERPmShYbYAB7
JQuery[1.1 Hr]:https://www.youtube.com/watch?v=YFlx1C8XwR0&list=PLu0W_9lII9ahKZ42vg2w9ERPmShYbYAB7
Git and GitHub[1.1 Hr]:https://www.youtube.com/watch?v=gwWKnnCMQ5c&list=PLu0W_9lII9ahKZ42vg2w9ERPmShYbYAB7

►Complete course [playlist]:
React: https://www.youtube.com/playlist?list=PLu0W_9lII9agx66oZnT6IyhcMIbUMNMdt
Python-https://www.youtube.com/playlist?list=PLu0W_9lII9agICnT8t4iYVSZ3eykIAOME
OOP Python-https://www.youtube.com/playlist?list=PLu0W_9lII9ahfRrhFcoB-4lpp9YaBmdCP
Java:https://www.youtube.com/playlist?list=PLu0W_9lII9agS67Uits0UnJyrYiXhDS6q
JavaScript- https://www.youtube.com/playlist?list=PLu0W_9lII9ajyk081To1Cbt2eI5913SsL
PHP-https://www.youtube.com/playlist?list=PLu0W_9lII9aikXkRE0WxDt1vozo3hnmtR
C-https://www.youtube.com/playlist?list=PLu0W_9lII9aiXlHcLx-mDH1Qul38wD3aR
C++-https://www.youtube.com/playlist?list=PLu0W_9lII9agpFUAlPFe_VNSlXW5uE0YL
Git & GitHub-https://www.youtube.com/playlist?list=PLu0W_9lII9ahVQekD7ePHmnirTePXwIln
Android Dev- https://www.youtube.com/playlist?list=PLu0W_9lII9aiL0kysYlfSOUgY5rNlOhUd
Python GUI- https://www.youtube.com/playlist?list=PLu0W_9lII9ajLcqRcj4PoEihkukF_OTzA
Web Development- https://www.youtube.com/playlist?list=PLu0W_9lII9agiCUZYRsvtGTXdxkzPyItg
Python Django:https://www.youtube.com/playlist?list=PLu0W_9lII9ah7DDtYtflgwMwpT3xmjXY9
Projects Using HTML, CSS & Javascript- https://www.youtube.com/playlist?list=PLu0W_9lII9aiQiOwthuSvinxoflmhRxM3
Data Structure and Algo:https://www.youtube.com/playlist?list=PLu0W_9lII9ahIappRPN0MCAgtOu3lQjQi 

Follow Me On Social Media
►Website (created using Django Rest & Angular): https://www.codewithharry.com
►Facebook: https://www.facebook.com/CodeWithHarry
►Instagram: https://www.instagram.com/codewithharry/ 
Twitter: https://twitter.com/CodeWithHarry
Comment ""#HarryBhai"" if you read this 😉😉",https://i.ytimg.com/vi/V4ohRrvu4Ok/maxresdefault.jpg,CodeWithHarry,150274,5357,1277,234,3:54,"3 Minutes, 54 Seconds",2023-12-07T15:01:38,https://www.youtube.com/watch?v=V4ohRrvu4Ok
Inserting and Removing Elements using JavaScript | Sigma Web Development Course - Tutorial #71,"Latest Udemy Web dev Course With Certificate: https://goharry.in/webdev
Access the Sigma web development course playlist: https://www.youtube.com/playlist?list=PLu0W_9lII9agq5TrH9XLIKQvv0iaF2X3w
➡️ Source Code: https://github.com/CodeWithHarry/Sigma-Web-Dev-Course
➡️ Notes and CheatSheets: https://www.codewithharry.com/notes/
➡️ English Subtitles are now up for all the videos!

►Checkout my English channel here: https://www.youtube.com/channel/UC7btqG2Ww0_2LwuQxpvo2HQ
►Instagram: www.instagram.com/codewithharry

Download UltraEdit Trial for Free: https://bit.ly/UltraEdit-CWH

python, C, C++, Java, JavaScript and Other Cheatsheets [++]:
Playlist: https://www.youtube.com/playlist?list=PLu0W_9lII9agrsRZjFECeFuWY5ev2pQlk

►Learn in One Video[++]:
Python Course with 5 Projects: https://www.youtube.com/watch?v=fqF9M92jzUo
Python[15 Hr]: https://www.youtube.com/watch?v=gfDE2a7MKjA&list=PLu0W_9lII9ahKZ42vg2w9ERPmShYbYAB7
Python Advance[3.5 Hr]: https://www.youtube.com/watch?v=61a7UkDO50s&list=PLu0W_9lII9ahKZ42vg2w9ERPmShYbYAB7
Python[1 Hr]: https://www.youtube.com/watch?v=qHJjMvHLJdg&list=PLu0W_9lII9ahKZ42vg2w9ERPmShYbYAB7
Python[2 Hr]: https://www.youtube.com/watch?v=ihk_Xglr164&list=PLu0W_9lII9ahKZ42vg2w9ERPmShYbYAB7
Python[15 Min]:https://www.youtube.com/watch?v=fr1f84rg4Nw&list=PLu0W_9lII9ahKZ42vg2w9ERPmShYbYAB7
JavaScript[1 Hr]: https://www.youtube.com/watch?v=onbBV0uFVpo&list=PLu0W_9lII9ahKZ42vg2w9ERPmShYbYAB7
C[1.3 Hr]-https://www.youtube.com/watch?v=YXcgD8hRHYY&list=PLu0W_9lII9ahKZ42vg2w9ERPmShYbYAB7
php[1 Hr]: https://www.youtube.com/watch?v=xW7ro3lwaCI&list=PLu0W_9lII9ahKZ42vg2w9ERPmShYbYAB7
php[2.3 Hr]:https://www.youtube.com/watch?v=1SnPKhCdlsU&list=PLu0W_9lII9ahKZ42vg2w9ERPmShYbYAB7
php[Project]- https://www.youtube.com/watch?v=-al2bECumKg&list=PLu0W_9lII9ahKZ42vg2w9ERPmShYbYAB7
HTML[30 Min]:https://www.youtube.com/watch?v=E3ByCRqE7Lo&list=PLu0W_9lII9ahKZ42vg2w9ERPmShYbYAB7
CSS[8.5 Hr]:https://www.youtube.com/watch?v=Edsxf_NBFrw&list=PLu0W_9lII9ahKZ42vg2w9ERPmShYbYAB7
CSS[1.4 Hr]:https://www.youtube.com/watch?v=u5-K_ua9sOw&list=PLu0W_9lII9ahKZ42vg2w9ERPmShYbYAB7
Wordpress[3.2 Hr]:https://www.youtube.com/watch?v=GlLRYml8mCY&list=PLu0W_9lII9ahKZ42vg2w9ERPmShYbYAB7
Angular[2 Hr]:https://www.youtube.com/watch?v=0LhBvp8qpro&list=PLu0W_9lII9ahKZ42vg2w9ERPmShYbYAB7
Java[2.3 Hr]:https://www.youtube.com/watch?v=rV_3Lewxx6o&list=PLu0W_9lII9ahKZ42vg2w9ERPmShYbYAB7
Web Scraping[1 Hr]:https://www.youtube.com/watch?v=uufDGjTuq34&list=PLu0W_9lII9ahKZ42vg2w9ERPmShYbYAB7
MongoDB[2 Hr]:https://www.youtube.com/watch?v=oSIv-E60NiU&list=PLu0W_9lII9ahKZ42vg2w9ERPmShYbYAB7
Numpy[1 Hr]:https://www.youtube.com/watch?v=Rbh1rieb3zc&list=PLu0W_9lII9ahKZ42vg2w9ERPmShYbYAB7
Android Dev[12 Hr]- https://www.youtube.com/watch?v=mXjZQX3UzOs
Linux[1 Hr]:https://www.youtube.com/watch?v=_tCY-c-sPZc&list=PLu0W_9lII9ahKZ42vg2w9ERPmShYbYAB7
JQuery[1.1 Hr]:https://www.youtube.com/watch?v=YFlx1C8XwR0&list=PLu0W_9lII9ahKZ42vg2w9ERPmShYbYAB7
Git and GitHub[1.1 Hr]:https://www.youtube.com/watch?v=gwWKnnCMQ5c&list=PLu0W_9lII9ahKZ42vg2w9ERPmShYbYAB7

►Complete course [playlist]:
React: https://www.youtube.com/playlist?list=PLu0W_9lII9agx66oZnT6IyhcMIbUMNMdt
Python-https://www.youtube.com/playlist?list=PLu0W_9lII9agICnT8t4iYVSZ3eykIAOME
OOP Python-https://www.youtube.com/playlist?list=PLu0W_9lII9ahfRrhFcoB-4lpp9YaBmdCP
Java:https://www.youtube.com/playlist?list=PLu0W_9lII9agS67Uits0UnJyrYiXhDS6q
JavaScript- https://www.youtube.com/playlist?list=PLu0W_9lII9ajyk081To1Cbt2eI5913SsL
PHP-https://www.youtube.com/playlist?list=PLu0W_9lII9aikXkRE0WxDt1vozo3hnmtR
C-https://www.youtube.com/playlist?list=PLu0W_9lII9aiXlHcLx-mDH1Qul38wD3aR
C++-https://www.youtube.com/playlist?list=PLu0W_9lII9agpFUAlPFe_VNSlXW5uE0YL
Git & GitHub-https://www.youtube.com/playlist?list=PLu0W_9lII9ahVQekD7ePHmnirTePXwIln
Android Dev- https://www.youtube.com/playlist?list=PLu0W_9lII9aiL0kysYlfSOUgY5rNlOhUd
Python GUI- https://www.youtube.com/playlist?list=PLu0W_9lII9ajLcqRcj4PoEihkukF_OTzA
Web Development- https://www.youtube.com/playlist?list=PLu0W_9lII9agiCUZYRsvtGTXdxkzPyItg
Python Django:https://www.youtube.com/playlist?list=PLu0W_9lII9ah7DDtYtflgwMwpT3xmjXY9
Projects Using HTML, CSS & Javascript- https://www.youtube.com/playlist?list=PLu0W_9lII9aiQiOwthuSvinxoflmhRxM3
Data Structure and Algo:https://www.youtube.com/playlist?list=PLu0W_9lII9ahIappRPN0MCAgtOu3lQjQi 

Follow Me On Social Media
►Website (created using Django Rest & Angular): https://www.codewithharry.com
►Facebook: https://www.facebook.com/CodeWithHarry
►Instagram: https://www.instagram.com/codewithharry/ 
Twitter: https://twitter.com/CodeWithHarry
Comment ""#HarryBhai"" if you read this 😉😉",https://i.ytimg.com/vi/KB7GzBv5p4Q/maxresdefault.jpg,CodeWithHarry,269197,9862,656,1428,23:48,"23 Minutes, 48 Seconds",2023-12-09T13:43:00,https://www.youtube.com/watch?v=KB7GzBv5p4Q
JavaScript Exercise 12 - Solution & Shoutouts | Sigma Web Development Course - Tutorial #72,"Latest Udemy Web dev Course With Certificate: https://goharry.in/webdev
Access the Sigma web development course playlist: https://www.youtube.com/playlist?list=PLu0W_9lII9agq5TrH9XLIKQvv0iaF2X3w
➡️ Source Code: https://github.com/CodeWithHarry/Sigma-Web-Dev-Course
➡️ Notes and CheatSheets: https://www.codewithharry.com/notes/
➡️ English Subtitles are now up for all the videos!

►Checkout my English channel here: https://www.youtube.com/channel/UC7btqG2Ww0_2LwuQxpvo2HQ
►Instagram: www.instagram.com/codewithharry

Download UltraEdit Trial for Free: https://bit.ly/UltraEdit-CWH

python, C, C++, Java, JavaScript and Other Cheatsheets [++]:
Playlist: https://www.youtube.com/playlist?list=PLu0W_9lII9agrsRZjFECeFuWY5ev2pQlk

►Learn in One Video[++]:
Python Course with 5 Projects: https://www.youtube.com/watch?v=fqF9M92jzUo
Python[15 Hr]: https://www.youtube.com/watch?v=gfDE2a7MKjA&list=PLu0W_9lII9ahKZ42vg2w9ERPmShYbYAB7
Python Advance[3.5 Hr]: https://www.youtube.com/watch?v=61a7UkDO50s&list=PLu0W_9lII9ahKZ42vg2w9ERPmShYbYAB7
Python[1 Hr]: https://www.youtube.com/watch?v=qHJjMvHLJdg&list=PLu0W_9lII9ahKZ42vg2w9ERPmShYbYAB7
Python[2 Hr]: https://www.youtube.com/watch?v=ihk_Xglr164&list=PLu0W_9lII9ahKZ42vg2w9ERPmShYbYAB7
Python[15 Min]:https://www.youtube.com/watch?v=fr1f84rg4Nw&list=PLu0W_9lII9ahKZ42vg2w9ERPmShYbYAB7
JavaScript[1 Hr]: https://www.youtube.com/watch?v=onbBV0uFVpo&list=PLu0W_9lII9ahKZ42vg2w9ERPmShYbYAB7
C[1.3 Hr]-https://www.youtube.com/watch?v=YXcgD8hRHYY&list=PLu0W_9lII9ahKZ42vg2w9ERPmShYbYAB7
php[1 Hr]: https://www.youtube.com/watch?v=xW7ro3lwaCI&list=PLu0W_9lII9ahKZ42vg2w9ERPmShYbYAB7
php[2.3 Hr]:https://www.youtube.com/watch?v=1SnPKhCdlsU&list=PLu0W_9lII9ahKZ42vg2w9ERPmShYbYAB7
php[Project]- https://www.youtube.com/watch?v=-al2bECumKg&list=PLu0W_9lII9ahKZ42vg2w9ERPmShYbYAB7
HTML[30 Min]:https://www.youtube.com/watch?v=E3ByCRqE7Lo&list=PLu0W_9lII9ahKZ42vg2w9ERPmShYbYAB7
CSS[8.5 Hr]:https://www.youtube.com/watch?v=Edsxf_NBFrw&list=PLu0W_9lII9ahKZ42vg2w9ERPmShYbYAB7
CSS[1.4 Hr]:https://www.youtube.com/watch?v=u5-K_ua9sOw&list=PLu0W_9lII9ahKZ42vg2w9ERPmShYbYAB7
Wordpress[3.2 Hr]:https://www.youtube.com/watch?v=GlLRYml8mCY&list=PLu0W_9lII9ahKZ42vg2w9ERPmShYbYAB7
Angular[2 Hr]:https://www.youtube.com/watch?v=0LhBvp8qpro&list=PLu0W_9lII9ahKZ42vg2w9ERPmShYbYAB7
Java[2.3 Hr]:https://www.youtube.com/watch?v=rV_3Lewxx6o&list=PLu0W_9lII9ahKZ42vg2w9ERPmShYbYAB7
Web Scraping[1 Hr]:https://www.youtube.com/watch?v=uufDGjTuq34&list=PLu0W_9lII9ahKZ42vg2w9ERPmShYbYAB7
MongoDB[2 Hr]:https://www.youtube.com/watch?v=oSIv-E60NiU&list=PLu0W_9lII9ahKZ42vg2w9ERPmShYbYAB7
Numpy[1 Hr]:https://www.youtube.com/watch?v=Rbh1rieb3zc&list=PLu0W_9lII9ahKZ42vg2w9ERPmShYbYAB7
Android Dev[12 Hr]- https://www.youtube.com/watch?v=mXjZQX3UzOs
Linux[1 Hr]:https://www.youtube.com/watch?v=_tCY-c-sPZc&list=PLu0W_9lII9ahKZ42vg2w9ERPmShYbYAB7
JQuery[1.1 Hr]:https://www.youtube.com/watch?v=YFlx1C8XwR0&list=PLu0W_9lII9ahKZ42vg2w9ERPmShYbYAB7
Git and GitHub[1.1 Hr]:https://www.youtube.com/watch?v=gwWKnnCMQ5c&list=PLu0W_9lII9ahKZ42vg2w9ERPmShYbYAB7

►Complete course [playlist]:
React: https://www.youtube.com/playlist?list=PLu0W_9lII9agx66oZnT6IyhcMIbUMNMdt
Python-https://www.youtube.com/playlist?list=PLu0W_9lII9agICnT8t4iYVSZ3eykIAOME
OOP Python-https://www.youtube.com/playlist?list=PLu0W_9lII9ahfRrhFcoB-4lpp9YaBmdCP
Java:https://www.youtube.com/playlist?list=PLu0W_9lII9agS67Uits0UnJyrYiXhDS6q
JavaScript- https://www.youtube.com/playlist?list=PLu0W_9lII9ajyk081To1Cbt2eI5913SsL
PHP-https://www.youtube.com/playlist?list=PLu0W_9lII9aikXkRE0WxDt1vozo3hnmtR
C-https://www.youtube.com/playlist?list=PLu0W_9lII9aiXlHcLx-mDH1Qul38wD3aR
C++-https://www.youtube.com/playlist?list=PLu0W_9lII9agpFUAlPFe_VNSlXW5uE0YL
Git & GitHub-https://www.youtube.com/playlist?list=PLu0W_9lII9ahVQekD7ePHmnirTePXwIln
Android Dev- https://www.youtube.com/playlist?list=PLu0W_9lII9aiL0kysYlfSOUgY5rNlOhUd
Python GUI- https://www.youtube.com/playlist?list=PLu0W_9lII9ajLcqRcj4PoEihkukF_OTzA
Web Development- https://www.youtube.com/playlist?list=PLu0W_9lII9agiCUZYRsvtGTXdxkzPyItg
Python Django:https://www.youtube.com/playlist?list=PLu0W_9lII9ah7DDtYtflgwMwpT3xmjXY9
Projects Using HTML, CSS & Javascript- https://www.youtube.com/playlist?list=PLu0W_9lII9aiQiOwthuSvinxoflmhRxM3
Data Structure and Algo:https://www.youtube.com/playlist?list=PLu0W_9lII9ahIappRPN0MCAgtOu3lQjQi 

Follow Me On Social Media
►Website (created using Django Rest & Angular): https://www.codewithharry.com
►Facebook: https://www.facebook.com/CodeWithHarry
►Instagram: https://www.instagram.com/codewithharry/ 
Twitter: https://twitter.com/CodeWithHarry
Comment ""#HarryBhai"" if you read this 😉😉",https://i.ytimg.com/vi/mCx5aSEK8YE/maxresdefault.jpg,CodeWithHarry,152263,5395,451,1047,17:27,"17 Minutes, 27 Seconds",2023-12-10T13:30:49,https://www.youtube.com/watch?v=mCx5aSEK8YE
JavaScript Exercise 13 - Dynamic Website Builder | Sigma Web Development Course - Tutorial #73,"Latest Udemy Web dev Course With Certificate: https://goharry.in/webdev
Access the Sigma web development course playlist: https://www.youtube.com/playlist?list=PLu0W_9lII9agq5TrH9XLIKQvv0iaF2X3w
➡️ Source Code: https://github.com/CodeWithHarry/Sigma-Web-Dev-Course
➡️ Notes and CheatSheets: https://www.codewithharry.com/notes/
➡️ English Subtitles are now up for all the videos!

►Checkout my English channel here: https://www.youtube.com/channel/UC7btqG2Ww0_2LwuQxpvo2HQ
►Instagram: www.instagram.com/codewithharry

Download UltraEdit Trial for Free: https://bit.ly/UltraEdit-CWH

python, C, C++, Java, JavaScript and Other Cheatsheets [++]:
Playlist: https://www.youtube.com/playlist?list=PLu0W_9lII9agrsRZjFECeFuWY5ev2pQlk

►Learn in One Video[++]:
Python Course with 5 Projects: https://www.youtube.com/watch?v=fqF9M92jzUo
Python[15 Hr]: https://www.youtube.com/watch?v=gfDE2a7MKjA&list=PLu0W_9lII9ahKZ42vg2w9ERPmShYbYAB7
Python Advance[3.5 Hr]: https://www.youtube.com/watch?v=61a7UkDO50s&list=PLu0W_9lII9ahKZ42vg2w9ERPmShYbYAB7
Python[1 Hr]: https://www.youtube.com/watch?v=qHJjMvHLJdg&list=PLu0W_9lII9ahKZ42vg2w9ERPmShYbYAB7
Python[2 Hr]: https://www.youtube.com/watch?v=ihk_Xglr164&list=PLu0W_9lII9ahKZ42vg2w9ERPmShYbYAB7
Python[15 Min]:https://www.youtube.com/watch?v=fr1f84rg4Nw&list=PLu0W_9lII9ahKZ42vg2w9ERPmShYbYAB7
JavaScript[1 Hr]: https://www.youtube.com/watch?v=onbBV0uFVpo&list=PLu0W_9lII9ahKZ42vg2w9ERPmShYbYAB7
C[1.3 Hr]-https://www.youtube.com/watch?v=YXcgD8hRHYY&list=PLu0W_9lII9ahKZ42vg2w9ERPmShYbYAB7
php[1 Hr]: https://www.youtube.com/watch?v=xW7ro3lwaCI&list=PLu0W_9lII9ahKZ42vg2w9ERPmShYbYAB7
php[2.3 Hr]:https://www.youtube.com/watch?v=1SnPKhCdlsU&list=PLu0W_9lII9ahKZ42vg2w9ERPmShYbYAB7
php[Project]- https://www.youtube.com/watch?v=-al2bECumKg&list=PLu0W_9lII9ahKZ42vg2w9ERPmShYbYAB7
HTML[30 Min]:https://www.youtube.com/watch?v=E3ByCRqE7Lo&list=PLu0W_9lII9ahKZ42vg2w9ERPmShYbYAB7
CSS[8.5 Hr]:https://www.youtube.com/watch?v=Edsxf_NBFrw&list=PLu0W_9lII9ahKZ42vg2w9ERPmShYbYAB7
CSS[1.4 Hr]:https://www.youtube.com/watch?v=u5-K_ua9sOw&list=PLu0W_9lII9ahKZ42vg2w9ERPmShYbYAB7
Wordpress[3.2 Hr]:https://www.youtube.com/watch?v=GlLRYml8mCY&list=PLu0W_9lII9ahKZ42vg2w9ERPmShYbYAB7
Angular[2 Hr]:https://www.youtube.com/watch?v=0LhBvp8qpro&list=PLu0W_9lII9ahKZ42vg2w9ERPmShYbYAB7
Java[2.3 Hr]:https://www.youtube.com/watch?v=rV_3Lewxx6o&list=PLu0W_9lII9ahKZ42vg2w9ERPmShYbYAB7
Web Scraping[1 Hr]:https://www.youtube.com/watch?v=uufDGjTuq34&list=PLu0W_9lII9ahKZ42vg2w9ERPmShYbYAB7
MongoDB[2 Hr]:https://www.youtube.com/watch?v=oSIv-E60NiU&list=PLu0W_9lII9ahKZ42vg2w9ERPmShYbYAB7
Numpy[1 Hr]:https://www.youtube.com/watch?v=Rbh1rieb3zc&list=PLu0W_9lII9ahKZ42vg2w9ERPmShYbYAB7
Android Dev[12 Hr]- https://www.youtube.com/watch?v=mXjZQX3UzOs
Linux[1 Hr]:https://www.youtube.com/watch?v=_tCY-c-sPZc&list=PLu0W_9lII9ahKZ42vg2w9ERPmShYbYAB7
JQuery[1.1 Hr]:https://www.youtube.com/watch?v=YFlx1C8XwR0&list=PLu0W_9lII9ahKZ42vg2w9ERPmShYbYAB7
Git and GitHub[1.1 Hr]:https://www.youtube.com/watch?v=gwWKnnCMQ5c&list=PLu0W_9lII9ahKZ42vg2w9ERPmShYbYAB7

►Complete course [playlist]:
React: https://www.youtube.com/playlist?list=PLu0W_9lII9agx66oZnT6IyhcMIbUMNMdt
Python-https://www.youtube.com/playlist?list=PLu0W_9lII9agICnT8t4iYVSZ3eykIAOME
OOP Python-https://www.youtube.com/playlist?list=PLu0W_9lII9ahfRrhFcoB-4lpp9YaBmdCP
Java:https://www.youtube.com/playlist?list=PLu0W_9lII9agS67Uits0UnJyrYiXhDS6q
JavaScript- https://www.youtube.com/playlist?list=PLu0W_9lII9ajyk081To1Cbt2eI5913SsL
PHP-https://www.youtube.com/playlist?list=PLu0W_9lII9aikXkRE0WxDt1vozo3hnmtR
C-https://www.youtube.com/playlist?list=PLu0W_9lII9aiXlHcLx-mDH1Qul38wD3aR
C++-https://www.youtube.com/playlist?list=PLu0W_9lII9agpFUAlPFe_VNSlXW5uE0YL
Git & GitHub-https://www.youtube.com/playlist?list=PLu0W_9lII9ahVQekD7ePHmnirTePXwIln
Android Dev- https://www.youtube.com/playlist?list=PLu0W_9lII9aiL0kysYlfSOUgY5rNlOhUd
Python GUI- https://www.youtube.com/playlist?list=PLu0W_9lII9ajLcqRcj4PoEihkukF_OTzA
Web Development- https://www.youtube.com/playlist?list=PLu0W_9lII9agiCUZYRsvtGTXdxkzPyItg
Python Django:https://www.youtube.com/playlist?list=PLu0W_9lII9ah7DDtYtflgwMwpT3xmjXY9
Projects Using HTML, CSS & Javascript- https://www.youtube.com/playlist?list=PLu0W_9lII9aiQiOwthuSvinxoflmhRxM3
Data Structure and Algo:https://www.youtube.com/playlist?list=PLu0W_9lII9ahIappRPN0MCAgtOu3lQjQi 

Follow Me On Social Media
►Website (created using Django Rest & Angular): https://www.codewithharry.com
►Facebook: https://www.facebook.com/CodeWithHarry
►Instagram: https://www.instagram.com/codewithharry/ 
Twitter: https://twitter.com/CodeWithHarry
Comment ""#HarryBhai"" if you read this 😉😉",https://i.ytimg.com/vi/KtL-SQ20Q0s/maxresdefault.jpg,CodeWithHarry,170703,5828,1110,374,6:14,"6 Minutes, 14 Seconds",2023-12-11T14:11:07,https://www.youtube.com/watch?v=KtL-SQ20Q0s
"Events, Event Bubbling, setInterval & setTimeout | Sigma Web Development Course - Tutorial #74","Latest Udemy Web dev Course With Certificate: https://goharry.in/webdev
Access the Sigma web development course playlist: https://www.youtube.com/playlist?list=PLu0W_9lII9agq5TrH9XLIKQvv0iaF2X3w
➡️ Source Code: https://github.com/CodeWithHarry/Sigma-Web-Dev-Course
➡️ Notes and CheatSheets: https://www.codewithharry.com/notes/
➡️ English Subtitles are now up for all the videos!

►Checkout my English channel here: https://www.youtube.com/channel/UC7btqG2Ww0_2LwuQxpvo2HQ
►Instagram: www.instagram.com/codewithharry

Download UltraEdit Trial for Free: https://bit.ly/UltraEdit-CWH

python, C, C++, Java, JavaScript and Other Cheatsheets [++]:
Playlist: https://www.youtube.com/playlist?list=PLu0W_9lII9agrsRZjFECeFuWY5ev2pQlk

►Learn in One Video[++]:
Python Course with 5 Projects: https://www.youtube.com/watch?v=fqF9M92jzUo
Python[15 Hr]: https://www.youtube.com/watch?v=gfDE2a7MKjA&list=PLu0W_9lII9ahKZ42vg2w9ERPmShYbYAB7
Python Advance[3.5 Hr]: https://www.youtube.com/watch?v=61a7UkDO50s&list=PLu0W_9lII9ahKZ42vg2w9ERPmShYbYAB7
Python[1 Hr]: https://www.youtube.com/watch?v=qHJjMvHLJdg&list=PLu0W_9lII9ahKZ42vg2w9ERPmShYbYAB7
Python[2 Hr]: https://www.youtube.com/watch?v=ihk_Xglr164&list=PLu0W_9lII9ahKZ42vg2w9ERPmShYbYAB7
Python[15 Min]:https://www.youtube.com/watch?v=fr1f84rg4Nw&list=PLu0W_9lII9ahKZ42vg2w9ERPmShYbYAB7
JavaScript[1 Hr]: https://www.youtube.com/watch?v=onbBV0uFVpo&list=PLu0W_9lII9ahKZ42vg2w9ERPmShYbYAB7
C[1.3 Hr]-https://www.youtube.com/watch?v=YXcgD8hRHYY&list=PLu0W_9lII9ahKZ42vg2w9ERPmShYbYAB7
php[1 Hr]: https://www.youtube.com/watch?v=xW7ro3lwaCI&list=PLu0W_9lII9ahKZ42vg2w9ERPmShYbYAB7
php[2.3 Hr]:https://www.youtube.com/watch?v=1SnPKhCdlsU&list=PLu0W_9lII9ahKZ42vg2w9ERPmShYbYAB7
php[Project]- https://www.youtube.com/watch?v=-al2bECumKg&list=PLu0W_9lII9ahKZ42vg2w9ERPmShYbYAB7
HTML[30 Min]:https://www.youtube.com/watch?v=E3ByCRqE7Lo&list=PLu0W_9lII9ahKZ42vg2w9ERPmShYbYAB7
CSS[8.5 Hr]:https://www.youtube.com/watch?v=Edsxf_NBFrw&list=PLu0W_9lII9ahKZ42vg2w9ERPmShYbYAB7
CSS[1.4 Hr]:https://www.youtube.com/watch?v=u5-K_ua9sOw&list=PLu0W_9lII9ahKZ42vg2w9ERPmShYbYAB7
Wordpress[3.2 Hr]:https://www.youtube.com/watch?v=GlLRYml8mCY&list=PLu0W_9lII9ahKZ42vg2w9ERPmShYbYAB7
Angular[2 Hr]:https://www.youtube.com/watch?v=0LhBvp8qpro&list=PLu0W_9lII9ahKZ42vg2w9ERPmShYbYAB7
Java[2.3 Hr]:https://www.youtube.com/watch?v=rV_3Lewxx6o&list=PLu0W_9lII9ahKZ42vg2w9ERPmShYbYAB7
Web Scraping[1 Hr]:https://www.youtube.com/watch?v=uufDGjTuq34&list=PLu0W_9lII9ahKZ42vg2w9ERPmShYbYAB7
MongoDB[2 Hr]:https://www.youtube.com/watch?v=oSIv-E60NiU&list=PLu0W_9lII9ahKZ42vg2w9ERPmShYbYAB7
Numpy[1 Hr]:https://www.youtube.com/watch?v=Rbh1rieb3zc&list=PLu0W_9lII9ahKZ42vg2w9ERPmShYbYAB7
Android Dev[12 Hr]- https://www.youtube.com/watch?v=mXjZQX3UzOs
Linux[1 Hr]:https://www.youtube.com/watch?v=_tCY-c-sPZc&list=PLu0W_9lII9ahKZ42vg2w9ERPmShYbYAB7
JQuery[1.1 Hr]:https://www.youtube.com/watch?v=YFlx1C8XwR0&list=PLu0W_9lII9ahKZ42vg2w9ERPmShYbYAB7
Git and GitHub[1.1 Hr]:https://www.youtube.com/watch?v=gwWKnnCMQ5c&list=PLu0W_9lII9ahKZ42vg2w9ERPmShYbYAB7

►Complete course [playlist]:
React: https://www.youtube.com/playlist?list=PLu0W_9lII9agx66oZnT6IyhcMIbUMNMdt
Python-https://www.youtube.com/playlist?list=PLu0W_9lII9agICnT8t4iYVSZ3eykIAOME
OOP Python-https://www.youtube.com/playlist?list=PLu0W_9lII9ahfRrhFcoB-4lpp9YaBmdCP
Java:https://www.youtube.com/playlist?list=PLu0W_9lII9agS67Uits0UnJyrYiXhDS6q
JavaScript- https://www.youtube.com/playlist?list=PLu0W_9lII9ajyk081To1Cbt2eI5913SsL
PHP-https://www.youtube.com/playlist?list=PLu0W_9lII9aikXkRE0WxDt1vozo3hnmtR
C-https://www.youtube.com/playlist?list=PLu0W_9lII9aiXlHcLx-mDH1Qul38wD3aR
C++-https://www.youtube.com/playlist?list=PLu0W_9lII9agpFUAlPFe_VNSlXW5uE0YL
Git & GitHub-https://www.youtube.com/playlist?list=PLu0W_9lII9ahVQekD7ePHmnirTePXwIln
Android Dev- https://www.youtube.com/playlist?list=PLu0W_9lII9aiL0kysYlfSOUgY5rNlOhUd
Python GUI- https://www.youtube.com/playlist?list=PLu0W_9lII9ajLcqRcj4PoEihkukF_OTzA
Web Development- https://www.youtube.com/playlist?list=PLu0W_9lII9agiCUZYRsvtGTXdxkzPyItg
Python Django:https://www.youtube.com/playlist?list=PLu0W_9lII9ah7DDtYtflgwMwpT3xmjXY9
Projects Using HTML, CSS & Javascript- https://www.youtube.com/playlist?list=PLu0W_9lII9aiQiOwthuSvinxoflmhRxM3
Data Structure and Algo:https://www.youtube.com/playlist?list=PLu0W_9lII9ahIappRPN0MCAgtOu3lQjQi 

Follow Me On Social Media
►Website (created using Django Rest & Angular): https://www.codewithharry.com
►Facebook: https://www.facebook.com/CodeWithHarry
►Instagram: https://www.instagram.com/codewithharry/ 
Twitter: https://twitter.com/CodeWithHarry
Comment ""#HarryBhai"" if you read this 😉😉",https://i.ytimg.com/vi/CO_DAXswOrc/maxresdefault.jpg,CodeWithHarry,264403,9779,859,1671,27:51,"27 Minutes, 51 Seconds",2023-12-12T13:42:39,https://www.youtube.com/watch?v=CO_DAXswOrc
JavaScript Callbacks & Promises | Sigma Web Development Course - Tutorial #75,"Latest Udemy Web dev Course With Certificate: https://goharry.in/webdev
Access the Sigma web development course playlist: https://www.youtube.com/playlist?list=PLu0W_9lII9agq5TrH9XLIKQvv0iaF2X3w
➡️ Source Code: https://github.com/CodeWithHarry/Sigma-Web-Dev-Course
➡️ Notes and CheatSheets: https://www.codewithharry.com/notes/
➡️ English Subtitles are now up for all the videos!

►Checkout my English channel here: https://www.youtube.com/channel/UC7btqG2Ww0_2LwuQxpvo2HQ
►Instagram: www.instagram.com/codewithharry

Download UltraEdit Trial for Free: https://bit.ly/UltraEdit-CWH

python, C, C++, Java, JavaScript and Other Cheatsheets [++]:
Playlist: https://www.youtube.com/playlist?list=PLu0W_9lII9agrsRZjFECeFuWY5ev2pQlk

►Learn in One Video[++]:
Python Course with 5 Projects: https://www.youtube.com/watch?v=fqF9M92jzUo
Python[15 Hr]: https://www.youtube.com/watch?v=gfDE2a7MKjA&list=PLu0W_9lII9ahKZ42vg2w9ERPmShYbYAB7
Python Advance[3.5 Hr]: https://www.youtube.com/watch?v=61a7UkDO50s&list=PLu0W_9lII9ahKZ42vg2w9ERPmShYbYAB7
Python[1 Hr]: https://www.youtube.com/watch?v=qHJjMvHLJdg&list=PLu0W_9lII9ahKZ42vg2w9ERPmShYbYAB7
Python[2 Hr]: https://www.youtube.com/watch?v=ihk_Xglr164&list=PLu0W_9lII9ahKZ42vg2w9ERPmShYbYAB7
Python[15 Min]:https://www.youtube.com/watch?v=fr1f84rg4Nw&list=PLu0W_9lII9ahKZ42vg2w9ERPmShYbYAB7
JavaScript[1 Hr]: https://www.youtube.com/watch?v=onbBV0uFVpo&list=PLu0W_9lII9ahKZ42vg2w9ERPmShYbYAB7
C[1.3 Hr]-https://www.youtube.com/watch?v=YXcgD8hRHYY&list=PLu0W_9lII9ahKZ42vg2w9ERPmShYbYAB7
php[1 Hr]: https://www.youtube.com/watch?v=xW7ro3lwaCI&list=PLu0W_9lII9ahKZ42vg2w9ERPmShYbYAB7
php[2.3 Hr]:https://www.youtube.com/watch?v=1SnPKhCdlsU&list=PLu0W_9lII9ahKZ42vg2w9ERPmShYbYAB7
php[Project]- https://www.youtube.com/watch?v=-al2bECumKg&list=PLu0W_9lII9ahKZ42vg2w9ERPmShYbYAB7
HTML[30 Min]:https://www.youtube.com/watch?v=E3ByCRqE7Lo&list=PLu0W_9lII9ahKZ42vg2w9ERPmShYbYAB7
CSS[8.5 Hr]:https://www.youtube.com/watch?v=Edsxf_NBFrw&list=PLu0W_9lII9ahKZ42vg2w9ERPmShYbYAB7
CSS[1.4 Hr]:https://www.youtube.com/watch?v=u5-K_ua9sOw&list=PLu0W_9lII9ahKZ42vg2w9ERPmShYbYAB7
Wordpress[3.2 Hr]:https://www.youtube.com/watch?v=GlLRYml8mCY&list=PLu0W_9lII9ahKZ42vg2w9ERPmShYbYAB7
Angular[2 Hr]:https://www.youtube.com/watch?v=0LhBvp8qpro&list=PLu0W_9lII9ahKZ42vg2w9ERPmShYbYAB7
Java[2.3 Hr]:https://www.youtube.com/watch?v=rV_3Lewxx6o&list=PLu0W_9lII9ahKZ42vg2w9ERPmShYbYAB7
Web Scraping[1 Hr]:https://www.youtube.com/watch?v=uufDGjTuq34&list=PLu0W_9lII9ahKZ42vg2w9ERPmShYbYAB7
MongoDB[2 Hr]:https://www.youtube.com/watch?v=oSIv-E60NiU&list=PLu0W_9lII9ahKZ42vg2w9ERPmShYbYAB7
Numpy[1 Hr]:https://www.youtube.com/watch?v=Rbh1rieb3zc&list=PLu0W_9lII9ahKZ42vg2w9ERPmShYbYAB7
Android Dev[12 Hr]- https://www.youtube.com/watch?v=mXjZQX3UzOs
Linux[1 Hr]:https://www.youtube.com/watch?v=_tCY-c-sPZc&list=PLu0W_9lII9ahKZ42vg2w9ERPmShYbYAB7
JQuery[1.1 Hr]:https://www.youtube.com/watch?v=YFlx1C8XwR0&list=PLu0W_9lII9ahKZ42vg2w9ERPmShYbYAB7
Git and GitHub[1.1 Hr]:https://www.youtube.com/watch?v=gwWKnnCMQ5c&list=PLu0W_9lII9ahKZ42vg2w9ERPmShYbYAB7

►Complete course [playlist]:
React: https://www.youtube.com/playlist?list=PLu0W_9lII9agx66oZnT6IyhcMIbUMNMdt
Python-https://www.youtube.com/playlist?list=PLu0W_9lII9agICnT8t4iYVSZ3eykIAOME
OOP Python-https://www.youtube.com/playlist?list=PLu0W_9lII9ahfRrhFcoB-4lpp9YaBmdCP
Java:https://www.youtube.com/playlist?list=PLu0W_9lII9agS67Uits0UnJyrYiXhDS6q
JavaScript- https://www.youtube.com/playlist?list=PLu0W_9lII9ajyk081To1Cbt2eI5913SsL
PHP-https://www.youtube.com/playlist?list=PLu0W_9lII9aikXkRE0WxDt1vozo3hnmtR
C-https://www.youtube.com/playlist?list=PLu0W_9lII9aiXlHcLx-mDH1Qul38wD3aR
C++-https://www.youtube.com/playlist?list=PLu0W_9lII9agpFUAlPFe_VNSlXW5uE0YL
Git & GitHub-https://www.youtube.com/playlist?list=PLu0W_9lII9ahVQekD7ePHmnirTePXwIln
Android Dev- https://www.youtube.com/playlist?list=PLu0W_9lII9aiL0kysYlfSOUgY5rNlOhUd
Python GUI- https://www.youtube.com/playlist?list=PLu0W_9lII9ajLcqRcj4PoEihkukF_OTzA
Web Development- https://www.youtube.com/playlist?list=PLu0W_9lII9agiCUZYRsvtGTXdxkzPyItg
Python Django:https://www.youtube.com/playlist?list=PLu0W_9lII9ah7DDtYtflgwMwpT3xmjXY9
Projects Using HTML, CSS & Javascript- https://www.youtube.com/playlist?list=PLu0W_9lII9aiQiOwthuSvinxoflmhRxM3
Data Structure and Algo:https://www.youtube.com/playlist?list=PLu0W_9lII9ahIappRPN0MCAgtOu3lQjQi 

Follow Me On Social Media
►Website (created using Django Rest & Angular): https://www.codewithharry.com
►Facebook: https://www.facebook.com/CodeWithHarry
►Instagram: https://www.instagram.com/codewithharry/ 
Twitter: https://twitter.com/CodeWithHarry
Comment ""#HarryBhai"" if you read this 😉😉",https://i.ytimg.com/vi/9JaDBYPmiJ0/maxresdefault.jpg,CodeWithHarry,309061,9395,757,1944,32:24,"32 Minutes, 24 Seconds",2023-12-13T11:33:21,https://www.youtube.com/watch?v=9JaDBYPmiJ0
Async/Await & Fetch API in JavaScript with Examples | Sigma Web Development Course - Tutorial #76,"Latest Udemy Web dev Course With Certificate: https://goharry.in/webdev
Access the Sigma web development course playlist: https://www.youtube.com/playlist?list=PLu0W_9lII9agq5TrH9XLIKQvv0iaF2X3w
➡️ Source Code: https://github.com/CodeWithHarry/Sigma-Web-Dev-Course
➡️ Notes and CheatSheets: https://www.codewithharry.com/notes/
➡️ English Subtitles are now up for all the videos!

►Checkout my English channel here: https://www.youtube.com/channel/UC7btqG2Ww0_2LwuQxpvo2HQ
►Instagram: www.instagram.com/codewithharry

Download UltraEdit Trial for Free: https://bit.ly/UltraEdit-CWH

python, C, C++, Java, JavaScript and Other Cheatsheets [++]:
Playlist: https://www.youtube.com/playlist?list=PLu0W_9lII9agrsRZjFECeFuWY5ev2pQlk

►Learn in One Video[++]:
Python Course with 5 Projects: https://www.youtube.com/watch?v=fqF9M92jzUo
Python[15 Hr]: https://www.youtube.com/watch?v=gfDE2a7MKjA&list=PLu0W_9lII9ahKZ42vg2w9ERPmShYbYAB7
Python Advance[3.5 Hr]: https://www.youtube.com/watch?v=61a7UkDO50s&list=PLu0W_9lII9ahKZ42vg2w9ERPmShYbYAB7
Python[1 Hr]: https://www.youtube.com/watch?v=qHJjMvHLJdg&list=PLu0W_9lII9ahKZ42vg2w9ERPmShYbYAB7
Python[2 Hr]: https://www.youtube.com/watch?v=ihk_Xglr164&list=PLu0W_9lII9ahKZ42vg2w9ERPmShYbYAB7
Python[15 Min]:https://www.youtube.com/watch?v=fr1f84rg4Nw&list=PLu0W_9lII9ahKZ42vg2w9ERPmShYbYAB7
JavaScript[1 Hr]: https://www.youtube.com/watch?v=onbBV0uFVpo&list=PLu0W_9lII9ahKZ42vg2w9ERPmShYbYAB7
C[1.3 Hr]-https://www.youtube.com/watch?v=YXcgD8hRHYY&list=PLu0W_9lII9ahKZ42vg2w9ERPmShYbYAB7
php[1 Hr]: https://www.youtube.com/watch?v=xW7ro3lwaCI&list=PLu0W_9lII9ahKZ42vg2w9ERPmShYbYAB7
php[2.3 Hr]:https://www.youtube.com/watch?v=1SnPKhCdlsU&list=PLu0W_9lII9ahKZ42vg2w9ERPmShYbYAB7
php[Project]- https://www.youtube.com/watch?v=-al2bECumKg&list=PLu0W_9lII9ahKZ42vg2w9ERPmShYbYAB7
HTML[30 Min]:https://www.youtube.com/watch?v=E3ByCRqE7Lo&list=PLu0W_9lII9ahKZ42vg2w9ERPmShYbYAB7
CSS[8.5 Hr]:https://www.youtube.com/watch?v=Edsxf_NBFrw&list=PLu0W_9lII9ahKZ42vg2w9ERPmShYbYAB7
CSS[1.4 Hr]:https://www.youtube.com/watch?v=u5-K_ua9sOw&list=PLu0W_9lII9ahKZ42vg2w9ERPmShYbYAB7
Wordpress[3.2 Hr]:https://www.youtube.com/watch?v=GlLRYml8mCY&list=PLu0W_9lII9ahKZ42vg2w9ERPmShYbYAB7
Angular[2 Hr]:https://www.youtube.com/watch?v=0LhBvp8qpro&list=PLu0W_9lII9ahKZ42vg2w9ERPmShYbYAB7
Java[2.3 Hr]:https://www.youtube.com/watch?v=rV_3Lewxx6o&list=PLu0W_9lII9ahKZ42vg2w9ERPmShYbYAB7
Web Scraping[1 Hr]:https://www.youtube.com/watch?v=uufDGjTuq34&list=PLu0W_9lII9ahKZ42vg2w9ERPmShYbYAB7
MongoDB[2 Hr]:https://www.youtube.com/watch?v=oSIv-E60NiU&list=PLu0W_9lII9ahKZ42vg2w9ERPmShYbYAB7
Numpy[1 Hr]:https://www.youtube.com/watch?v=Rbh1rieb3zc&list=PLu0W_9lII9ahKZ42vg2w9ERPmShYbYAB7
Android Dev[12 Hr]- https://www.youtube.com/watch?v=mXjZQX3UzOs
Linux[1 Hr]:https://www.youtube.com/watch?v=_tCY-c-sPZc&list=PLu0W_9lII9ahKZ42vg2w9ERPmShYbYAB7
JQuery[1.1 Hr]:https://www.youtube.com/watch?v=YFlx1C8XwR0&list=PLu0W_9lII9ahKZ42vg2w9ERPmShYbYAB7
Git and GitHub[1.1 Hr]:https://www.youtube.com/watch?v=gwWKnnCMQ5c&list=PLu0W_9lII9ahKZ42vg2w9ERPmShYbYAB7

►Complete course [playlist]:
React: https://www.youtube.com/playlist?list=PLu0W_9lII9agx66oZnT6IyhcMIbUMNMdt
Python-https://www.youtube.com/playlist?list=PLu0W_9lII9agICnT8t4iYVSZ3eykIAOME
OOP Python-https://www.youtube.com/playlist?list=PLu0W_9lII9ahfRrhFcoB-4lpp9YaBmdCP
Java:https://www.youtube.com/playlist?list=PLu0W_9lII9agS67Uits0UnJyrYiXhDS6q
JavaScript- https://www.youtube.com/playlist?list=PLu0W_9lII9ajyk081To1Cbt2eI5913SsL
PHP-https://www.youtube.com/playlist?list=PLu0W_9lII9aikXkRE0WxDt1vozo3hnmtR
C-https://www.youtube.com/playlist?list=PLu0W_9lII9aiXlHcLx-mDH1Qul38wD3aR
C++-https://www.youtube.com/playlist?list=PLu0W_9lII9agpFUAlPFe_VNSlXW5uE0YL
Git & GitHub-https://www.youtube.com/playlist?list=PLu0W_9lII9ahVQekD7ePHmnirTePXwIln
Android Dev- https://www.youtube.com/playlist?list=PLu0W_9lII9aiL0kysYlfSOUgY5rNlOhUd
Python GUI- https://www.youtube.com/playlist?list=PLu0W_9lII9ajLcqRcj4PoEihkukF_OTzA
Web Development- https://www.youtube.com/playlist?list=PLu0W_9lII9agiCUZYRsvtGTXdxkzPyItg
Python Django:https://www.youtube.com/playlist?list=PLu0W_9lII9ah7DDtYtflgwMwpT3xmjXY9
Projects Using HTML, CSS & Javascript- https://www.youtube.com/playlist?list=PLu0W_9lII9aiQiOwthuSvinxoflmhRxM3
Data Structure and Algo:https://www.youtube.com/playlist?list=PLu0W_9lII9ahIappRPN0MCAgtOu3lQjQi 

Follow Me On Social Media
►Website (created using Django Rest & Angular): https://www.codewithharry.com
►Facebook: https://www.facebook.com/CodeWithHarry
►Instagram: https://www.instagram.com/codewithharry/ 
Twitter: https://twitter.com/CodeWithHarry
Comment ""#HarryBhai"" if you read this 😉😉",https://i.ytimg.com/vi/gRLdHSabW3o/maxresdefault.jpg,CodeWithHarry,255511,8461,591,1421,23:41,"23 Minutes, 41 Seconds",2023-12-14T13:25:05,https://www.youtube.com/watch?v=gRLdHSabW3o
JavaScript Exercise 13 - Solution & Shoutouts | Sigma Web Development Course - Tutorial #77,"Latest Udemy Web dev Course With Certificate: https://goharry.in/webdev
Access the Sigma web development course playlist: https://www.youtube.com/playlist?list=PLu0W_9lII9agq5TrH9XLIKQvv0iaF2X3w
➡️ Source Code: https://github.com/CodeWithHarry/Sigma-Web-Dev-Course
➡️ Notes and CheatSheets: https://www.codewithharry.com/notes/
➡️ English Subtitles are now up for all the videos!

►Checkout my English channel here: https://www.youtube.com/channel/UC7btqG2Ww0_2LwuQxpvo2HQ
►Instagram: www.instagram.com/codewithharry

Download UltraEdit Trial for Free: https://bit.ly/UltraEdit-CWH

python, C, C++, Java, JavaScript and Other Cheatsheets [++]:
Playlist: https://www.youtube.com/playlist?list=PLu0W_9lII9agrsRZjFECeFuWY5ev2pQlk

►Learn in One Video[++]:
Python Course with 5 Projects: https://www.youtube.com/watch?v=fqF9M92jzUo
Python[15 Hr]: https://www.youtube.com/watch?v=gfDE2a7MKjA&list=PLu0W_9lII9ahKZ42vg2w9ERPmShYbYAB7
Python Advance[3.5 Hr]: https://www.youtube.com/watch?v=61a7UkDO50s&list=PLu0W_9lII9ahKZ42vg2w9ERPmShYbYAB7
Python[1 Hr]: https://www.youtube.com/watch?v=qHJjMvHLJdg&list=PLu0W_9lII9ahKZ42vg2w9ERPmShYbYAB7
Python[2 Hr]: https://www.youtube.com/watch?v=ihk_Xglr164&list=PLu0W_9lII9ahKZ42vg2w9ERPmShYbYAB7
Python[15 Min]:https://www.youtube.com/watch?v=fr1f84rg4Nw&list=PLu0W_9lII9ahKZ42vg2w9ERPmShYbYAB7
JavaScript[1 Hr]: https://www.youtube.com/watch?v=onbBV0uFVpo&list=PLu0W_9lII9ahKZ42vg2w9ERPmShYbYAB7
C[1.3 Hr]-https://www.youtube.com/watch?v=YXcgD8hRHYY&list=PLu0W_9lII9ahKZ42vg2w9ERPmShYbYAB7
php[1 Hr]: https://www.youtube.com/watch?v=xW7ro3lwaCI&list=PLu0W_9lII9ahKZ42vg2w9ERPmShYbYAB7
php[2.3 Hr]:https://www.youtube.com/watch?v=1SnPKhCdlsU&list=PLu0W_9lII9ahKZ42vg2w9ERPmShYbYAB7
php[Project]- https://www.youtube.com/watch?v=-al2bECumKg&list=PLu0W_9lII9ahKZ42vg2w9ERPmShYbYAB7
HTML[30 Min]:https://www.youtube.com/watch?v=E3ByCRqE7Lo&list=PLu0W_9lII9ahKZ42vg2w9ERPmShYbYAB7
CSS[8.5 Hr]:https://www.youtube.com/watch?v=Edsxf_NBFrw&list=PLu0W_9lII9ahKZ42vg2w9ERPmShYbYAB7
CSS[1.4 Hr]:https://www.youtube.com/watch?v=u5-K_ua9sOw&list=PLu0W_9lII9ahKZ42vg2w9ERPmShYbYAB7
Wordpress[3.2 Hr]:https://www.youtube.com/watch?v=GlLRYml8mCY&list=PLu0W_9lII9ahKZ42vg2w9ERPmShYbYAB7
Angular[2 Hr]:https://www.youtube.com/watch?v=0LhBvp8qpro&list=PLu0W_9lII9ahKZ42vg2w9ERPmShYbYAB7
Java[2.3 Hr]:https://www.youtube.com/watch?v=rV_3Lewxx6o&list=PLu0W_9lII9ahKZ42vg2w9ERPmShYbYAB7
Web Scraping[1 Hr]:https://www.youtube.com/watch?v=uufDGjTuq34&list=PLu0W_9lII9ahKZ42vg2w9ERPmShYbYAB7
MongoDB[2 Hr]:https://www.youtube.com/watch?v=oSIv-E60NiU&list=PLu0W_9lII9ahKZ42vg2w9ERPmShYbYAB7
Numpy[1 Hr]:https://www.youtube.com/watch?v=Rbh1rieb3zc&list=PLu0W_9lII9ahKZ42vg2w9ERPmShYbYAB7
Android Dev[12 Hr]- https://www.youtube.com/watch?v=mXjZQX3UzOs
Linux[1 Hr]:https://www.youtube.com/watch?v=_tCY-c-sPZc&list=PLu0W_9lII9ahKZ42vg2w9ERPmShYbYAB7
JQuery[1.1 Hr]:https://www.youtube.com/watch?v=YFlx1C8XwR0&list=PLu0W_9lII9ahKZ42vg2w9ERPmShYbYAB7
Git and GitHub[1.1 Hr]:https://www.youtube.com/watch?v=gwWKnnCMQ5c&list=PLu0W_9lII9ahKZ42vg2w9ERPmShYbYAB7

►Complete course [playlist]:
React: https://www.youtube.com/playlist?list=PLu0W_9lII9agx66oZnT6IyhcMIbUMNMdt
Python-https://www.youtube.com/playlist?list=PLu0W_9lII9agICnT8t4iYVSZ3eykIAOME
OOP Python-https://www.youtube.com/playlist?list=PLu0W_9lII9ahfRrhFcoB-4lpp9YaBmdCP
Java:https://www.youtube.com/playlist?list=PLu0W_9lII9agS67Uits0UnJyrYiXhDS6q
JavaScript- https://www.youtube.com/playlist?list=PLu0W_9lII9ajyk081To1Cbt2eI5913SsL
PHP-https://www.youtube.com/playlist?list=PLu0W_9lII9aikXkRE0WxDt1vozo3hnmtR
C-https://www.youtube.com/playlist?list=PLu0W_9lII9aiXlHcLx-mDH1Qul38wD3aR
C++-https://www.youtube.com/playlist?list=PLu0W_9lII9agpFUAlPFe_VNSlXW5uE0YL
Git & GitHub-https://www.youtube.com/playlist?list=PLu0W_9lII9ahVQekD7ePHmnirTePXwIln
Android Dev- https://www.youtube.com/playlist?list=PLu0W_9lII9aiL0kysYlfSOUgY5rNlOhUd
Python GUI- https://www.youtube.com/playlist?list=PLu0W_9lII9ajLcqRcj4PoEihkukF_OTzA
Web Development- https://www.youtube.com/playlist?list=PLu0W_9lII9agiCUZYRsvtGTXdxkzPyItg
Python Django:https://www.youtube.com/playlist?list=PLu0W_9lII9ah7DDtYtflgwMwpT3xmjXY9
Projects Using HTML, CSS & Javascript- https://www.youtube.com/playlist?list=PLu0W_9lII9aiQiOwthuSvinxoflmhRxM3
Data Structure and Algo:https://www.youtube.com/playlist?list=PLu0W_9lII9ahIappRPN0MCAgtOu3lQjQi 

Follow Me On Social Media
►Website (created using Django Rest & Angular): https://www.codewithharry.com
►Facebook: https://www.facebook.com/CodeWithHarry
►Instagram: https://www.instagram.com/codewithharry/ 
Twitter: https://twitter.com/CodeWithHarry
Comment ""#HarryBhai"" if you read this 😉😉",https://i.ytimg.com/vi/UzYRQURh_pY/maxresdefault.jpg,CodeWithHarry,148470,4452,276,1453,24:13,"24 Minutes, 13 Seconds",2023-12-16T05:30:07,https://www.youtube.com/watch?v=UzYRQURh_pY
JavaScript Exercise 14 - Hacker's Terminal | Sigma Web Development Course - Tutorial #78,"Latest Udemy Web dev Course With Certificate: https://goharry.in/webdev
Access the Sigma web development course playlist: https://www.youtube.com/playlist?list=PLu0W_9lII9agq5TrH9XLIKQvv0iaF2X3w
➡️ Source Code: https://github.com/CodeWithHarry/Sigma-Web-Dev-Course
➡️ Notes and CheatSheets: https://www.codewithharry.com/notes/
➡️ English Subtitles are now up for all the videos!

►Checkout my English channel here: https://www.youtube.com/channel/UC7btqG2Ww0_2LwuQxpvo2HQ
►Instagram: www.instagram.com/codewithharry

Download UltraEdit Trial for Free: https://bit.ly/UltraEdit-CWH

python, C, C++, Java, JavaScript and Other Cheatsheets [++]:
Playlist: https://www.youtube.com/playlist?list=PLu0W_9lII9agrsRZjFECeFuWY5ev2pQlk

►Learn in One Video[++]:
Python Course with 5 Projects: https://www.youtube.com/watch?v=fqF9M92jzUo
Python[15 Hr]: https://www.youtube.com/watch?v=gfDE2a7MKjA&list=PLu0W_9lII9ahKZ42vg2w9ERPmShYbYAB7
Python Advance[3.5 Hr]: https://www.youtube.com/watch?v=61a7UkDO50s&list=PLu0W_9lII9ahKZ42vg2w9ERPmShYbYAB7
Python[1 Hr]: https://www.youtube.com/watch?v=qHJjMvHLJdg&list=PLu0W_9lII9ahKZ42vg2w9ERPmShYbYAB7
Python[2 Hr]: https://www.youtube.com/watch?v=ihk_Xglr164&list=PLu0W_9lII9ahKZ42vg2w9ERPmShYbYAB7
Python[15 Min]:https://www.youtube.com/watch?v=fr1f84rg4Nw&list=PLu0W_9lII9ahKZ42vg2w9ERPmShYbYAB7
JavaScript[1 Hr]: https://www.youtube.com/watch?v=onbBV0uFVpo&list=PLu0W_9lII9ahKZ42vg2w9ERPmShYbYAB7
C[1.3 Hr]-https://www.youtube.com/watch?v=YXcgD8hRHYY&list=PLu0W_9lII9ahKZ42vg2w9ERPmShYbYAB7
php[1 Hr]: https://www.youtube.com/watch?v=xW7ro3lwaCI&list=PLu0W_9lII9ahKZ42vg2w9ERPmShYbYAB7
php[2.3 Hr]:https://www.youtube.com/watch?v=1SnPKhCdlsU&list=PLu0W_9lII9ahKZ42vg2w9ERPmShYbYAB7
php[Project]- https://www.youtube.com/watch?v=-al2bECumKg&list=PLu0W_9lII9ahKZ42vg2w9ERPmShYbYAB7
HTML[30 Min]:https://www.youtube.com/watch?v=E3ByCRqE7Lo&list=PLu0W_9lII9ahKZ42vg2w9ERPmShYbYAB7
CSS[8.5 Hr]:https://www.youtube.com/watch?v=Edsxf_NBFrw&list=PLu0W_9lII9ahKZ42vg2w9ERPmShYbYAB7
CSS[1.4 Hr]:https://www.youtube.com/watch?v=u5-K_ua9sOw&list=PLu0W_9lII9ahKZ42vg2w9ERPmShYbYAB7
Wordpress[3.2 Hr]:https://www.youtube.com/watch?v=GlLRYml8mCY&list=PLu0W_9lII9ahKZ42vg2w9ERPmShYbYAB7
Angular[2 Hr]:https://www.youtube.com/watch?v=0LhBvp8qpro&list=PLu0W_9lII9ahKZ42vg2w9ERPmShYbYAB7
Java[2.3 Hr]:https://www.youtube.com/watch?v=rV_3Lewxx6o&list=PLu0W_9lII9ahKZ42vg2w9ERPmShYbYAB7
Web Scraping[1 Hr]:https://www.youtube.com/watch?v=uufDGjTuq34&list=PLu0W_9lII9ahKZ42vg2w9ERPmShYbYAB7
MongoDB[2 Hr]:https://www.youtube.com/watch?v=oSIv-E60NiU&list=PLu0W_9lII9ahKZ42vg2w9ERPmShYbYAB7
Numpy[1 Hr]:https://www.youtube.com/watch?v=Rbh1rieb3zc&list=PLu0W_9lII9ahKZ42vg2w9ERPmShYbYAB7
Android Dev[12 Hr]- https://www.youtube.com/watch?v=mXjZQX3UzOs
Linux[1 Hr]:https://www.youtube.com/watch?v=_tCY-c-sPZc&list=PLu0W_9lII9ahKZ42vg2w9ERPmShYbYAB7
JQuery[1.1 Hr]:https://www.youtube.com/watch?v=YFlx1C8XwR0&list=PLu0W_9lII9ahKZ42vg2w9ERPmShYbYAB7
Git and GitHub[1.1 Hr]:https://www.youtube.com/watch?v=gwWKnnCMQ5c&list=PLu0W_9lII9ahKZ42vg2w9ERPmShYbYAB7

►Complete course [playlist]:
React: https://www.youtube.com/playlist?list=PLu0W_9lII9agx66oZnT6IyhcMIbUMNMdt
Python-https://www.youtube.com/playlist?list=PLu0W_9lII9agICnT8t4iYVSZ3eykIAOME
OOP Python-https://www.youtube.com/playlist?list=PLu0W_9lII9ahfRrhFcoB-4lpp9YaBmdCP
Java:https://www.youtube.com/playlist?list=PLu0W_9lII9agS67Uits0UnJyrYiXhDS6q
JavaScript- https://www.youtube.com/playlist?list=PLu0W_9lII9ajyk081To1Cbt2eI5913SsL
PHP-https://www.youtube.com/playlist?list=PLu0W_9lII9aikXkRE0WxDt1vozo3hnmtR
C-https://www.youtube.com/playlist?list=PLu0W_9lII9aiXlHcLx-mDH1Qul38wD3aR
C++-https://www.youtube.com/playlist?list=PLu0W_9lII9agpFUAlPFe_VNSlXW5uE0YL
Git & GitHub-https://www.youtube.com/playlist?list=PLu0W_9lII9ahVQekD7ePHmnirTePXwIln
Android Dev- https://www.youtube.com/playlist?list=PLu0W_9lII9aiL0kysYlfSOUgY5rNlOhUd
Python GUI- https://www.youtube.com/playlist?list=PLu0W_9lII9ajLcqRcj4PoEihkukF_OTzA
Web Development- https://www.youtube.com/playlist?list=PLu0W_9lII9agiCUZYRsvtGTXdxkzPyItg
Python Django:https://www.youtube.com/playlist?list=PLu0W_9lII9ah7DDtYtflgwMwpT3xmjXY9
Projects Using HTML, CSS & Javascript- https://www.youtube.com/playlist?list=PLu0W_9lII9aiQiOwthuSvinxoflmhRxM3
Data Structure and Algo:https://www.youtube.com/playlist?list=PLu0W_9lII9ahIappRPN0MCAgtOu3lQjQi 

Follow Me On Social Media
►Website (created using Django Rest & Angular): https://www.codewithharry.com
►Facebook: https://www.facebook.com/CodeWithHarry
►Instagram: https://www.instagram.com/codewithharry/ 
Twitter: https://twitter.com/CodeWithHarry
Comment ""#HarryBhai"" if you read this 😉😉",https://i.ytimg.com/vi/WYazkpCQNQw/maxresdefault.jpg,CodeWithHarry,108466,4479,884,238,3:58,"3 Minutes, 58 Seconds",2023-12-17T13:27:53,https://www.youtube.com/watch?v=WYazkpCQNQw
JavaScript try catch & Error Handling | Sigma Web Development Course - Tutorial #79,"Latest Udemy Web dev Course With Certificate: https://goharry.in/webdev
Access the Sigma web development course playlist: https://www.youtube.com/playlist?list=PLu0W_9lII9agq5TrH9XLIKQvv0iaF2X3w
➡️ Source Code: https://github.com/CodeWithHarry/Sigma-Web-Dev-Course
➡️ Notes and CheatSheets: https://www.codewithharry.com/notes/
➡️ English Subtitles are now up for all the videos!

►Checkout my English channel here: https://www.youtube.com/channel/UC7btqG2Ww0_2LwuQxpvo2HQ
►Instagram: www.instagram.com/codewithharry

Download UltraEdit Trial for Free: https://bit.ly/UltraEdit-CWH

python, C, C++, Java, JavaScript and Other Cheatsheets [++]:
Playlist: https://www.youtube.com/playlist?list=PLu0W_9lII9agrsRZjFECeFuWY5ev2pQlk

►Learn in One Video[++]:
Python Course with 5 Projects: https://www.youtube.com/watch?v=fqF9M92jzUo
Python[15 Hr]: https://www.youtube.com/watch?v=gfDE2a7MKjA&list=PLu0W_9lII9ahKZ42vg2w9ERPmShYbYAB7
Python Advance[3.5 Hr]: https://www.youtube.com/watch?v=61a7UkDO50s&list=PLu0W_9lII9ahKZ42vg2w9ERPmShYbYAB7
Python[1 Hr]: https://www.youtube.com/watch?v=qHJjMvHLJdg&list=PLu0W_9lII9ahKZ42vg2w9ERPmShYbYAB7
Python[2 Hr]: https://www.youtube.com/watch?v=ihk_Xglr164&list=PLu0W_9lII9ahKZ42vg2w9ERPmShYbYAB7
Python[15 Min]:https://www.youtube.com/watch?v=fr1f84rg4Nw&list=PLu0W_9lII9ahKZ42vg2w9ERPmShYbYAB7
JavaScript[1 Hr]: https://www.youtube.com/watch?v=onbBV0uFVpo&list=PLu0W_9lII9ahKZ42vg2w9ERPmShYbYAB7
C[1.3 Hr]-https://www.youtube.com/watch?v=YXcgD8hRHYY&list=PLu0W_9lII9ahKZ42vg2w9ERPmShYbYAB7
php[1 Hr]: https://www.youtube.com/watch?v=xW7ro3lwaCI&list=PLu0W_9lII9ahKZ42vg2w9ERPmShYbYAB7
php[2.3 Hr]:https://www.youtube.com/watch?v=1SnPKhCdlsU&list=PLu0W_9lII9ahKZ42vg2w9ERPmShYbYAB7
php[Project]- https://www.youtube.com/watch?v=-al2bECumKg&list=PLu0W_9lII9ahKZ42vg2w9ERPmShYbYAB7
HTML[30 Min]:https://www.youtube.com/watch?v=E3ByCRqE7Lo&list=PLu0W_9lII9ahKZ42vg2w9ERPmShYbYAB7
CSS[8.5 Hr]:https://www.youtube.com/watch?v=Edsxf_NBFrw&list=PLu0W_9lII9ahKZ42vg2w9ERPmShYbYAB7
CSS[1.4 Hr]:https://www.youtube.com/watch?v=u5-K_ua9sOw&list=PLu0W_9lII9ahKZ42vg2w9ERPmShYbYAB7
Wordpress[3.2 Hr]:https://www.youtube.com/watch?v=GlLRYml8mCY&list=PLu0W_9lII9ahKZ42vg2w9ERPmShYbYAB7
Angular[2 Hr]:https://www.youtube.com/watch?v=0LhBvp8qpro&list=PLu0W_9lII9ahKZ42vg2w9ERPmShYbYAB7
Java[2.3 Hr]:https://www.youtube.com/watch?v=rV_3Lewxx6o&list=PLu0W_9lII9ahKZ42vg2w9ERPmShYbYAB7
Web Scraping[1 Hr]:https://www.youtube.com/watch?v=uufDGjTuq34&list=PLu0W_9lII9ahKZ42vg2w9ERPmShYbYAB7
MongoDB[2 Hr]:https://www.youtube.com/watch?v=oSIv-E60NiU&list=PLu0W_9lII9ahKZ42vg2w9ERPmShYbYAB7
Numpy[1 Hr]:https://www.youtube.com/watch?v=Rbh1rieb3zc&list=PLu0W_9lII9ahKZ42vg2w9ERPmShYbYAB7
Android Dev[12 Hr]- https://www.youtube.com/watch?v=mXjZQX3UzOs
Linux[1 Hr]:https://www.youtube.com/watch?v=_tCY-c-sPZc&list=PLu0W_9lII9ahKZ42vg2w9ERPmShYbYAB7
JQuery[1.1 Hr]:https://www.youtube.com/watch?v=YFlx1C8XwR0&list=PLu0W_9lII9ahKZ42vg2w9ERPmShYbYAB7
Git and GitHub[1.1 Hr]:https://www.youtube.com/watch?v=gwWKnnCMQ5c&list=PLu0W_9lII9ahKZ42vg2w9ERPmShYbYAB7

►Complete course [playlist]:
React: https://www.youtube.com/playlist?list=PLu0W_9lII9agx66oZnT6IyhcMIbUMNMdt
Python-https://www.youtube.com/playlist?list=PLu0W_9lII9agICnT8t4iYVSZ3eykIAOME
OOP Python-https://www.youtube.com/playlist?list=PLu0W_9lII9ahfRrhFcoB-4lpp9YaBmdCP
Java:https://www.youtube.com/playlist?list=PLu0W_9lII9agS67Uits0UnJyrYiXhDS6q
JavaScript- https://www.youtube.com/playlist?list=PLu0W_9lII9ajyk081To1Cbt2eI5913SsL
PHP-https://www.youtube.com/playlist?list=PLu0W_9lII9aikXkRE0WxDt1vozo3hnmtR
C-https://www.youtube.com/playlist?list=PLu0W_9lII9aiXlHcLx-mDH1Qul38wD3aR
C++-https://www.youtube.com/playlist?list=PLu0W_9lII9agpFUAlPFe_VNSlXW5uE0YL
Git & GitHub-https://www.youtube.com/playlist?list=PLu0W_9lII9ahVQekD7ePHmnirTePXwIln
Android Dev- https://www.youtube.com/playlist?list=PLu0W_9lII9aiL0kysYlfSOUgY5rNlOhUd
Python GUI- https://www.youtube.com/playlist?list=PLu0W_9lII9ajLcqRcj4PoEihkukF_OTzA
Web Development- https://www.youtube.com/playlist?list=PLu0W_9lII9agiCUZYRsvtGTXdxkzPyItg
Python Django:https://www.youtube.com/playlist?list=PLu0W_9lII9ah7DDtYtflgwMwpT3xmjXY9
Projects Using HTML, CSS & Javascript- https://www.youtube.com/playlist?list=PLu0W_9lII9aiQiOwthuSvinxoflmhRxM3
Data Structure and Algo:https://www.youtube.com/playlist?list=PLu0W_9lII9ahIappRPN0MCAgtOu3lQjQi 

Follow Me On Social Media
►Website (created using Django Rest & Angular): https://www.codewithharry.com
►Facebook: https://www.facebook.com/CodeWithHarry
►Instagram: https://www.instagram.com/codewithharry/ 
Twitter: https://twitter.com/CodeWithHarry
Comment ""#HarryBhai"" if you read this 😉😉",https://i.ytimg.com/vi/aQn7ssqHYp4/maxresdefault.jpg,CodeWithHarry,135912,6195,425,959,15:59,"15 Minutes, 59 Seconds",2023-12-18T11:30:00,https://www.youtube.com/watch?v=aQn7ssqHYp4
Classes & Objects - Object Oriented Programming in Js | Sigma Web Development Course - Tutorial #80,"Latest Udemy Web dev Course With Certificate: https://goharry.in/webdev
Access the Sigma web development course playlist: https://www.youtube.com/playlist?list=PLu0W_9lII9agq5TrH9XLIKQvv0iaF2X3w
➡️ Source Code: https://github.com/CodeWithHarry/Sigma-Web-Dev-Course
➡️ Notes and CheatSheets: https://www.codewithharry.com/notes/
➡️ English Subtitles are now up for all the videos!

►Checkout my English channel here: https://www.youtube.com/channel/UC7btqG2Ww0_2LwuQxpvo2HQ
►Instagram: www.instagram.com/codewithharry

Download UltraEdit Trial for Free: https://bit.ly/UltraEdit-CWH

python, C, C++, Java, JavaScript and Other Cheatsheets [++]:
Playlist: https://www.youtube.com/playlist?list=PLu0W_9lII9agrsRZjFECeFuWY5ev2pQlk

►Learn in One Video[++]:
Python Course with 5 Projects: https://www.youtube.com/watch?v=fqF9M92jzUo
Python[15 Hr]: https://www.youtube.com/watch?v=gfDE2a7MKjA&list=PLu0W_9lII9ahKZ42vg2w9ERPmShYbYAB7
Python Advance[3.5 Hr]: https://www.youtube.com/watch?v=61a7UkDO50s&list=PLu0W_9lII9ahKZ42vg2w9ERPmShYbYAB7
Python[1 Hr]: https://www.youtube.com/watch?v=qHJjMvHLJdg&list=PLu0W_9lII9ahKZ42vg2w9ERPmShYbYAB7
Python[2 Hr]: https://www.youtube.com/watch?v=ihk_Xglr164&list=PLu0W_9lII9ahKZ42vg2w9ERPmShYbYAB7
Python[15 Min]:https://www.youtube.com/watch?v=fr1f84rg4Nw&list=PLu0W_9lII9ahKZ42vg2w9ERPmShYbYAB7
JavaScript[1 Hr]: https://www.youtube.com/watch?v=onbBV0uFVpo&list=PLu0W_9lII9ahKZ42vg2w9ERPmShYbYAB7
C[1.3 Hr]-https://www.youtube.com/watch?v=YXcgD8hRHYY&list=PLu0W_9lII9ahKZ42vg2w9ERPmShYbYAB7
php[1 Hr]: https://www.youtube.com/watch?v=xW7ro3lwaCI&list=PLu0W_9lII9ahKZ42vg2w9ERPmShYbYAB7
php[2.3 Hr]:https://www.youtube.com/watch?v=1SnPKhCdlsU&list=PLu0W_9lII9ahKZ42vg2w9ERPmShYbYAB7
php[Project]- https://www.youtube.com/watch?v=-al2bECumKg&list=PLu0W_9lII9ahKZ42vg2w9ERPmShYbYAB7
HTML[30 Min]:https://www.youtube.com/watch?v=E3ByCRqE7Lo&list=PLu0W_9lII9ahKZ42vg2w9ERPmShYbYAB7
CSS[8.5 Hr]:https://www.youtube.com/watch?v=Edsxf_NBFrw&list=PLu0W_9lII9ahKZ42vg2w9ERPmShYbYAB7
CSS[1.4 Hr]:https://www.youtube.com/watch?v=u5-K_ua9sOw&list=PLu0W_9lII9ahKZ42vg2w9ERPmShYbYAB7
Wordpress[3.2 Hr]:https://www.youtube.com/watch?v=GlLRYml8mCY&list=PLu0W_9lII9ahKZ42vg2w9ERPmShYbYAB7
Angular[2 Hr]:https://www.youtube.com/watch?v=0LhBvp8qpro&list=PLu0W_9lII9ahKZ42vg2w9ERPmShYbYAB7
Java[2.3 Hr]:https://www.youtube.com/watch?v=rV_3Lewxx6o&list=PLu0W_9lII9ahKZ42vg2w9ERPmShYbYAB7
Web Scraping[1 Hr]:https://www.youtube.com/watch?v=uufDGjTuq34&list=PLu0W_9lII9ahKZ42vg2w9ERPmShYbYAB7
MongoDB[2 Hr]:https://www.youtube.com/watch?v=oSIv-E60NiU&list=PLu0W_9lII9ahKZ42vg2w9ERPmShYbYAB7
Numpy[1 Hr]:https://www.youtube.com/watch?v=Rbh1rieb3zc&list=PLu0W_9lII9ahKZ42vg2w9ERPmShYbYAB7
Android Dev[12 Hr]- https://www.youtube.com/watch?v=mXjZQX3UzOs
Linux[1 Hr]:https://www.youtube.com/watch?v=_tCY-c-sPZc&list=PLu0W_9lII9ahKZ42vg2w9ERPmShYbYAB7
JQuery[1.1 Hr]:https://www.youtube.com/watch?v=YFlx1C8XwR0&list=PLu0W_9lII9ahKZ42vg2w9ERPmShYbYAB7
Git and GitHub[1.1 Hr]:https://www.youtube.com/watch?v=gwWKnnCMQ5c&list=PLu0W_9lII9ahKZ42vg2w9ERPmShYbYAB7

►Complete course [playlist]:
React: https://www.youtube.com/playlist?list=PLu0W_9lII9agx66oZnT6IyhcMIbUMNMdt
Python-https://www.youtube.com/playlist?list=PLu0W_9lII9agICnT8t4iYVSZ3eykIAOME
OOP Python-https://www.youtube.com/playlist?list=PLu0W_9lII9ahfRrhFcoB-4lpp9YaBmdCP
Java:https://www.youtube.com/playlist?list=PLu0W_9lII9agS67Uits0UnJyrYiXhDS6q
JavaScript- https://www.youtube.com/playlist?list=PLu0W_9lII9ajyk081To1Cbt2eI5913SsL
PHP-https://www.youtube.com/playlist?list=PLu0W_9lII9aikXkRE0WxDt1vozo3hnmtR
C-https://www.youtube.com/playlist?list=PLu0W_9lII9aiXlHcLx-mDH1Qul38wD3aR
C++-https://www.youtube.com/playlist?list=PLu0W_9lII9agpFUAlPFe_VNSlXW5uE0YL
Git & GitHub-https://www.youtube.com/playlist?list=PLu0W_9lII9ahVQekD7ePHmnirTePXwIln
Android Dev- https://www.youtube.com/playlist?list=PLu0W_9lII9aiL0kysYlfSOUgY5rNlOhUd
Python GUI- https://www.youtube.com/playlist?list=PLu0W_9lII9ajLcqRcj4PoEihkukF_OTzA
Web Development- https://www.youtube.com/playlist?list=PLu0W_9lII9agiCUZYRsvtGTXdxkzPyItg
Python Django:https://www.youtube.com/playlist?list=PLu0W_9lII9ah7DDtYtflgwMwpT3xmjXY9
Projects Using HTML, CSS & Javascript- https://www.youtube.com/playlist?list=PLu0W_9lII9aiQiOwthuSvinxoflmhRxM3
Data Structure and Algo:https://www.youtube.com/playlist?list=PLu0W_9lII9ahIappRPN0MCAgtOu3lQjQi 

Follow Me On Social Media
►Website (created using Django Rest & Angular): https://www.codewithharry.com
►Facebook: https://www.facebook.com/CodeWithHarry
►Instagram: https://www.instagram.com/codewithharry/ 
Twitter: https://twitter.com/CodeWithHarry
Comment ""#HarryBhai"" if you read this 😉😉",https://i.ytimg.com/vi/FeBbjzVOeRU/maxresdefault.jpg,CodeWithHarry,158013,5981,418,1243,20:43,"20 Minutes, 43 Seconds",2023-12-21T05:30:02,https://www.youtube.com/watch?v=FeBbjzVOeRU
JavaScript Exercise 14 - Solution & Shoutouts | Sigma Web Development Course - Tutorial #81,"Latest Udemy Web dev Course With Certificate: https://goharry.in/webdev
Access the Sigma web development course playlist: https://www.youtube.com/playlist?list=PLu0W_9lII9agq5TrH9XLIKQvv0iaF2X3w
➡️ Source Code: https://github.com/CodeWithHarry/Sigma-Web-Dev-Course
➡️ Notes and CheatSheets: https://www.codewithharry.com/notes/
➡️ English Subtitles are now up for all the videos!

►Checkout my English channel here: https://www.youtube.com/channel/UC7btqG2Ww0_2LwuQxpvo2HQ
►Instagram: www.instagram.com/codewithharry

Download UltraEdit Trial for Free: https://bit.ly/UltraEdit-CWH

python, C, C++, Java, JavaScript and Other Cheatsheets [++]:
Playlist: https://www.youtube.com/playlist?list=PLu0W_9lII9agrsRZjFECeFuWY5ev2pQlk

►Learn in One Video[++]:
Python Course with 5 Projects: https://www.youtube.com/watch?v=fqF9M92jzUo
Python[15 Hr]: https://www.youtube.com/watch?v=gfDE2a7MKjA&list=PLu0W_9lII9ahKZ42vg2w9ERPmShYbYAB7
Python Advance[3.5 Hr]: https://www.youtube.com/watch?v=61a7UkDO50s&list=PLu0W_9lII9ahKZ42vg2w9ERPmShYbYAB7
Python[1 Hr]: https://www.youtube.com/watch?v=qHJjMvHLJdg&list=PLu0W_9lII9ahKZ42vg2w9ERPmShYbYAB7
Python[2 Hr]: https://www.youtube.com/watch?v=ihk_Xglr164&list=PLu0W_9lII9ahKZ42vg2w9ERPmShYbYAB7
Python[15 Min]:https://www.youtube.com/watch?v=fr1f84rg4Nw&list=PLu0W_9lII9ahKZ42vg2w9ERPmShYbYAB7
JavaScript[1 Hr]: https://www.youtube.com/watch?v=onbBV0uFVpo&list=PLu0W_9lII9ahKZ42vg2w9ERPmShYbYAB7
C[1.3 Hr]-https://www.youtube.com/watch?v=YXcgD8hRHYY&list=PLu0W_9lII9ahKZ42vg2w9ERPmShYbYAB7
php[1 Hr]: https://www.youtube.com/watch?v=xW7ro3lwaCI&list=PLu0W_9lII9ahKZ42vg2w9ERPmShYbYAB7
php[2.3 Hr]:https://www.youtube.com/watch?v=1SnPKhCdlsU&list=PLu0W_9lII9ahKZ42vg2w9ERPmShYbYAB7
php[Project]- https://www.youtube.com/watch?v=-al2bECumKg&list=PLu0W_9lII9ahKZ42vg2w9ERPmShYbYAB7
HTML[30 Min]:https://www.youtube.com/watch?v=E3ByCRqE7Lo&list=PLu0W_9lII9ahKZ42vg2w9ERPmShYbYAB7
CSS[8.5 Hr]:https://www.youtube.com/watch?v=Edsxf_NBFrw&list=PLu0W_9lII9ahKZ42vg2w9ERPmShYbYAB7
CSS[1.4 Hr]:https://www.youtube.com/watch?v=u5-K_ua9sOw&list=PLu0W_9lII9ahKZ42vg2w9ERPmShYbYAB7
Wordpress[3.2 Hr]:https://www.youtube.com/watch?v=GlLRYml8mCY&list=PLu0W_9lII9ahKZ42vg2w9ERPmShYbYAB7
Angular[2 Hr]:https://www.youtube.com/watch?v=0LhBvp8qpro&list=PLu0W_9lII9ahKZ42vg2w9ERPmShYbYAB7
Java[2.3 Hr]:https://www.youtube.com/watch?v=rV_3Lewxx6o&list=PLu0W_9lII9ahKZ42vg2w9ERPmShYbYAB7
Web Scraping[1 Hr]:https://www.youtube.com/watch?v=uufDGjTuq34&list=PLu0W_9lII9ahKZ42vg2w9ERPmShYbYAB7
MongoDB[2 Hr]:https://www.youtube.com/watch?v=oSIv-E60NiU&list=PLu0W_9lII9ahKZ42vg2w9ERPmShYbYAB7
Numpy[1 Hr]:https://www.youtube.com/watch?v=Rbh1rieb3zc&list=PLu0W_9lII9ahKZ42vg2w9ERPmShYbYAB7
Android Dev[12 Hr]- https://www.youtube.com/watch?v=mXjZQX3UzOs
Linux[1 Hr]:https://www.youtube.com/watch?v=_tCY-c-sPZc&list=PLu0W_9lII9ahKZ42vg2w9ERPmShYbYAB7
JQuery[1.1 Hr]:https://www.youtube.com/watch?v=YFlx1C8XwR0&list=PLu0W_9lII9ahKZ42vg2w9ERPmShYbYAB7
Git and GitHub[1.1 Hr]:https://www.youtube.com/watch?v=gwWKnnCMQ5c&list=PLu0W_9lII9ahKZ42vg2w9ERPmShYbYAB7

►Complete course [playlist]:
React: https://www.youtube.com/playlist?list=PLu0W_9lII9agx66oZnT6IyhcMIbUMNMdt
Python-https://www.youtube.com/playlist?list=PLu0W_9lII9agICnT8t4iYVSZ3eykIAOME
OOP Python-https://www.youtube.com/playlist?list=PLu0W_9lII9ahfRrhFcoB-4lpp9YaBmdCP
Java:https://www.youtube.com/playlist?list=PLu0W_9lII9agS67Uits0UnJyrYiXhDS6q
JavaScript- https://www.youtube.com/playlist?list=PLu0W_9lII9ajyk081To1Cbt2eI5913SsL
PHP-https://www.youtube.com/playlist?list=PLu0W_9lII9aikXkRE0WxDt1vozo3hnmtR
C-https://www.youtube.com/playlist?list=PLu0W_9lII9aiXlHcLx-mDH1Qul38wD3aR
C++-https://www.youtube.com/playlist?list=PLu0W_9lII9agpFUAlPFe_VNSlXW5uE0YL
Git & GitHub-https://www.youtube.com/playlist?list=PLu0W_9lII9ahVQekD7ePHmnirTePXwIln
Android Dev- https://www.youtube.com/playlist?list=PLu0W_9lII9aiL0kysYlfSOUgY5rNlOhUd
Python GUI- https://www.youtube.com/playlist?list=PLu0W_9lII9ajLcqRcj4PoEihkukF_OTzA
Web Development- https://www.youtube.com/playlist?list=PLu0W_9lII9agiCUZYRsvtGTXdxkzPyItg
Python Django:https://www.youtube.com/playlist?list=PLu0W_9lII9ah7DDtYtflgwMwpT3xmjXY9
Projects Using HTML, CSS & Javascript- https://www.youtube.com/playlist?list=PLu0W_9lII9aiQiOwthuSvinxoflmhRxM3
Data Structure and Algo:https://www.youtube.com/playlist?list=PLu0W_9lII9ahIappRPN0MCAgtOu3lQjQi 

Follow Me On Social Media
►Website (created using Django Rest & Angular): https://www.codewithharry.com
►Facebook: https://www.facebook.com/CodeWithHarry
►Instagram: https://www.instagram.com/codewithharry/ 
Twitter: https://twitter.com/CodeWithHarry
Comment ""#HarryBhai"" if you read this 😉😉",https://i.ytimg.com/vi/9H-Ieq6zjIY/maxresdefault.jpg,CodeWithHarry,109465,3727,259,1121,18:41,"18 Minutes, 41 Seconds",2023-12-21T16:19:48,https://www.youtube.com/watch?v=9H-Ieq6zjIY
Advanced JavaScript | Sigma Web Development Course - Tutorial #82,"Latest Udemy Web dev Course With Certificate: https://goharry.in/webdev
Access the Sigma web development course playlist: https://www.youtube.com/playlist?list=PLu0W_9lII9agq5TrH9XLIKQvv0iaF2X3w
➡️ Source Code: https://github.com/CodeWithHarry/Sigma-Web-Dev-Course
➡️ Notes and CheatSheets: https://www.codewithharry.com/notes/
➡️ English Subtitles are now up for all the videos!

►Checkout my English channel here: https://www.youtube.com/channel/UC7btqG2Ww0_2LwuQxpvo2HQ
►Instagram: www.instagram.com/codewithharry

Download UltraEdit Trial for Free: https://bit.ly/UltraEdit-CWH

python, C, C++, Java, JavaScript and Other Cheatsheets [++]:
Playlist: https://www.youtube.com/playlist?list=PLu0W_9lII9agrsRZjFECeFuWY5ev2pQlk

►Learn in One Video[++]:
Python Course with 5 Projects: https://www.youtube.com/watch?v=fqF9M92jzUo
Python[15 Hr]: https://www.youtube.com/watch?v=gfDE2a7MKjA&list=PLu0W_9lII9ahKZ42vg2w9ERPmShYbYAB7
Python Advance[3.5 Hr]: https://www.youtube.com/watch?v=61a7UkDO50s&list=PLu0W_9lII9ahKZ42vg2w9ERPmShYbYAB7
Python[1 Hr]: https://www.youtube.com/watch?v=qHJjMvHLJdg&list=PLu0W_9lII9ahKZ42vg2w9ERPmShYbYAB7
Python[2 Hr]: https://www.youtube.com/watch?v=ihk_Xglr164&list=PLu0W_9lII9ahKZ42vg2w9ERPmShYbYAB7
Python[15 Min]:https://www.youtube.com/watch?v=fr1f84rg4Nw&list=PLu0W_9lII9ahKZ42vg2w9ERPmShYbYAB7
JavaScript[1 Hr]: https://www.youtube.com/watch?v=onbBV0uFVpo&list=PLu0W_9lII9ahKZ42vg2w9ERPmShYbYAB7
C[1.3 Hr]-https://www.youtube.com/watch?v=YXcgD8hRHYY&list=PLu0W_9lII9ahKZ42vg2w9ERPmShYbYAB7
php[1 Hr]: https://www.youtube.com/watch?v=xW7ro3lwaCI&list=PLu0W_9lII9ahKZ42vg2w9ERPmShYbYAB7
php[2.3 Hr]:https://www.youtube.com/watch?v=1SnPKhCdlsU&list=PLu0W_9lII9ahKZ42vg2w9ERPmShYbYAB7
php[Project]- https://www.youtube.com/watch?v=-al2bECumKg&list=PLu0W_9lII9ahKZ42vg2w9ERPmShYbYAB7
HTML[30 Min]:https://www.youtube.com/watch?v=E3ByCRqE7Lo&list=PLu0W_9lII9ahKZ42vg2w9ERPmShYbYAB7
CSS[8.5 Hr]:https://www.youtube.com/watch?v=Edsxf_NBFrw&list=PLu0W_9lII9ahKZ42vg2w9ERPmShYbYAB7
CSS[1.4 Hr]:https://www.youtube.com/watch?v=u5-K_ua9sOw&list=PLu0W_9lII9ahKZ42vg2w9ERPmShYbYAB7
Wordpress[3.2 Hr]:https://www.youtube.com/watch?v=GlLRYml8mCY&list=PLu0W_9lII9ahKZ42vg2w9ERPmShYbYAB7
Angular[2 Hr]:https://www.youtube.com/watch?v=0LhBvp8qpro&list=PLu0W_9lII9ahKZ42vg2w9ERPmShYbYAB7
Java[2.3 Hr]:https://www.youtube.com/watch?v=rV_3Lewxx6o&list=PLu0W_9lII9ahKZ42vg2w9ERPmShYbYAB7
Web Scraping[1 Hr]:https://www.youtube.com/watch?v=uufDGjTuq34&list=PLu0W_9lII9ahKZ42vg2w9ERPmShYbYAB7
MongoDB[2 Hr]:https://www.youtube.com/watch?v=oSIv-E60NiU&list=PLu0W_9lII9ahKZ42vg2w9ERPmShYbYAB7
Numpy[1 Hr]:https://www.youtube.com/watch?v=Rbh1rieb3zc&list=PLu0W_9lII9ahKZ42vg2w9ERPmShYbYAB7
Android Dev[12 Hr]- https://www.youtube.com/watch?v=mXjZQX3UzOs
Linux[1 Hr]:https://www.youtube.com/watch?v=_tCY-c-sPZc&list=PLu0W_9lII9ahKZ42vg2w9ERPmShYbYAB7
JQuery[1.1 Hr]:https://www.youtube.com/watch?v=YFlx1C8XwR0&list=PLu0W_9lII9ahKZ42vg2w9ERPmShYbYAB7
Git and GitHub[1.1 Hr]:https://www.youtube.com/watch?v=gwWKnnCMQ5c&list=PLu0W_9lII9ahKZ42vg2w9ERPmShYbYAB7

►Complete course [playlist]:
React: https://www.youtube.com/playlist?list=PLu0W_9lII9agx66oZnT6IyhcMIbUMNMdt
Python-https://www.youtube.com/playlist?list=PLu0W_9lII9agICnT8t4iYVSZ3eykIAOME
OOP Python-https://www.youtube.com/playlist?list=PLu0W_9lII9ahfRrhFcoB-4lpp9YaBmdCP
Java:https://www.youtube.com/playlist?list=PLu0W_9lII9agS67Uits0UnJyrYiXhDS6q
JavaScript- https://www.youtube.com/playlist?list=PLu0W_9lII9ajyk081To1Cbt2eI5913SsL
PHP-https://www.youtube.com/playlist?list=PLu0W_9lII9aikXkRE0WxDt1vozo3hnmtR
C-https://www.youtube.com/playlist?list=PLu0W_9lII9aiXlHcLx-mDH1Qul38wD3aR
C++-https://www.youtube.com/playlist?list=PLu0W_9lII9agpFUAlPFe_VNSlXW5uE0YL
Git & GitHub-https://www.youtube.com/playlist?list=PLu0W_9lII9ahVQekD7ePHmnirTePXwIln
Android Dev- https://www.youtube.com/playlist?list=PLu0W_9lII9aiL0kysYlfSOUgY5rNlOhUd
Python GUI- https://www.youtube.com/playlist?list=PLu0W_9lII9ajLcqRcj4PoEihkukF_OTzA
Web Development- https://www.youtube.com/playlist?list=PLu0W_9lII9agiCUZYRsvtGTXdxkzPyItg
Python Django:https://www.youtube.com/playlist?list=PLu0W_9lII9ah7DDtYtflgwMwpT3xmjXY9
Projects Using HTML, CSS & Javascript- https://www.youtube.com/playlist?list=PLu0W_9lII9aiQiOwthuSvinxoflmhRxM3
Data Structure and Algo:https://www.youtube.com/playlist?list=PLu0W_9lII9ahIappRPN0MCAgtOu3lQjQi 

Follow Me On Social Media
►Website (created using Django Rest & Angular): https://www.codewithharry.com
►Facebook: https://www.facebook.com/CodeWithHarry
►Instagram: https://www.instagram.com/codewithharry/ 
Twitter: https://twitter.com/CodeWithHarry
Comment ""#HarryBhai"" if you read this 😉😉",https://i.ytimg.com/vi/tcQDnqRakxk/maxresdefault.jpg,CodeWithHarry,149499,5896,418,863,14:23,"14 Minutes, 23 Seconds",2023-12-22T16:32:12,https://www.youtube.com/watch?v=tcQDnqRakxk
JavaScript Interview Questions | Sigma Web Development Course - Tutorial #83,"Latest Udemy Web dev Course With Certificate: https://goharry.in/webdev
Access the Sigma web development course playlist: https://www.youtube.com/playlist?list=PLu0W_9lII9agq5TrH9XLIKQvv0iaF2X3w
➡️ Source Code: https://github.com/CodeWithHarry/Sigma-Web-Dev-Course
➡️ Notes and CheatSheets: https://www.codewithharry.com/notes/
➡️ English Subtitles are now up for all the videos!

►Checkout my English channel here: https://www.youtube.com/channel/UC7btqG2Ww0_2LwuQxpvo2HQ
►Instagram: www.instagram.com/codewithharry

Download UltraEdit Trial for Free: https://bit.ly/UltraEdit-CWH

python, C, C++, Java, JavaScript and Other Cheatsheets [++]:
Playlist: https://www.youtube.com/playlist?list=PLu0W_9lII9agrsRZjFECeFuWY5ev2pQlk

►Learn in One Video[++]:
Python Course with 5 Projects: https://www.youtube.com/watch?v=fqF9M92jzUo
Python[15 Hr]: https://www.youtube.com/watch?v=gfDE2a7MKjA&list=PLu0W_9lII9ahKZ42vg2w9ERPmShYbYAB7
Python Advance[3.5 Hr]: https://www.youtube.com/watch?v=61a7UkDO50s&list=PLu0W_9lII9ahKZ42vg2w9ERPmShYbYAB7
Python[1 Hr]: https://www.youtube.com/watch?v=qHJjMvHLJdg&list=PLu0W_9lII9ahKZ42vg2w9ERPmShYbYAB7
Python[2 Hr]: https://www.youtube.com/watch?v=ihk_Xglr164&list=PLu0W_9lII9ahKZ42vg2w9ERPmShYbYAB7
Python[15 Min]:https://www.youtube.com/watch?v=fr1f84rg4Nw&list=PLu0W_9lII9ahKZ42vg2w9ERPmShYbYAB7
JavaScript[1 Hr]: https://www.youtube.com/watch?v=onbBV0uFVpo&list=PLu0W_9lII9ahKZ42vg2w9ERPmShYbYAB7
C[1.3 Hr]-https://www.youtube.com/watch?v=YXcgD8hRHYY&list=PLu0W_9lII9ahKZ42vg2w9ERPmShYbYAB7
php[1 Hr]: https://www.youtube.com/watch?v=xW7ro3lwaCI&list=PLu0W_9lII9ahKZ42vg2w9ERPmShYbYAB7
php[2.3 Hr]:https://www.youtube.com/watch?v=1SnPKhCdlsU&list=PLu0W_9lII9ahKZ42vg2w9ERPmShYbYAB7
php[Project]- https://www.youtube.com/watch?v=-al2bECumKg&list=PLu0W_9lII9ahKZ42vg2w9ERPmShYbYAB7
HTML[30 Min]:https://www.youtube.com/watch?v=E3ByCRqE7Lo&list=PLu0W_9lII9ahKZ42vg2w9ERPmShYbYAB7
CSS[8.5 Hr]:https://www.youtube.com/watch?v=Edsxf_NBFrw&list=PLu0W_9lII9ahKZ42vg2w9ERPmShYbYAB7
CSS[1.4 Hr]:https://www.youtube.com/watch?v=u5-K_ua9sOw&list=PLu0W_9lII9ahKZ42vg2w9ERPmShYbYAB7
Wordpress[3.2 Hr]:https://www.youtube.com/watch?v=GlLRYml8mCY&list=PLu0W_9lII9ahKZ42vg2w9ERPmShYbYAB7
Angular[2 Hr]:https://www.youtube.com/watch?v=0LhBvp8qpro&list=PLu0W_9lII9ahKZ42vg2w9ERPmShYbYAB7
Java[2.3 Hr]:https://www.youtube.com/watch?v=rV_3Lewxx6o&list=PLu0W_9lII9ahKZ42vg2w9ERPmShYbYAB7
Web Scraping[1 Hr]:https://www.youtube.com/watch?v=uufDGjTuq34&list=PLu0W_9lII9ahKZ42vg2w9ERPmShYbYAB7
MongoDB[2 Hr]:https://www.youtube.com/watch?v=oSIv-E60NiU&list=PLu0W_9lII9ahKZ42vg2w9ERPmShYbYAB7
Numpy[1 Hr]:https://www.youtube.com/watch?v=Rbh1rieb3zc&list=PLu0W_9lII9ahKZ42vg2w9ERPmShYbYAB7
Android Dev[12 Hr]- https://www.youtube.com/watch?v=mXjZQX3UzOs
Linux[1 Hr]:https://www.youtube.com/watch?v=_tCY-c-sPZc&list=PLu0W_9lII9ahKZ42vg2w9ERPmShYbYAB7
JQuery[1.1 Hr]:https://www.youtube.com/watch?v=YFlx1C8XwR0&list=PLu0W_9lII9ahKZ42vg2w9ERPmShYbYAB7
Git and GitHub[1.1 Hr]:https://www.youtube.com/watch?v=gwWKnnCMQ5c&list=PLu0W_9lII9ahKZ42vg2w9ERPmShYbYAB7

►Complete course [playlist]:
React: https://www.youtube.com/playlist?list=PLu0W_9lII9agx66oZnT6IyhcMIbUMNMdt
Python-https://www.youtube.com/playlist?list=PLu0W_9lII9agICnT8t4iYVSZ3eykIAOME
OOP Python-https://www.youtube.com/playlist?list=PLu0W_9lII9ahfRrhFcoB-4lpp9YaBmdCP
Java:https://www.youtube.com/playlist?list=PLu0W_9lII9agS67Uits0UnJyrYiXhDS6q
JavaScript- https://www.youtube.com/playlist?list=PLu0W_9lII9ajyk081To1Cbt2eI5913SsL
PHP-https://www.youtube.com/playlist?list=PLu0W_9lII9aikXkRE0WxDt1vozo3hnmtR
C-https://www.youtube.com/playlist?list=PLu0W_9lII9aiXlHcLx-mDH1Qul38wD3aR
C++-https://www.youtube.com/playlist?list=PLu0W_9lII9agpFUAlPFe_VNSlXW5uE0YL
Git & GitHub-https://www.youtube.com/playlist?list=PLu0W_9lII9ahVQekD7ePHmnirTePXwIln
Android Dev- https://www.youtube.com/playlist?list=PLu0W_9lII9aiL0kysYlfSOUgY5rNlOhUd
Python GUI- https://www.youtube.com/playlist?list=PLu0W_9lII9ajLcqRcj4PoEihkukF_OTzA
Web Development- https://www.youtube.com/playlist?list=PLu0W_9lII9agiCUZYRsvtGTXdxkzPyItg
Python Django:https://www.youtube.com/playlist?list=PLu0W_9lII9ah7DDtYtflgwMwpT3xmjXY9
Projects Using HTML, CSS & Javascript- https://www.youtube.com/playlist?list=PLu0W_9lII9aiQiOwthuSvinxoflmhRxM3
Data Structure and Algo:https://www.youtube.com/playlist?list=PLu0W_9lII9ahIappRPN0MCAgtOu3lQjQi 

Follow Me On Social Media
►Website (created using Django Rest & Angular): https://www.codewithharry.com
►Facebook: https://www.facebook.com/CodeWithHarry
►Instagram: https://www.instagram.com/codewithharry/ 
Twitter: https://twitter.com/CodeWithHarry
Comment ""#HarryBhai"" if you read this 😉😉",https://i.ytimg.com/vi/Vwxs9YJWsx4/maxresdefault.jpg,CodeWithHarry,158671,5740,495,1268,21:08,"21 Minutes, 8 Seconds",2023-12-24T14:30:14,https://www.youtube.com/watch?v=Vwxs9YJWsx4
"Spotify Clone using HTML, CSS & JavaScript | Sigma Web Development Course - Tutorial #84","Latest Udemy Web dev Course With Certificate: https://goharry.in/webdev
Free hosting: https://webhostmost.com/
WebHostMost YouTube channel: https://www.youtube.com/@WebHostMost/videos
Access the Sigma web development course playlist: https://www.youtube.com/playlist?list=PLu0W_9lII9agq5TrH9XLIKQvv0iaF2X3w
➡️ Source Code: https://github.com/CodeWithHarry/Sigma-Web-Dev-Course
➡️ Notes and CheatSheets: https://www.codewithharry.com/notes/
➡️ English Subtitles are now up for all the videos!

TimeStamps:
00:00:00 - Introduction
00:00:32 - Demo
00:01:29 - Free Hosting    
00:04:45 - Planning    
00:07:45 - Setting up Layout    
00:09:41 - Creating Utility Classes    
00:11:03 - Making the Sidebar and Header    
00:49:32 - Making the Playlists    
01:23:52 - Let's Write some JavaScript    
02:58:09 - Responsiveness    
03:31:45 - Previous & Next Button    
03:45:13 - Volume Button    
03:59:51 - More Responsiveness Fixes    
04:02:01 - Dynamic Albums    
05:01:15 - Hosting this app for FREE!    
05:09:57 - More Improvement for Mobile Devices    
05:34:44 - Conclusion 

►Checkout my English channel here: https://www.youtube.com/channel/UC7btqG2Ww0_2LwuQxpvo2HQ
►Instagram: www.instagram.com/codewithharry

Download UltraEdit Trial for Free: https://bit.ly/UltraEdit-CWH

python, C, C++, Java, JavaScript and Other Cheatsheets [++]:
Playlist: https://www.youtube.com/playlist?list=PLu0W_9lII9agrsRZjFECeFuWY5ev2pQlk

►Learn in One Video[++]:
Python Course with 5 Projects: https://www.youtube.com/watch?v=fqF9M92jzUo
Python[15 Hr]: https://www.youtube.com/watch?v=gfDE2a7MKjA&list=PLu0W_9lII9ahKZ42vg2w9ERPmShYbYAB7
Python Advance[3.5 Hr]: https://www.youtube.com/watch?v=61a7UkDO50s&list=PLu0W_9lII9ahKZ42vg2w9ERPmShYbYAB7
Python[1 Hr]: https://www.youtube.com/watch?v=qHJjMvHLJdg&list=PLu0W_9lII9ahKZ42vg2w9ERPmShYbYAB7
Python[2 Hr]: https://www.youtube.com/watch?v=ihk_Xglr164&list=PLu0W_9lII9ahKZ42vg2w9ERPmShYbYAB7
Python[15 Min]:https://www.youtube.com/watch?v=fr1f84rg4Nw&list=PLu0W_9lII9ahKZ42vg2w9ERPmShYbYAB7 
CSS[8.5 Hr]:https://www.youtube.com/watch?v=Edsxf_NBFrw&list=PLu0W_9lII9ahKZ42vg2w9ERPmShYbYAB7
CSS[1.4 Hr]:https://www.youtube.com/watch?v=u5-K_ua9sOw&list=PLu0W_9lII9ahKZ42vg2w9ERPmShYbYAB7
Wordpress[3.2 Hr]:https://www.youtube.com/watch?v=GlLRYml8mCY&list=PLu0W_9lII9ahKZ42vg2w9ERPmShYbYAB7
Angular[2 Hr]:https://www.youtube.com/watch?v=0LhBvp8qpro&list=PLu0W_9lII9ahKZ42vg2w9ERPmShYbYAB7
Java[2.3 Hr]:https://www.youtube.com/watch?v=rV_3Lewxx6o&list=PLu0W_9lII9ahKZ42vg2w9ERPmShYbYAB7
Web Scraping[1 Hr]:https://www.youtube.com/watch?v=uufDGjTuq34&list=PLu0W_9lII9ahKZ42vg2w9ERPmShYbYAB7
MongoDB[2 Hr]:https://www.youtube.com/watch?v=oSIv-E60NiU&list=PLu0W_9lII9ahKZ42vg2w9ERPmShYbYAB7
Numpy[1 Hr]:https://www.youtube.com/watch?v=Rbh1rieb3zc&list=PLu0W_9lII9ahKZ42vg2w9ERPmShYbYAB7
Android Dev[12 Hr]- https://www.youtube.com/watch?v=mXjZQX3UzOs
Linux[1 Hr]:https://www.youtube.com/watch?v=_tCY-c-sPZc&list=PLu0W_9lII9ahKZ42vg2w9ERPmShYbYAB7
JQuery[1.1 Hr]:https://www.youtube.com/watch?v=YFlx1C8XwR0&list=PLu0W_9lII9ahKZ42vg2w9ERPmShYbYAB7
Git and GitHub[1.1 Hr]:https://www.youtube.com/watch?v=gwWKnnCMQ5c&list=PLu0W_9lII9ahKZ42vg2w9ERPmShYbYAB7

►Complete course [playlist]:
React: https://www.youtube.com/playlist?list=PLu0W_9lII9agx66oZnT6IyhcMIbUMNMdt
Python-https://www.youtube.com/playlist?list=PLu0W_9lII9agICnT8t4iYVSZ3eykIAOME
OOP Python-https://www.youtube.com/playlist?list=PLu0W_9lII9ahfRrhFcoB-4lpp9YaBmdCP
Java:https://www.youtube.com/playlist?list=PLu0W_9lII9agS67Uits0UnJyrYiXhDS6q
JavaScript- https://www.youtube.com/playlist?list=PLu0W_9lII9ajyk081To1Cbt2eI5913SsL
PHP-https://www.youtube.com/playlist?list=PLu0W_9lII9aikXkRE0WxDt1vozo3hnmtR
C-https://www.youtube.com/playlist?list=PLu0W_9lII9aiXlHcLx-mDH1Qul38wD3aR
C++-https://www.youtube.com/playlist?list=PLu0W_9lII9agpFUAlPFe_VNSlXW5uE0YL
Git & GitHub-https://www.youtube.com/playlist?list=PLu0W_9lII9ahVQekD7ePHmnirTePXwIln
Android Dev- https://www.youtube.com/playlist?list=PLu0W_9lII9aiL0kysYlfSOUgY5rNlOhUd
Python GUI- https://www.youtube.com/playlist?list=PLu0W_9lII9ajLcqRcj4PoEihkukF_OTzA
Web Development- https://www.youtube.com/playlist?list=PLu0W_9lII9agiCUZYRsvtGTXdxkzPyItg
Python Django:https://www.youtube.com/playlist?list=PLu0W_9lII9ah7DDtYtflgwMwpT3xmjXY9
Projects Using HTML, CSS & Javascript- https://www.youtube.com/playlist?list=PLu0W_9lII9aiQiOwthuSvinxoflmhRxM3
Data Structure and Algo:https://www.youtube.com/playlist?list=PLu0W_9lII9ahIappRPN0MCAgtOu3lQjQi 

Follow Me On Social Media
►Website (created using Django Rest & Angular): https://www.codewithharry.com
►Facebook: https://www.facebook.com/CodeWithHarry
►Instagram: https://www.instagram.com/codewithharry/ 
Twitter: https://twitter.com/CodeWithHarry
Comment ""#HarryBhai"" if you read this 😉😉",https://i.ytimg.com/vi/CYwEq1GdU4E/maxresdefault.jpg,CodeWithHarry,1051939,16578,2743,20139,5:35:39,"5 Hours, 35 Minutes, 39 Seconds",2023-12-26T15:40:04,https://www.youtube.com/watch?v=CYwEq1GdU4E
"Backend, Node.js & npm | Sigma Web Development Course - Tutorial #85","Latest Udemy Web dev Course With Certificate: https://goharry.in/webdev
Access the Sigma web development course playlist: https://www.youtube.com/playlist?list=PLu0W_9lII9agq5TrH9XLIKQvv0iaF2X3w
➡️ Source Code: https://github.com/CodeWithHarry/Sigma-Web-Dev-Course
➡️ Notes and CheatSheets: https://www.codewithharry.com/notes/
➡️ English Subtitles are now up for all the videos!

►Checkout my English channel here: https://www.youtube.com/channel/UC7btqG2Ww0_2LwuQxpvo2HQ
►Instagram: www.instagram.com/codewithharry

Download UltraEdit Trial for Free: https://bit.ly/UltraEdit-CWH

python, C, C++, Java, JavaScript and Other Cheatsheets [++]:
Playlist: https://www.youtube.com/playlist?list=PLu0W_9lII9agrsRZjFECeFuWY5ev2pQlk

►Learn in One Video[++]:
Python Course with 5 Projects: https://www.youtube.com/watch?v=fqF9M92jzUo
Python[15 Hr]: https://www.youtube.com/watch?v=gfDE2a7MKjA&list=PLu0W_9lII9ahKZ42vg2w9ERPmShYbYAB7
Python Advance[3.5 Hr]: https://www.youtube.com/watch?v=61a7UkDO50s&list=PLu0W_9lII9ahKZ42vg2w9ERPmShYbYAB7
Python[1 Hr]: https://www.youtube.com/watch?v=qHJjMvHLJdg&list=PLu0W_9lII9ahKZ42vg2w9ERPmShYbYAB7
Python[2 Hr]: https://www.youtube.com/watch?v=ihk_Xglr164&list=PLu0W_9lII9ahKZ42vg2w9ERPmShYbYAB7
Python[15 Min]:https://www.youtube.com/watch?v=fr1f84rg4Nw&list=PLu0W_9lII9ahKZ42vg2w9ERPmShYbYAB7
JavaScript[1 Hr]: https://www.youtube.com/watch?v=onbBV0uFVpo&list=PLu0W_9lII9ahKZ42vg2w9ERPmShYbYAB7
C[1.3 Hr]-https://www.youtube.com/watch?v=YXcgD8hRHYY&list=PLu0W_9lII9ahKZ42vg2w9ERPmShYbYAB7
php[1 Hr]: https://www.youtube.com/watch?v=xW7ro3lwaCI&list=PLu0W_9lII9ahKZ42vg2w9ERPmShYbYAB7
php[2.3 Hr]:https://www.youtube.com/watch?v=1SnPKhCdlsU&list=PLu0W_9lII9ahKZ42vg2w9ERPmShYbYAB7
php[Project]- https://www.youtube.com/watch?v=-al2bECumKg&list=PLu0W_9lII9ahKZ42vg2w9ERPmShYbYAB7
HTML[30 Min]:https://www.youtube.com/watch?v=E3ByCRqE7Lo&list=PLu0W_9lII9ahKZ42vg2w9ERPmShYbYAB7
CSS[8.5 Hr]:https://www.youtube.com/watch?v=Edsxf_NBFrw&list=PLu0W_9lII9ahKZ42vg2w9ERPmShYbYAB7
CSS[1.4 Hr]:https://www.youtube.com/watch?v=u5-K_ua9sOw&list=PLu0W_9lII9ahKZ42vg2w9ERPmShYbYAB7
Wordpress[3.2 Hr]:https://www.youtube.com/watch?v=GlLRYml8mCY&list=PLu0W_9lII9ahKZ42vg2w9ERPmShYbYAB7
Angular[2 Hr]:https://www.youtube.com/watch?v=0LhBvp8qpro&list=PLu0W_9lII9ahKZ42vg2w9ERPmShYbYAB7
Java[2.3 Hr]:https://www.youtube.com/watch?v=rV_3Lewxx6o&list=PLu0W_9lII9ahKZ42vg2w9ERPmShYbYAB7
Web Scraping[1 Hr]:https://www.youtube.com/watch?v=uufDGjTuq34&list=PLu0W_9lII9ahKZ42vg2w9ERPmShYbYAB7
MongoDB[2 Hr]:https://www.youtube.com/watch?v=oSIv-E60NiU&list=PLu0W_9lII9ahKZ42vg2w9ERPmShYbYAB7
Numpy[1 Hr]:https://www.youtube.com/watch?v=Rbh1rieb3zc&list=PLu0W_9lII9ahKZ42vg2w9ERPmShYbYAB7
Android Dev[12 Hr]- https://www.youtube.com/watch?v=mXjZQX3UzOs
Linux[1 Hr]:https://www.youtube.com/watch?v=_tCY-c-sPZc&list=PLu0W_9lII9ahKZ42vg2w9ERPmShYbYAB7
JQuery[1.1 Hr]:https://www.youtube.com/watch?v=YFlx1C8XwR0&list=PLu0W_9lII9ahKZ42vg2w9ERPmShYbYAB7
Git and GitHub[1.1 Hr]:https://www.youtube.com/watch?v=gwWKnnCMQ5c&list=PLu0W_9lII9ahKZ42vg2w9ERPmShYbYAB7

►Complete course [playlist]:
React: https://www.youtube.com/playlist?list=PLu0W_9lII9agx66oZnT6IyhcMIbUMNMdt
Python-https://www.youtube.com/playlist?list=PLu0W_9lII9agICnT8t4iYVSZ3eykIAOME
OOP Python-https://www.youtube.com/playlist?list=PLu0W_9lII9ahfRrhFcoB-4lpp9YaBmdCP
Java:https://www.youtube.com/playlist?list=PLu0W_9lII9agS67Uits0UnJyrYiXhDS6q
JavaScript- https://www.youtube.com/playlist?list=PLu0W_9lII9ajyk081To1Cbt2eI5913SsL
PHP-https://www.youtube.com/playlist?list=PLu0W_9lII9aikXkRE0WxDt1vozo3hnmtR
C-https://www.youtube.com/playlist?list=PLu0W_9lII9aiXlHcLx-mDH1Qul38wD3aR
C++-https://www.youtube.com/playlist?list=PLu0W_9lII9agpFUAlPFe_VNSlXW5uE0YL
Git & GitHub-https://www.youtube.com/playlist?list=PLu0W_9lII9ahVQekD7ePHmnirTePXwIln
Android Dev- https://www.youtube.com/playlist?list=PLu0W_9lII9aiL0kysYlfSOUgY5rNlOhUd
Python GUI- https://www.youtube.com/playlist?list=PLu0W_9lII9ajLcqRcj4PoEihkukF_OTzA
Web Development- https://www.youtube.com/playlist?list=PLu0W_9lII9agiCUZYRsvtGTXdxkzPyItg
Python Django:https://www.youtube.com/playlist?list=PLu0W_9lII9ah7DDtYtflgwMwpT3xmjXY9
Projects Using HTML, CSS & Javascript- https://www.youtube.com/playlist?list=PLu0W_9lII9aiQiOwthuSvinxoflmhRxM3
Data Structure and Algo:https://www.youtube.com/playlist?list=PLu0W_9lII9ahIappRPN0MCAgtOu3lQjQi 

Follow Me On Social Media
►Website (created using Django Rest & Angular): https://www.codewithharry.com
►Facebook: https://www.facebook.com/CodeWithHarry
►Instagram: https://www.instagram.com/codewithharry/ 
Twitter: https://twitter.com/CodeWithHarry
Comment ""#HarryBhai"" if you read this 😉😉",https://i.ytimg.com/vi/NoWRBo3Uf8E/maxresdefault.jpg,CodeWithHarry,335901,10062,768,1040,17:20,"17 Minutes, 20 Seconds",2023-12-28T16:27:04,https://www.youtube.com/watch?v=NoWRBo3Uf8E
CommonJs Vs EcmaScript Modules | Sigma Web Development Course - Tutorial #86,"Latest Udemy Web dev Course With Certificate: https://goharry.in/webdev
Access the Sigma web development course playlist: https://www.youtube.com/playlist?list=PLu0W_9lII9agq5TrH9XLIKQvv0iaF2X3w
➡️ Source Code: https://github.com/CodeWithHarry/Sigma-Web-Dev-Course
➡️ Notes and CheatSheets: https://www.codewithharry.com/notes/
➡️ English Subtitles are now up for all the videos!

►Checkout my English channel here: https://www.youtube.com/channel/UC7btqG2Ww0_2LwuQxpvo2HQ
►Instagram: www.instagram.com/codewithharry

Download UltraEdit Trial for Free: https://bit.ly/UltraEdit-CWH

python, C, C++, Java, JavaScript and Other Cheatsheets [++]:
Playlist: https://www.youtube.com/playlist?list=PLu0W_9lII9agrsRZjFECeFuWY5ev2pQlk

►Learn in One Video[++]:
Python Course with 5 Projects: https://www.youtube.com/watch?v=fqF9M92jzUo
Python[15 Hr]: https://www.youtube.com/watch?v=gfDE2a7MKjA&list=PLu0W_9lII9ahKZ42vg2w9ERPmShYbYAB7
Python Advance[3.5 Hr]: https://www.youtube.com/watch?v=61a7UkDO50s&list=PLu0W_9lII9ahKZ42vg2w9ERPmShYbYAB7
Python[1 Hr]: https://www.youtube.com/watch?v=qHJjMvHLJdg&list=PLu0W_9lII9ahKZ42vg2w9ERPmShYbYAB7
Python[2 Hr]: https://www.youtube.com/watch?v=ihk_Xglr164&list=PLu0W_9lII9ahKZ42vg2w9ERPmShYbYAB7
Python[15 Min]:https://www.youtube.com/watch?v=fr1f84rg4Nw&list=PLu0W_9lII9ahKZ42vg2w9ERPmShYbYAB7
JavaScript[1 Hr]: https://www.youtube.com/watch?v=onbBV0uFVpo&list=PLu0W_9lII9ahKZ42vg2w9ERPmShYbYAB7
C[1.3 Hr]-https://www.youtube.com/watch?v=YXcgD8hRHYY&list=PLu0W_9lII9ahKZ42vg2w9ERPmShYbYAB7
php[1 Hr]: https://www.youtube.com/watch?v=xW7ro3lwaCI&list=PLu0W_9lII9ahKZ42vg2w9ERPmShYbYAB7
php[2.3 Hr]:https://www.youtube.com/watch?v=1SnPKhCdlsU&list=PLu0W_9lII9ahKZ42vg2w9ERPmShYbYAB7
php[Project]- https://www.youtube.com/watch?v=-al2bECumKg&list=PLu0W_9lII9ahKZ42vg2w9ERPmShYbYAB7
HTML[30 Min]:https://www.youtube.com/watch?v=E3ByCRqE7Lo&list=PLu0W_9lII9ahKZ42vg2w9ERPmShYbYAB7
CSS[8.5 Hr]:https://www.youtube.com/watch?v=Edsxf_NBFrw&list=PLu0W_9lII9ahKZ42vg2w9ERPmShYbYAB7
CSS[1.4 Hr]:https://www.youtube.com/watch?v=u5-K_ua9sOw&list=PLu0W_9lII9ahKZ42vg2w9ERPmShYbYAB7
Wordpress[3.2 Hr]:https://www.youtube.com/watch?v=GlLRYml8mCY&list=PLu0W_9lII9ahKZ42vg2w9ERPmShYbYAB7
Angular[2 Hr]:https://www.youtube.com/watch?v=0LhBvp8qpro&list=PLu0W_9lII9ahKZ42vg2w9ERPmShYbYAB7
Java[2.3 Hr]:https://www.youtube.com/watch?v=rV_3Lewxx6o&list=PLu0W_9lII9ahKZ42vg2w9ERPmShYbYAB7
Web Scraping[1 Hr]:https://www.youtube.com/watch?v=uufDGjTuq34&list=PLu0W_9lII9ahKZ42vg2w9ERPmShYbYAB7
MongoDB[2 Hr]:https://www.youtube.com/watch?v=oSIv-E60NiU&list=PLu0W_9lII9ahKZ42vg2w9ERPmShYbYAB7
Numpy[1 Hr]:https://www.youtube.com/watch?v=Rbh1rieb3zc&list=PLu0W_9lII9ahKZ42vg2w9ERPmShYbYAB7
Android Dev[12 Hr]- https://www.youtube.com/watch?v=mXjZQX3UzOs
Linux[1 Hr]:https://www.youtube.com/watch?v=_tCY-c-sPZc&list=PLu0W_9lII9ahKZ42vg2w9ERPmShYbYAB7
JQuery[1.1 Hr]:https://www.youtube.com/watch?v=YFlx1C8XwR0&list=PLu0W_9lII9ahKZ42vg2w9ERPmShYbYAB7
Git and GitHub[1.1 Hr]:https://www.youtube.com/watch?v=gwWKnnCMQ5c&list=PLu0W_9lII9ahKZ42vg2w9ERPmShYbYAB7

►Complete course [playlist]:
React: https://www.youtube.com/playlist?list=PLu0W_9lII9agx66oZnT6IyhcMIbUMNMdt
Python-https://www.youtube.com/playlist?list=PLu0W_9lII9agICnT8t4iYVSZ3eykIAOME
OOP Python-https://www.youtube.com/playlist?list=PLu0W_9lII9ahfRrhFcoB-4lpp9YaBmdCP
Java:https://www.youtube.com/playlist?list=PLu0W_9lII9agS67Uits0UnJyrYiXhDS6q
JavaScript- https://www.youtube.com/playlist?list=PLu0W_9lII9ajyk081To1Cbt2eI5913SsL
PHP-https://www.youtube.com/playlist?list=PLu0W_9lII9aikXkRE0WxDt1vozo3hnmtR
C-https://www.youtube.com/playlist?list=PLu0W_9lII9aiXlHcLx-mDH1Qul38wD3aR
C++-https://www.youtube.com/playlist?list=PLu0W_9lII9agpFUAlPFe_VNSlXW5uE0YL
Git & GitHub-https://www.youtube.com/playlist?list=PLu0W_9lII9ahVQekD7ePHmnirTePXwIln
Android Dev- https://www.youtube.com/playlist?list=PLu0W_9lII9aiL0kysYlfSOUgY5rNlOhUd
Python GUI- https://www.youtube.com/playlist?list=PLu0W_9lII9ajLcqRcj4PoEihkukF_OTzA
Web Development- https://www.youtube.com/playlist?list=PLu0W_9lII9agiCUZYRsvtGTXdxkzPyItg
Python Django:https://www.youtube.com/playlist?list=PLu0W_9lII9ah7DDtYtflgwMwpT3xmjXY9
Projects Using HTML, CSS & Javascript- https://www.youtube.com/playlist?list=PLu0W_9lII9aiQiOwthuSvinxoflmhRxM3
Data Structure and Algo:https://www.youtube.com/playlist?list=PLu0W_9lII9ahIappRPN0MCAgtOu3lQjQi 

Follow Me On Social Media
►Website (created using Django Rest & Angular): https://www.codewithharry.com
►Facebook: https://www.facebook.com/CodeWithHarry
►Instagram: https://www.instagram.com/codewithharry/ 
Twitter: https://twitter.com/CodeWithHarry
Comment ""#HarryBhai"" if you read this 😉😉",https://i.ytimg.com/vi/bU69doALJGU/maxresdefault.jpg,CodeWithHarry,192328,5596,474,1066,17:46,"17 Minutes, 46 Seconds",2024-01-02T10:56:57,https://www.youtube.com/watch?v=bU69doALJGU
Working with Files: fs and path Modules | Sigma Web Development Course - Tutorial #87,"Latest Udemy Web dev Course With Certificate: https://goharry.in/webdev
Access the Sigma web development course playlist: https://www.youtube.com/playlist?list=PLu0W_9lII9agq5TrH9XLIKQvv0iaF2X3w
➡️ Source Code: https://github.com/CodeWithHarry/Sigma-Web-Dev-Course
➡️ Notes and CheatSheets: https://www.codewithharry.com/notes/
➡️ English Subtitles are now up for all the videos!

TimeStamps ⌚
00:00 Introduction
00:18 Sigma Web Developer Intro
00:28 FS Module
01:42 Creating a File
04:49 Reading a File
05:43 Callback Hell
06:47 Appending a File
08:49 Promises
11:43 Path Module
16:04 Read the Docs!
17:09 Sigma Outro
►Checkout my English channel here: https://www.youtube.com/channel/UC7btqG2Ww0_2LwuQxpvo2HQ
►Instagram: www.instagram.com/codewithharry

Download UltraEdit Trial for Free: https://bit.ly/UltraEdit-CWH

python, C, C++, Java, JavaScript and Other Cheatsheets [++]:
Playlist: https://www.youtube.com/playlist?list=PLu0W_9lII9agrsRZjFECeFuWY5ev2pQlk

►Learn in One Video[++]:
Python Course with 5 Projects: https://www.youtube.com/watch?v=fqF9M92jzUo
Python[15 Hr]: https://www.youtube.com/watch?v=gfDE2a7MKjA&list=PLu0W_9lII9ahKZ42vg2w9ERPmShYbYAB7
Python Advance[3.5 Hr]: https://www.youtube.com/watch?v=61a7UkDO50s&list=PLu0W_9lII9ahKZ42vg2w9ERPmShYbYAB7
Python[1 Hr]: https://www.youtube.com/watch?v=qHJjMvHLJdg&list=PLu0W_9lII9ahKZ42vg2w9ERPmShYbYAB7
Python[2 Hr]: https://www.youtube.com/watch?v=ihk_Xglr164&list=PLu0W_9lII9ahKZ42vg2w9ERPmShYbYAB7
Python[15 Min]:https://www.youtube.com/watch?v=fr1f84rg4Nw&list=PLu0W_9lII9ahKZ42vg2w9ERPmShYbYAB7
JavaScript[1 Hr]: https://www.youtube.com/watch?v=onbBV0uFVpo&list=PLu0W_9lII9ahKZ42vg2w9ERPmShYbYAB7
C[1.3 Hr]-https://www.youtube.com/watch?v=YXcgD8hRHYY&list=PLu0W_9lII9ahKZ42vg2w9ERPmShYbYAB7
php[1 Hr]: https://www.youtube.com/watch?v=xW7ro3lwaCI&list=PLu0W_9lII9ahKZ42vg2w9ERPmShYbYAB7
php[2.3 Hr]:https://www.youtube.com/watch?v=1SnPKhCdlsU&list=PLu0W_9lII9ahKZ42vg2w9ERPmShYbYAB7
php[Project]- https://www.youtube.com/watch?v=-al2bECumKg&list=PLu0W_9lII9ahKZ42vg2w9ERPmShYbYAB7
HTML[30 Min]:https://www.youtube.com/watch?v=E3ByCRqE7Lo&list=PLu0W_9lII9ahKZ42vg2w9ERPmShYbYAB7
CSS[8.5 Hr]:https://www.youtube.com/watch?v=Edsxf_NBFrw&list=PLu0W_9lII9ahKZ42vg2w9ERPmShYbYAB7
CSS[1.4 Hr]:https://www.youtube.com/watch?v=u5-K_ua9sOw&list=PLu0W_9lII9ahKZ42vg2w9ERPmShYbYAB7
Wordpress[3.2 Hr]:https://www.youtube.com/watch?v=GlLRYml8mCY&list=PLu0W_9lII9ahKZ42vg2w9ERPmShYbYAB7
Angular[2 Hr]:https://www.youtube.com/watch?v=0LhBvp8qpro&list=PLu0W_9lII9ahKZ42vg2w9ERPmShYbYAB7
Java[2.3 Hr]:https://www.youtube.com/watch?v=rV_3Lewxx6o&list=PLu0W_9lII9ahKZ42vg2w9ERPmShYbYAB7
Web Scraping[1 Hr]:https://www.youtube.com/watch?v=uufDGjTuq34&list=PLu0W_9lII9ahKZ42vg2w9ERPmShYbYAB7
MongoDB[2 Hr]:https://www.youtube.com/watch?v=oSIv-E60NiU&list=PLu0W_9lII9ahKZ42vg2w9ERPmShYbYAB7
Numpy[1 Hr]:https://www.youtube.com/watch?v=Rbh1rieb3zc&list=PLu0W_9lII9ahKZ42vg2w9ERPmShYbYAB7
Android Dev[12 Hr]- https://www.youtube.com/watch?v=mXjZQX3UzOs
Linux[1 Hr]:https://www.youtube.com/watch?v=_tCY-c-sPZc&list=PLu0W_9lII9ahKZ42vg2w9ERPmShYbYAB7
JQuery[1.1 Hr]:https://www.youtube.com/watch?v=YFlx1C8XwR0&list=PLu0W_9lII9ahKZ42vg2w9ERPmShYbYAB7
Git and GitHub[1.1 Hr]:https://www.youtube.com/watch?v=gwWKnnCMQ5c&list=PLu0W_9lII9ahKZ42vg2w9ERPmShYbYAB7

►Complete course [playlist]:
React: https://www.youtube.com/playlist?list=PLu0W_9lII9agx66oZnT6IyhcMIbUMNMdt
Python-https://www.youtube.com/playlist?list=PLu0W_9lII9agICnT8t4iYVSZ3eykIAOME
OOP Python-https://www.youtube.com/playlist?list=PLu0W_9lII9ahfRrhFcoB-4lpp9YaBmdCP
Java:https://www.youtube.com/playlist?list=PLu0W_9lII9agS67Uits0UnJyrYiXhDS6q
JavaScript- https://www.youtube.com/playlist?list=PLu0W_9lII9ajyk081To1Cbt2eI5913SsL
PHP-https://www.youtube.com/playlist?list=PLu0W_9lII9aikXkRE0WxDt1vozo3hnmtR
C-https://www.youtube.com/playlist?list=PLu0W_9lII9aiXlHcLx-mDH1Qul38wD3aR
C++-https://www.youtube.com/playlist?list=PLu0W_9lII9agpFUAlPFe_VNSlXW5uE0YL
Git & GitHub-https://www.youtube.com/playlist?list=PLu0W_9lII9ahVQekD7ePHmnirTePXwIln
Android Dev- https://www.youtube.com/playlist?list=PLu0W_9lII9aiL0kysYlfSOUgY5rNlOhUd
Python GUI- https://www.youtube.com/playlist?list=PLu0W_9lII9ajLcqRcj4PoEihkukF_OTzA
Web Development- https://www.youtube.com/playlist?list=PLu0W_9lII9agiCUZYRsvtGTXdxkzPyItg
Python Django:https://www.youtube.com/playlist?list=PLu0W_9lII9ah7DDtYtflgwMwpT3xmjXY9
Projects Using HTML, CSS & Javascript- https://www.youtube.com/playlist?list=PLu0W_9lII9aiQiOwthuSvinxoflmhRxM3
Data Structure and Algo:https://www.youtube.com/playlist?list=PLu0W_9lII9ahIappRPN0MCAgtOu3lQjQi 

Follow Me On Social Media
►Website (created using Django Rest & Angular): https://www.codewithharry.com
►Facebook: https://www.facebook.com/CodeWithHarry
►Instagram: https://www.instagram.com/codewithharry/ 
Twitter: https://twitter.com/CodeWithHarry
Comment ""#HarryBhai"" if you read this 😉😉",https://i.ytimg.com/vi/BTcmvrCTyNg/maxresdefault.jpg,CodeWithHarry,140946,4641,299,1052,17:32,"17 Minutes, 32 Seconds",2024-01-03T04:30:03,https://www.youtube.com/watch?v=BTcmvrCTyNg
Introduction to Express Js | Sigma Web Development Course - Tutorial #88,"Latest Udemy Web dev Course With Certificate: https://goharry.in/webdev
Access the Sigma web development course playlist: https://www.youtube.com/playlist?list=PLu0W_9lII9agq5TrH9XLIKQvv0iaF2X3w
➡️ Source Code: https://github.com/CodeWithHarry/Sigma-Web-Dev-Course
➡️ Notes and CheatSheets: https://www.codewithharry.com/notes/
➡️ English Subtitles are now up for all the videos!

►Checkout my English channel here: https://www.youtube.com/channel/UC7btqG2Ww0_2LwuQxpvo2HQ
►Instagram: www.instagram.com/codewithharry

Download UltraEdit Trial for Free: https://bit.ly/UltraEdit-CWH

python, C, C++, Java, JavaScript and Other Cheatsheets [++]:
Playlist: https://www.youtube.com/playlist?list=PLu0W_9lII9agrsRZjFECeFuWY5ev2pQlk

►Learn in One Video[++]:
Python Course with 5 Projects: https://www.youtube.com/watch?v=fqF9M92jzUo
Python[15 Hr]: https://www.youtube.com/watch?v=gfDE2a7MKjA&list=PLu0W_9lII9ahKZ42vg2w9ERPmShYbYAB7
Python Advance[3.5 Hr]: https://www.youtube.com/watch?v=61a7UkDO50s&list=PLu0W_9lII9ahKZ42vg2w9ERPmShYbYAB7
Python[1 Hr]: https://www.youtube.com/watch?v=qHJjMvHLJdg&list=PLu0W_9lII9ahKZ42vg2w9ERPmShYbYAB7
Python[2 Hr]: https://www.youtube.com/watch?v=ihk_Xglr164&list=PLu0W_9lII9ahKZ42vg2w9ERPmShYbYAB7
Python[15 Min]:https://www.youtube.com/watch?v=fr1f84rg4Nw&list=PLu0W_9lII9ahKZ42vg2w9ERPmShYbYAB7
JavaScript[1 Hr]: https://www.youtube.com/watch?v=onbBV0uFVpo&list=PLu0W_9lII9ahKZ42vg2w9ERPmShYbYAB7
C[1.3 Hr]-https://www.youtube.com/watch?v=YXcgD8hRHYY&list=PLu0W_9lII9ahKZ42vg2w9ERPmShYbYAB7
php[1 Hr]: https://www.youtube.com/watch?v=xW7ro3lwaCI&list=PLu0W_9lII9ahKZ42vg2w9ERPmShYbYAB7
php[2.3 Hr]:https://www.youtube.com/watch?v=1SnPKhCdlsU&list=PLu0W_9lII9ahKZ42vg2w9ERPmShYbYAB7
php[Project]- https://www.youtube.com/watch?v=-al2bECumKg&list=PLu0W_9lII9ahKZ42vg2w9ERPmShYbYAB7
HTML[30 Min]:https://www.youtube.com/watch?v=E3ByCRqE7Lo&list=PLu0W_9lII9ahKZ42vg2w9ERPmShYbYAB7
CSS[8.5 Hr]:https://www.youtube.com/watch?v=Edsxf_NBFrw&list=PLu0W_9lII9ahKZ42vg2w9ERPmShYbYAB7
CSS[1.4 Hr]:https://www.youtube.com/watch?v=u5-K_ua9sOw&list=PLu0W_9lII9ahKZ42vg2w9ERPmShYbYAB7
Wordpress[3.2 Hr]:https://www.youtube.com/watch?v=GlLRYml8mCY&list=PLu0W_9lII9ahKZ42vg2w9ERPmShYbYAB7
Angular[2 Hr]:https://www.youtube.com/watch?v=0LhBvp8qpro&list=PLu0W_9lII9ahKZ42vg2w9ERPmShYbYAB7
Java[2.3 Hr]:https://www.youtube.com/watch?v=rV_3Lewxx6o&list=PLu0W_9lII9ahKZ42vg2w9ERPmShYbYAB7
Web Scraping[1 Hr]:https://www.youtube.com/watch?v=uufDGjTuq34&list=PLu0W_9lII9ahKZ42vg2w9ERPmShYbYAB7
MongoDB[2 Hr]:https://www.youtube.com/watch?v=oSIv-E60NiU&list=PLu0W_9lII9ahKZ42vg2w9ERPmShYbYAB7
Numpy[1 Hr]:https://www.youtube.com/watch?v=Rbh1rieb3zc&list=PLu0W_9lII9ahKZ42vg2w9ERPmShYbYAB7
Android Dev[12 Hr]- https://www.youtube.com/watch?v=mXjZQX3UzOs
Linux[1 Hr]:https://www.youtube.com/watch?v=_tCY-c-sPZc&list=PLu0W_9lII9ahKZ42vg2w9ERPmShYbYAB7
JQuery[1.1 Hr]:https://www.youtube.com/watch?v=YFlx1C8XwR0&list=PLu0W_9lII9ahKZ42vg2w9ERPmShYbYAB7
Git and GitHub[1.1 Hr]:https://www.youtube.com/watch?v=gwWKnnCMQ5c&list=PLu0W_9lII9ahKZ42vg2w9ERPmShYbYAB7

►Complete course [playlist]:
React: https://www.youtube.com/playlist?list=PLu0W_9lII9agx66oZnT6IyhcMIbUMNMdt
Python-https://www.youtube.com/playlist?list=PLu0W_9lII9agICnT8t4iYVSZ3eykIAOME
OOP Python-https://www.youtube.com/playlist?list=PLu0W_9lII9ahfRrhFcoB-4lpp9YaBmdCP
Java:https://www.youtube.com/playlist?list=PLu0W_9lII9agS67Uits0UnJyrYiXhDS6q
JavaScript- https://www.youtube.com/playlist?list=PLu0W_9lII9ajyk081To1Cbt2eI5913SsL
PHP-https://www.youtube.com/playlist?list=PLu0W_9lII9aikXkRE0WxDt1vozo3hnmtR
C-https://www.youtube.com/playlist?list=PLu0W_9lII9aiXlHcLx-mDH1Qul38wD3aR
C++-https://www.youtube.com/playlist?list=PLu0W_9lII9agpFUAlPFe_VNSlXW5uE0YL
Git & GitHub-https://www.youtube.com/playlist?list=PLu0W_9lII9ahVQekD7ePHmnirTePXwIln
Android Dev- https://www.youtube.com/playlist?list=PLu0W_9lII9aiL0kysYlfSOUgY5rNlOhUd
Python GUI- https://www.youtube.com/playlist?list=PLu0W_9lII9ajLcqRcj4PoEihkukF_OTzA
Web Development- https://www.youtube.com/playlist?list=PLu0W_9lII9agiCUZYRsvtGTXdxkzPyItg
Python Django:https://www.youtube.com/playlist?list=PLu0W_9lII9ah7DDtYtflgwMwpT3xmjXY9
Projects Using HTML, CSS & Javascript- https://www.youtube.com/playlist?list=PLu0W_9lII9aiQiOwthuSvinxoflmhRxM3
Data Structure and Algo:https://www.youtube.com/playlist?list=PLu0W_9lII9ahIappRPN0MCAgtOu3lQjQi 

Follow Me On Social Media
►Website (created using Django Rest & Angular): https://www.codewithharry.com
►Facebook: https://www.facebook.com/CodeWithHarry
►Instagram: https://www.instagram.com/codewithharry/ 
Twitter: https://twitter.com/CodeWithHarry
Comment ""#HarryBhai"" if you read this 😉😉",https://i.ytimg.com/vi/R11tvGM3nDY/maxresdefault.jpg,CodeWithHarry,185246,5813,779,1239,20:39,"20 Minutes, 39 Seconds",2024-01-05T04:30:07,https://www.youtube.com/watch?v=R11tvGM3nDY
"Response, Request and Routers in Express | Sigma Web Development Course - Tutorial #89","Latest Udemy Web dev Course With Certificate: https://goharry.in/webdev
Access the Sigma web development course playlist: https://www.youtube.com/playlist?list=PLu0W_9lII9agq5TrH9XLIKQvv0iaF2X3w
➡️ Source Code: https://github.com/CodeWithHarry/Sigma-Web-Dev-Course
➡️ Notes and CheatSheets: https://www.codewithharry.com/notes/
➡️ English Subtitles are now up for all the videos!

►Checkout my English channel here: https://www.youtube.com/channel/UC7btqG2Ww0_2LwuQxpvo2HQ
►Instagram: www.instagram.com/codewithharry

Download UltraEdit Trial for Free: https://bit.ly/UltraEdit-CWH

python, C, C++, Java, JavaScript and Other Cheatsheets [++]:
Playlist: https://www.youtube.com/playlist?list=PLu0W_9lII9agrsRZjFECeFuWY5ev2pQlk

►Learn in One Video[++]:
Python Course with 5 Projects: https://www.youtube.com/watch?v=fqF9M92jzUo
Python[15 Hr]: https://www.youtube.com/watch?v=gfDE2a7MKjA&list=PLu0W_9lII9ahKZ42vg2w9ERPmShYbYAB7
Python Advance[3.5 Hr]: https://www.youtube.com/watch?v=61a7UkDO50s&list=PLu0W_9lII9ahKZ42vg2w9ERPmShYbYAB7
Python[1 Hr]: https://www.youtube.com/watch?v=qHJjMvHLJdg&list=PLu0W_9lII9ahKZ42vg2w9ERPmShYbYAB7
Python[2 Hr]: https://www.youtube.com/watch?v=ihk_Xglr164&list=PLu0W_9lII9ahKZ42vg2w9ERPmShYbYAB7
Python[15 Min]:https://www.youtube.com/watch?v=fr1f84rg4Nw&list=PLu0W_9lII9ahKZ42vg2w9ERPmShYbYAB7
JavaScript[1 Hr]: https://www.youtube.com/watch?v=onbBV0uFVpo&list=PLu0W_9lII9ahKZ42vg2w9ERPmShYbYAB7
C[1.3 Hr]-https://www.youtube.com/watch?v=YXcgD8hRHYY&list=PLu0W_9lII9ahKZ42vg2w9ERPmShYbYAB7
php[1 Hr]: https://www.youtube.com/watch?v=xW7ro3lwaCI&list=PLu0W_9lII9ahKZ42vg2w9ERPmShYbYAB7
php[2.3 Hr]:https://www.youtube.com/watch?v=1SnPKhCdlsU&list=PLu0W_9lII9ahKZ42vg2w9ERPmShYbYAB7
php[Project]- https://www.youtube.com/watch?v=-al2bECumKg&list=PLu0W_9lII9ahKZ42vg2w9ERPmShYbYAB7
HTML[30 Min]:https://www.youtube.com/watch?v=E3ByCRqE7Lo&list=PLu0W_9lII9ahKZ42vg2w9ERPmShYbYAB7
CSS[8.5 Hr]:https://www.youtube.com/watch?v=Edsxf_NBFrw&list=PLu0W_9lII9ahKZ42vg2w9ERPmShYbYAB7
CSS[1.4 Hr]:https://www.youtube.com/watch?v=u5-K_ua9sOw&list=PLu0W_9lII9ahKZ42vg2w9ERPmShYbYAB7
Wordpress[3.2 Hr]:https://www.youtube.com/watch?v=GlLRYml8mCY&list=PLu0W_9lII9ahKZ42vg2w9ERPmShYbYAB7
Angular[2 Hr]:https://www.youtube.com/watch?v=0LhBvp8qpro&list=PLu0W_9lII9ahKZ42vg2w9ERPmShYbYAB7
Java[2.3 Hr]:https://www.youtube.com/watch?v=rV_3Lewxx6o&list=PLu0W_9lII9ahKZ42vg2w9ERPmShYbYAB7
Web Scraping[1 Hr]:https://www.youtube.com/watch?v=uufDGjTuq34&list=PLu0W_9lII9ahKZ42vg2w9ERPmShYbYAB7
MongoDB[2 Hr]:https://www.youtube.com/watch?v=oSIv-E60NiU&list=PLu0W_9lII9ahKZ42vg2w9ERPmShYbYAB7
Numpy[1 Hr]:https://www.youtube.com/watch?v=Rbh1rieb3zc&list=PLu0W_9lII9ahKZ42vg2w9ERPmShYbYAB7
Android Dev[12 Hr]- https://www.youtube.com/watch?v=mXjZQX3UzOs
Linux[1 Hr]:https://www.youtube.com/watch?v=_tCY-c-sPZc&list=PLu0W_9lII9ahKZ42vg2w9ERPmShYbYAB7
JQuery[1.1 Hr]:https://www.youtube.com/watch?v=YFlx1C8XwR0&list=PLu0W_9lII9ahKZ42vg2w9ERPmShYbYAB7
Git and GitHub[1.1 Hr]:https://www.youtube.com/watch?v=gwWKnnCMQ5c&list=PLu0W_9lII9ahKZ42vg2w9ERPmShYbYAB7

►Complete course [playlist]:
React: https://www.youtube.com/playlist?list=PLu0W_9lII9agx66oZnT6IyhcMIbUMNMdt
Python-https://www.youtube.com/playlist?list=PLu0W_9lII9agICnT8t4iYVSZ3eykIAOME
OOP Python-https://www.youtube.com/playlist?list=PLu0W_9lII9ahfRrhFcoB-4lpp9YaBmdCP
Java:https://www.youtube.com/playlist?list=PLu0W_9lII9agS67Uits0UnJyrYiXhDS6q
JavaScript- https://www.youtube.com/playlist?list=PLu0W_9lII9ajyk081To1Cbt2eI5913SsL
PHP-https://www.youtube.com/playlist?list=PLu0W_9lII9aikXkRE0WxDt1vozo3hnmtR
C-https://www.youtube.com/playlist?list=PLu0W_9lII9aiXlHcLx-mDH1Qul38wD3aR
C++-https://www.youtube.com/playlist?list=PLu0W_9lII9agpFUAlPFe_VNSlXW5uE0YL
Git & GitHub-https://www.youtube.com/playlist?list=PLu0W_9lII9ahVQekD7ePHmnirTePXwIln
Android Dev- https://www.youtube.com/playlist?list=PLu0W_9lII9aiL0kysYlfSOUgY5rNlOhUd
Python GUI- https://www.youtube.com/playlist?list=PLu0W_9lII9ajLcqRcj4PoEihkukF_OTzA
Web Development- https://www.youtube.com/playlist?list=PLu0W_9lII9agiCUZYRsvtGTXdxkzPyItg
Python Django:https://www.youtube.com/playlist?list=PLu0W_9lII9ah7DDtYtflgwMwpT3xmjXY9
Projects Using HTML, CSS & Javascript- https://www.youtube.com/playlist?list=PLu0W_9lII9aiQiOwthuSvinxoflmhRxM3
Data Structure and Algo:https://www.youtube.com/playlist?list=PLu0W_9lII9ahIappRPN0MCAgtOu3lQjQi 

Follow Me On Social Media
►Website (created using Django Rest & Angular): https://www.codewithharry.com
►Facebook: https://www.facebook.com/CodeWithHarry
►Instagram: https://www.instagram.com/codewithharry/ 
Twitter: https://twitter.com/CodeWithHarry
Comment ""#HarryBhai"" if you read this 😉😉",https://i.ytimg.com/vi/SksvlZM-5Sk/maxresdefault.jpg,CodeWithHarry,161722,4708,404,1675,27:55,"27 Minutes, 55 Seconds",2024-01-05T14:57:21,https://www.youtube.com/watch?v=SksvlZM-5Sk
Middlewares in Express Js | Sigma Web Development Course - Tutorial #90,"Latest Udemy Web dev Course With Certificate: https://goharry.in/webdev
Access the Sigma web development course playlist: https://www.youtube.com/playlist?list=PLu0W_9lII9agq5TrH9XLIKQvv0iaF2X3w
➡️ Source Code: https://github.com/CodeWithHarry/Sigma-Web-Dev-Course
➡️ Notes and CheatSheets: https://www.codewithharry.com/notes/
➡️ English Subtitles are now up for all the videos!

►Checkout my English channel here: https://www.youtube.com/channel/UC7btqG2Ww0_2LwuQxpvo2HQ
►Instagram: www.instagram.com/codewithharry

Download UltraEdit Trial for Free: https://bit.ly/UltraEdit-CWH

python, C, C++, Java, JavaScript and Other Cheatsheets [++]:
Playlist: https://www.youtube.com/playlist?list=PLu0W_9lII9agrsRZjFECeFuWY5ev2pQlk

►Learn in One Video[++]:
Python Course with 5 Projects: https://www.youtube.com/watch?v=fqF9M92jzUo
Python[15 Hr]: https://www.youtube.com/watch?v=gfDE2a7MKjA&list=PLu0W_9lII9ahKZ42vg2w9ERPmShYbYAB7
Python Advance[3.5 Hr]: https://www.youtube.com/watch?v=61a7UkDO50s&list=PLu0W_9lII9ahKZ42vg2w9ERPmShYbYAB7
Python[1 Hr]: https://www.youtube.com/watch?v=qHJjMvHLJdg&list=PLu0W_9lII9ahKZ42vg2w9ERPmShYbYAB7
Python[2 Hr]: https://www.youtube.com/watch?v=ihk_Xglr164&list=PLu0W_9lII9ahKZ42vg2w9ERPmShYbYAB7
Python[15 Min]:https://www.youtube.com/watch?v=fr1f84rg4Nw&list=PLu0W_9lII9ahKZ42vg2w9ERPmShYbYAB7
JavaScript[1 Hr]: https://www.youtube.com/watch?v=onbBV0uFVpo&list=PLu0W_9lII9ahKZ42vg2w9ERPmShYbYAB7
C[1.3 Hr]-https://www.youtube.com/watch?v=YXcgD8hRHYY&list=PLu0W_9lII9ahKZ42vg2w9ERPmShYbYAB7
php[1 Hr]: https://www.youtube.com/watch?v=xW7ro3lwaCI&list=PLu0W_9lII9ahKZ42vg2w9ERPmShYbYAB7
php[2.3 Hr]:https://www.youtube.com/watch?v=1SnPKhCdlsU&list=PLu0W_9lII9ahKZ42vg2w9ERPmShYbYAB7
php[Project]- https://www.youtube.com/watch?v=-al2bECumKg&list=PLu0W_9lII9ahKZ42vg2w9ERPmShYbYAB7
HTML[30 Min]:https://www.youtube.com/watch?v=E3ByCRqE7Lo&list=PLu0W_9lII9ahKZ42vg2w9ERPmShYbYAB7
CSS[8.5 Hr]:https://www.youtube.com/watch?v=Edsxf_NBFrw&list=PLu0W_9lII9ahKZ42vg2w9ERPmShYbYAB7
CSS[1.4 Hr]:https://www.youtube.com/watch?v=u5-K_ua9sOw&list=PLu0W_9lII9ahKZ42vg2w9ERPmShYbYAB7
Wordpress[3.2 Hr]:https://www.youtube.com/watch?v=GlLRYml8mCY&list=PLu0W_9lII9ahKZ42vg2w9ERPmShYbYAB7
Angular[2 Hr]:https://www.youtube.com/watch?v=0LhBvp8qpro&list=PLu0W_9lII9ahKZ42vg2w9ERPmShYbYAB7
Java[2.3 Hr]:https://www.youtube.com/watch?v=rV_3Lewxx6o&list=PLu0W_9lII9ahKZ42vg2w9ERPmShYbYAB7
Web Scraping[1 Hr]:https://www.youtube.com/watch?v=uufDGjTuq34&list=PLu0W_9lII9ahKZ42vg2w9ERPmShYbYAB7
MongoDB[2 Hr]:https://www.youtube.com/watch?v=oSIv-E60NiU&list=PLu0W_9lII9ahKZ42vg2w9ERPmShYbYAB7
Numpy[1 Hr]:https://www.youtube.com/watch?v=Rbh1rieb3zc&list=PLu0W_9lII9ahKZ42vg2w9ERPmShYbYAB7
Android Dev[12 Hr]- https://www.youtube.com/watch?v=mXjZQX3UzOs
Linux[1 Hr]:https://www.youtube.com/watch?v=_tCY-c-sPZc&list=PLu0W_9lII9ahKZ42vg2w9ERPmShYbYAB7
JQuery[1.1 Hr]:https://www.youtube.com/watch?v=YFlx1C8XwR0&list=PLu0W_9lII9ahKZ42vg2w9ERPmShYbYAB7
Git and GitHub[1.1 Hr]:https://www.youtube.com/watch?v=gwWKnnCMQ5c&list=PLu0W_9lII9ahKZ42vg2w9ERPmShYbYAB7

►Complete course [playlist]:
React: https://www.youtube.com/playlist?list=PLu0W_9lII9agx66oZnT6IyhcMIbUMNMdt
Python-https://www.youtube.com/playlist?list=PLu0W_9lII9agICnT8t4iYVSZ3eykIAOME
OOP Python-https://www.youtube.com/playlist?list=PLu0W_9lII9ahfRrhFcoB-4lpp9YaBmdCP
Java:https://www.youtube.com/playlist?list=PLu0W_9lII9agS67Uits0UnJyrYiXhDS6q
JavaScript- https://www.youtube.com/playlist?list=PLu0W_9lII9ajyk081To1Cbt2eI5913SsL
PHP-https://www.youtube.com/playlist?list=PLu0W_9lII9aikXkRE0WxDt1vozo3hnmtR
C-https://www.youtube.com/playlist?list=PLu0W_9lII9aiXlHcLx-mDH1Qul38wD3aR
C++-https://www.youtube.com/playlist?list=PLu0W_9lII9agpFUAlPFe_VNSlXW5uE0YL
Git & GitHub-https://www.youtube.com/playlist?list=PLu0W_9lII9ahVQekD7ePHmnirTePXwIln
Android Dev- https://www.youtube.com/playlist?list=PLu0W_9lII9aiL0kysYlfSOUgY5rNlOhUd
Python GUI- https://www.youtube.com/playlist?list=PLu0W_9lII9ajLcqRcj4PoEihkukF_OTzA
Web Development- https://www.youtube.com/playlist?list=PLu0W_9lII9agiCUZYRsvtGTXdxkzPyItg
Python Django:https://www.youtube.com/playlist?list=PLu0W_9lII9ah7DDtYtflgwMwpT3xmjXY9
Projects Using HTML, CSS & Javascript- https://www.youtube.com/playlist?list=PLu0W_9lII9aiQiOwthuSvinxoflmhRxM3
Data Structure and Algo:https://www.youtube.com/playlist?list=PLu0W_9lII9ahIappRPN0MCAgtOu3lQjQi 

Follow Me On Social Media
►Website (created using Django Rest & Angular): https://www.codewithharry.com
►Facebook: https://www.facebook.com/CodeWithHarry
►Instagram: https://www.instagram.com/codewithharry/ 
Twitter: https://twitter.com/CodeWithHarry
Comment ""#HarryBhai"" if you read this 😉😉",https://i.ytimg.com/vi/VELNPK0dK84/maxresdefault.jpg,CodeWithHarry,130301,5073,384,1145,19:05,"19 Minutes, 5 Seconds",2024-01-06T10:42:33,https://www.youtube.com/watch?v=VELNPK0dK84
Exercise 15 - Clear the Clutter | Sigma Web Development Course - Tutorial #91,"Latest Udemy Web dev Course With Certificate: https://goharry.in/webdev
Access the Sigma web development course playlist: https://www.youtube.com/playlist?list=PLu0W_9lII9agq5TrH9XLIKQvv0iaF2X3w
➡️ Source Code: https://github.com/CodeWithHarry/Sigma-Web-Dev-Course
➡️ Notes and CheatSheets: https://www.codewithharry.com/notes/
➡️ English Subtitles are now up for all the videos!

►Checkout my English channel here: https://www.youtube.com/channel/UC7btqG2Ww0_2LwuQxpvo2HQ
►Instagram: www.instagram.com/codewithharry

Download UltraEdit Trial for Free: https://bit.ly/UltraEdit-CWH

python, C, C++, Java, JavaScript and Other Cheatsheets [++]:
Playlist: https://www.youtube.com/playlist?list=PLu0W_9lII9agrsRZjFECeFuWY5ev2pQlk

►Learn in One Video[++]:
Python Course with 5 Projects: https://www.youtube.com/watch?v=fqF9M92jzUo
Python[15 Hr]: https://www.youtube.com/watch?v=gfDE2a7MKjA&list=PLu0W_9lII9ahKZ42vg2w9ERPmShYbYAB7
Python Advance[3.5 Hr]: https://www.youtube.com/watch?v=61a7UkDO50s&list=PLu0W_9lII9ahKZ42vg2w9ERPmShYbYAB7
Python[1 Hr]: https://www.youtube.com/watch?v=qHJjMvHLJdg&list=PLu0W_9lII9ahKZ42vg2w9ERPmShYbYAB7
Python[2 Hr]: https://www.youtube.com/watch?v=ihk_Xglr164&list=PLu0W_9lII9ahKZ42vg2w9ERPmShYbYAB7
Python[15 Min]:https://www.youtube.com/watch?v=fr1f84rg4Nw&list=PLu0W_9lII9ahKZ42vg2w9ERPmShYbYAB7
JavaScript[1 Hr]: https://www.youtube.com/watch?v=onbBV0uFVpo&list=PLu0W_9lII9ahKZ42vg2w9ERPmShYbYAB7
C[1.3 Hr]-https://www.youtube.com/watch?v=YXcgD8hRHYY&list=PLu0W_9lII9ahKZ42vg2w9ERPmShYbYAB7
php[1 Hr]: https://www.youtube.com/watch?v=xW7ro3lwaCI&list=PLu0W_9lII9ahKZ42vg2w9ERPmShYbYAB7
php[2.3 Hr]:https://www.youtube.com/watch?v=1SnPKhCdlsU&list=PLu0W_9lII9ahKZ42vg2w9ERPmShYbYAB7
php[Project]- https://www.youtube.com/watch?v=-al2bECumKg&list=PLu0W_9lII9ahKZ42vg2w9ERPmShYbYAB7
HTML[30 Min]:https://www.youtube.com/watch?v=E3ByCRqE7Lo&list=PLu0W_9lII9ahKZ42vg2w9ERPmShYbYAB7
CSS[8.5 Hr]:https://www.youtube.com/watch?v=Edsxf_NBFrw&list=PLu0W_9lII9ahKZ42vg2w9ERPmShYbYAB7
CSS[1.4 Hr]:https://www.youtube.com/watch?v=u5-K_ua9sOw&list=PLu0W_9lII9ahKZ42vg2w9ERPmShYbYAB7
Wordpress[3.2 Hr]:https://www.youtube.com/watch?v=GlLRYml8mCY&list=PLu0W_9lII9ahKZ42vg2w9ERPmShYbYAB7
Angular[2 Hr]:https://www.youtube.com/watch?v=0LhBvp8qpro&list=PLu0W_9lII9ahKZ42vg2w9ERPmShYbYAB7
Java[2.3 Hr]:https://www.youtube.com/watch?v=rV_3Lewxx6o&list=PLu0W_9lII9ahKZ42vg2w9ERPmShYbYAB7
Web Scraping[1 Hr]:https://www.youtube.com/watch?v=uufDGjTuq34&list=PLu0W_9lII9ahKZ42vg2w9ERPmShYbYAB7
MongoDB[2 Hr]:https://www.youtube.com/watch?v=oSIv-E60NiU&list=PLu0W_9lII9ahKZ42vg2w9ERPmShYbYAB7
Numpy[1 Hr]:https://www.youtube.com/watch?v=Rbh1rieb3zc&list=PLu0W_9lII9ahKZ42vg2w9ERPmShYbYAB7
Android Dev[12 Hr]- https://www.youtube.com/watch?v=mXjZQX3UzOs
Linux[1 Hr]:https://www.youtube.com/watch?v=_tCY-c-sPZc&list=PLu0W_9lII9ahKZ42vg2w9ERPmShYbYAB7
JQuery[1.1 Hr]:https://www.youtube.com/watch?v=YFlx1C8XwR0&list=PLu0W_9lII9ahKZ42vg2w9ERPmShYbYAB7
Git and GitHub[1.1 Hr]:https://www.youtube.com/watch?v=gwWKnnCMQ5c&list=PLu0W_9lII9ahKZ42vg2w9ERPmShYbYAB7

►Complete course [playlist]:
React: https://www.youtube.com/playlist?list=PLu0W_9lII9agx66oZnT6IyhcMIbUMNMdt
Python-https://www.youtube.com/playlist?list=PLu0W_9lII9agICnT8t4iYVSZ3eykIAOME
OOP Python-https://www.youtube.com/playlist?list=PLu0W_9lII9ahfRrhFcoB-4lpp9YaBmdCP
Java:https://www.youtube.com/playlist?list=PLu0W_9lII9agS67Uits0UnJyrYiXhDS6q
JavaScript- https://www.youtube.com/playlist?list=PLu0W_9lII9ajyk081To1Cbt2eI5913SsL
PHP-https://www.youtube.com/playlist?list=PLu0W_9lII9aikXkRE0WxDt1vozo3hnmtR
C-https://www.youtube.com/playlist?list=PLu0W_9lII9aiXlHcLx-mDH1Qul38wD3aR
C++-https://www.youtube.com/playlist?list=PLu0W_9lII9agpFUAlPFe_VNSlXW5uE0YL
Git & GitHub-https://www.youtube.com/playlist?list=PLu0W_9lII9ahVQekD7ePHmnirTePXwIln
Android Dev- https://www.youtube.com/playlist?list=PLu0W_9lII9aiL0kysYlfSOUgY5rNlOhUd
Python GUI- https://www.youtube.com/playlist?list=PLu0W_9lII9ajLcqRcj4PoEihkukF_OTzA
Web Development- https://www.youtube.com/playlist?list=PLu0W_9lII9agiCUZYRsvtGTXdxkzPyItg
Python Django:https://www.youtube.com/playlist?list=PLu0W_9lII9ah7DDtYtflgwMwpT3xmjXY9
Projects Using HTML, CSS & Javascript- https://www.youtube.com/playlist?list=PLu0W_9lII9aiQiOwthuSvinxoflmhRxM3
Data Structure and Algo:https://www.youtube.com/playlist?list=PLu0W_9lII9ahIappRPN0MCAgtOu3lQjQi 

Follow Me On Social Media
►Website (created using Django Rest & Angular): https://www.codewithharry.com
►Facebook: https://www.facebook.com/CodeWithHarry
►Instagram: https://www.instagram.com/codewithharry/ 
Twitter: https://twitter.com/CodeWithHarry
Comment ""#HarryBhai"" if you read this 😉😉",https://i.ytimg.com/vi/1YSVEW3i8OQ/maxresdefault.jpg,CodeWithHarry,68306,3311,807,293,4:53,"4 Minutes, 53 Seconds",2024-01-09T13:55:44,https://www.youtube.com/watch?v=1YSVEW3i8OQ
ejs Template Engine in Express | Sigma Web Development Course - Tutorial #92,"Latest Udemy Web dev Course With Certificate: https://goharry.in/webdev
Latest Udemy Web dev Course With Certificate: https://goharry.in/webdev
Access the Sigma web development course playlist: https://www.youtube.com/playlist?list=PLu0W_9lII9agq5TrH9XLIKQvv0iaF2X3w
➡️ Source Code: https://github.com/CodeWithHarry/Sigma-Web-Dev-Course
➡️ Notes and CheatSheets: https://www.codewithharry.com/notes/
➡️ English Subtitles are now up for all the videos!

►Checkout my English channel here: https://www.youtube.com/channel/UC7btqG2Ww0_2LwuQxpvo2HQ
►Instagram: www.instagram.com/codewithharry

Download UltraEdit Trial for Free: https://bit.ly/UltraEdit-CWH

python, C, C++, Java, JavaScript and Other Cheatsheets [++]:
Playlist: https://www.youtube.com/playlist?list=PLu0W_9lII9agrsRZjFECeFuWY5ev2pQlk

►Learn in One Video[++]:
Python Course with 5 Projects: https://www.youtube.com/watch?v=fqF9M92jzUo
Python[15 Hr]: https://www.youtube.com/watch?v=gfDE2a7MKjA&list=PLu0W_9lII9ahKZ42vg2w9ERPmShYbYAB7
Python Advance[3.5 Hr]: https://www.youtube.com/watch?v=61a7UkDO50s&list=PLu0W_9lII9ahKZ42vg2w9ERPmShYbYAB7
Python[1 Hr]: https://www.youtube.com/watch?v=qHJjMvHLJdg&list=PLu0W_9lII9ahKZ42vg2w9ERPmShYbYAB7
Python[2 Hr]: https://www.youtube.com/watch?v=ihk_Xglr164&list=PLu0W_9lII9ahKZ42vg2w9ERPmShYbYAB7
Python[15 Min]:https://www.youtube.com/watch?v=fr1f84rg4Nw&list=PLu0W_9lII9ahKZ42vg2w9ERPmShYbYAB7
JavaScript[1 Hr]: https://www.youtube.com/watch?v=onbBV0uFVpo&list=PLu0W_9lII9ahKZ42vg2w9ERPmShYbYAB7
C[1.3 Hr]-https://www.youtube.com/watch?v=YXcgD8hRHYY&list=PLu0W_9lII9ahKZ42vg2w9ERPmShYbYAB7
php[1 Hr]: https://www.youtube.com/watch?v=xW7ro3lwaCI&list=PLu0W_9lII9ahKZ42vg2w9ERPmShYbYAB7
php[2.3 Hr]:https://www.youtube.com/watch?v=1SnPKhCdlsU&list=PLu0W_9lII9ahKZ42vg2w9ERPmShYbYAB7
php[Project]- https://www.youtube.com/watch?v=-al2bECumKg&list=PLu0W_9lII9ahKZ42vg2w9ERPmShYbYAB7
HTML[30 Min]:https://www.youtube.com/watch?v=E3ByCRqE7Lo&list=PLu0W_9lII9ahKZ42vg2w9ERPmShYbYAB7
CSS[8.5 Hr]:https://www.youtube.com/watch?v=Edsxf_NBFrw&list=PLu0W_9lII9ahKZ42vg2w9ERPmShYbYAB7
CSS[1.4 Hr]:https://www.youtube.com/watch?v=u5-K_ua9sOw&list=PLu0W_9lII9ahKZ42vg2w9ERPmShYbYAB7
Wordpress[3.2 Hr]:https://www.youtube.com/watch?v=GlLRYml8mCY&list=PLu0W_9lII9ahKZ42vg2w9ERPmShYbYAB7
Angular[2 Hr]:https://www.youtube.com/watch?v=0LhBvp8qpro&list=PLu0W_9lII9ahKZ42vg2w9ERPmShYbYAB7
Java[2.3 Hr]:https://www.youtube.com/watch?v=rV_3Lewxx6o&list=PLu0W_9lII9ahKZ42vg2w9ERPmShYbYAB7
Web Scraping[1 Hr]:https://www.youtube.com/watch?v=uufDGjTuq34&list=PLu0W_9lII9ahKZ42vg2w9ERPmShYbYAB7
MongoDB[2 Hr]:https://www.youtube.com/watch?v=oSIv-E60NiU&list=PLu0W_9lII9ahKZ42vg2w9ERPmShYbYAB7
Numpy[1 Hr]:https://www.youtube.com/watch?v=Rbh1rieb3zc&list=PLu0W_9lII9ahKZ42vg2w9ERPmShYbYAB7
Android Dev[12 Hr]- https://www.youtube.com/watch?v=mXjZQX3UzOs
Linux[1 Hr]:https://www.youtube.com/watch?v=_tCY-c-sPZc&list=PLu0W_9lII9ahKZ42vg2w9ERPmShYbYAB7
JQuery[1.1 Hr]:https://www.youtube.com/watch?v=YFlx1C8XwR0&list=PLu0W_9lII9ahKZ42vg2w9ERPmShYbYAB7
Git and GitHub[1.1 Hr]:https://www.youtube.com/watch?v=gwWKnnCMQ5c&list=PLu0W_9lII9ahKZ42vg2w9ERPmShYbYAB7

►Complete course [playlist]:
React: https://www.youtube.com/playlist?list=PLu0W_9lII9agx66oZnT6IyhcMIbUMNMdt
Python-https://www.youtube.com/playlist?list=PLu0W_9lII9agICnT8t4iYVSZ3eykIAOME
OOP Python-https://www.youtube.com/playlist?list=PLu0W_9lII9ahfRrhFcoB-4lpp9YaBmdCP
Java:https://www.youtube.com/playlist?list=PLu0W_9lII9agS67Uits0UnJyrYiXhDS6q
JavaScript- https://www.youtube.com/playlist?list=PLu0W_9lII9ajyk081To1Cbt2eI5913SsL
PHP-https://www.youtube.com/playlist?list=PLu0W_9lII9aikXkRE0WxDt1vozo3hnmtR
C-https://www.youtube.com/playlist?list=PLu0W_9lII9aiXlHcLx-mDH1Qul38wD3aR
C++-https://www.youtube.com/playlist?list=PLu0W_9lII9agpFUAlPFe_VNSlXW5uE0YL
Git & GitHub-https://www.youtube.com/playlist?list=PLu0W_9lII9ahVQekD7ePHmnirTePXwIln
Android Dev- https://www.youtube.com/playlist?list=PLu0W_9lII9aiL0kysYlfSOUgY5rNlOhUd
Python GUI- https://www.youtube.com/playlist?list=PLu0W_9lII9ajLcqRcj4PoEihkukF_OTzA
Web Development- https://www.youtube.com/playlist?list=PLu0W_9lII9agiCUZYRsvtGTXdxkzPyItg
Python Django:https://www.youtube.com/playlist?list=PLu0W_9lII9ah7DDtYtflgwMwpT3xmjXY9
Projects Using HTML, CSS & Javascript- https://www.youtube.com/playlist?list=PLu0W_9lII9aiQiOwthuSvinxoflmhRxM3
Data Structure and Algo:https://www.youtube.com/playlist?list=PLu0W_9lII9ahIappRPN0MCAgtOu3lQjQi 

Follow Me On Social Media
►Website (created using Django Rest & Angular): https://www.codewithharry.com
►Facebook: https://www.facebook.com/CodeWithHarry
►Instagram: https://www.instagram.com/codewithharry/ 
Twitter: https://twitter.com/CodeWithHarry
Comment ""#HarryBhai"" if you read this 😉😉",https://i.ytimg.com/vi/Kah88N8W5rs/maxresdefault.jpg,CodeWithHarry,122680,4388,607,1288,21:28,"21 Minutes, 28 Seconds",2024-01-10T11:30:10,https://www.youtube.com/watch?v=Kah88N8W5rs
Exercise 15 - Solution & Shoutouts | Sigma Web Development Course - Tutorial #93,"Latest Udemy Web dev Course With Certificate: https://goharry.in/webdev
Access the Sigma web development course playlist: https://www.youtube.com/playlist?list=PLu0W_9lII9agq5TrH9XLIKQvv0iaF2X3w
➡️ Source Code: https://github.com/CodeWithHarry/Sigma-Web-Dev-Course
➡️ Notes and CheatSheets: https://www.codewithharry.com/notes/
➡️ English Subtitles are now up for all the videos!

►Checkout my English channel here: https://www.youtube.com/channel/UC7btqG2Ww0_2LwuQxpvo2HQ
►Instagram: www.instagram.com/codewithharry

Download UltraEdit Trial for Free: https://bit.ly/UltraEdit-CWH

python, C, C++, Java, JavaScript and Other Cheatsheets [++]:
Playlist: https://www.youtube.com/playlist?list=PLu0W_9lII9agrsRZjFECeFuWY5ev2pQlk

►Learn in One Video[++]:
Python Course with 5 Projects: https://www.youtube.com/watch?v=fqF9M92jzUo
Python[15 Hr]: https://www.youtube.com/watch?v=gfDE2a7MKjA&list=PLu0W_9lII9ahKZ42vg2w9ERPmShYbYAB7
Python Advance[3.5 Hr]: https://www.youtube.com/watch?v=61a7UkDO50s&list=PLu0W_9lII9ahKZ42vg2w9ERPmShYbYAB7
Python[1 Hr]: https://www.youtube.com/watch?v=qHJjMvHLJdg&list=PLu0W_9lII9ahKZ42vg2w9ERPmShYbYAB7
Python[2 Hr]: https://www.youtube.com/watch?v=ihk_Xglr164&list=PLu0W_9lII9ahKZ42vg2w9ERPmShYbYAB7
Python[15 Min]:https://www.youtube.com/watch?v=fr1f84rg4Nw&list=PLu0W_9lII9ahKZ42vg2w9ERPmShYbYAB7
JavaScript[1 Hr]: https://www.youtube.com/watch?v=onbBV0uFVpo&list=PLu0W_9lII9ahKZ42vg2w9ERPmShYbYAB7
C[1.3 Hr]-https://www.youtube.com/watch?v=YXcgD8hRHYY&list=PLu0W_9lII9ahKZ42vg2w9ERPmShYbYAB7
php[1 Hr]: https://www.youtube.com/watch?v=xW7ro3lwaCI&list=PLu0W_9lII9ahKZ42vg2w9ERPmShYbYAB7
php[2.3 Hr]:https://www.youtube.com/watch?v=1SnPKhCdlsU&list=PLu0W_9lII9ahKZ42vg2w9ERPmShYbYAB7
php[Project]- https://www.youtube.com/watch?v=-al2bECumKg&list=PLu0W_9lII9ahKZ42vg2w9ERPmShYbYAB7
HTML[30 Min]:https://www.youtube.com/watch?v=E3ByCRqE7Lo&list=PLu0W_9lII9ahKZ42vg2w9ERPmShYbYAB7
CSS[8.5 Hr]:https://www.youtube.com/watch?v=Edsxf_NBFrw&list=PLu0W_9lII9ahKZ42vg2w9ERPmShYbYAB7
CSS[1.4 Hr]:https://www.youtube.com/watch?v=u5-K_ua9sOw&list=PLu0W_9lII9ahKZ42vg2w9ERPmShYbYAB7
Wordpress[3.2 Hr]:https://www.youtube.com/watch?v=GlLRYml8mCY&list=PLu0W_9lII9ahKZ42vg2w9ERPmShYbYAB7
Angular[2 Hr]:https://www.youtube.com/watch?v=0LhBvp8qpro&list=PLu0W_9lII9ahKZ42vg2w9ERPmShYbYAB7
Java[2.3 Hr]:https://www.youtube.com/watch?v=rV_3Lewxx6o&list=PLu0W_9lII9ahKZ42vg2w9ERPmShYbYAB7
Web Scraping[1 Hr]:https://www.youtube.com/watch?v=uufDGjTuq34&list=PLu0W_9lII9ahKZ42vg2w9ERPmShYbYAB7
MongoDB[2 Hr]:https://www.youtube.com/watch?v=oSIv-E60NiU&list=PLu0W_9lII9ahKZ42vg2w9ERPmShYbYAB7
Numpy[1 Hr]:https://www.youtube.com/watch?v=Rbh1rieb3zc&list=PLu0W_9lII9ahKZ42vg2w9ERPmShYbYAB7
Android Dev[12 Hr]- https://www.youtube.com/watch?v=mXjZQX3UzOs
Linux[1 Hr]:https://www.youtube.com/watch?v=_tCY-c-sPZc&list=PLu0W_9lII9ahKZ42vg2w9ERPmShYbYAB7
JQuery[1.1 Hr]:https://www.youtube.com/watch?v=YFlx1C8XwR0&list=PLu0W_9lII9ahKZ42vg2w9ERPmShYbYAB7
Git and GitHub[1.1 Hr]:https://www.youtube.com/watch?v=gwWKnnCMQ5c&list=PLu0W_9lII9ahKZ42vg2w9ERPmShYbYAB7

►Complete course [playlist]:
React: https://www.youtube.com/playlist?list=PLu0W_9lII9agx66oZnT6IyhcMIbUMNMdt
Python-https://www.youtube.com/playlist?list=PLu0W_9lII9agICnT8t4iYVSZ3eykIAOME
OOP Python-https://www.youtube.com/playlist?list=PLu0W_9lII9ahfRrhFcoB-4lpp9YaBmdCP
Java:https://www.youtube.com/playlist?list=PLu0W_9lII9agS67Uits0UnJyrYiXhDS6q
JavaScript- https://www.youtube.com/playlist?list=PLu0W_9lII9ajyk081To1Cbt2eI5913SsL
PHP-https://www.youtube.com/playlist?list=PLu0W_9lII9aikXkRE0WxDt1vozo3hnmtR
C-https://www.youtube.com/playlist?list=PLu0W_9lII9aiXlHcLx-mDH1Qul38wD3aR
C++-https://www.youtube.com/playlist?list=PLu0W_9lII9agpFUAlPFe_VNSlXW5uE0YL
Git & GitHub-https://www.youtube.com/playlist?list=PLu0W_9lII9ahVQekD7ePHmnirTePXwIln
Android Dev- https://www.youtube.com/playlist?list=PLu0W_9lII9aiL0kysYlfSOUgY5rNlOhUd
Python GUI- https://www.youtube.com/playlist?list=PLu0W_9lII9ajLcqRcj4PoEihkukF_OTzA
Web Development- https://www.youtube.com/playlist?list=PLu0W_9lII9agiCUZYRsvtGTXdxkzPyItg
Python Django:https://www.youtube.com/playlist?list=PLu0W_9lII9ah7DDtYtflgwMwpT3xmjXY9
Projects Using HTML, CSS & Javascript- https://www.youtube.com/playlist?list=PLu0W_9lII9aiQiOwthuSvinxoflmhRxM3
Data Structure and Algo:https://www.youtube.com/playlist?list=PLu0W_9lII9ahIappRPN0MCAgtOu3lQjQi 

Follow Me On Social Media
►Website (created using Django Rest & Angular): https://www.codewithharry.com
►Facebook: https://www.facebook.com/CodeWithHarry
►Instagram: https://www.instagram.com/codewithharry/ 
Twitter: https://twitter.com/CodeWithHarry
Comment ""#HarryBhai"" if you read this 😉😉",https://i.ytimg.com/vi/bM7bmh955Gs/maxresdefault.jpg,CodeWithHarry,68115,2655,340,1053,17:33,"17 Minutes, 33 Seconds",2024-01-11T14:45:01,https://www.youtube.com/watch?v=bM7bmh955Gs
Installing MongoDB & MongoDB Compass | Sigma Web Development Course - Tutorial #94,"Latest Udemy Web dev Course With Certificate: https://goharry.in/webdev
Access the Sigma web development course playlist: https://www.youtube.com/playlist?list=PLu0W_9lII9agq5TrH9XLIKQvv0iaF2X3w
➡️ Source Code: https://github.com/CodeWithHarry/Sigma-Web-Dev-Course
➡️ Notes and CheatSheets: https://www.codewithharry.com/notes/
➡️ English Subtitles are now up for all the videos!

►Checkout my English channel here: https://www.youtube.com/channel/UC7btqG2Ww0_2LwuQxpvo2HQ
►Instagram: www.instagram.com/codewithharry

Download UltraEdit Trial for Free: https://bit.ly/UltraEdit-CWH

python, C, C++, Java, JavaScript and Other Cheatsheets [++]:
Playlist: https://www.youtube.com/playlist?list=PLu0W_9lII9agrsRZjFECeFuWY5ev2pQlk

►Learn in One Video[++]:
Python Course with 5 Projects: https://www.youtube.com/watch?v=fqF9M92jzUo
Python[15 Hr]: https://www.youtube.com/watch?v=gfDE2a7MKjA&list=PLu0W_9lII9ahKZ42vg2w9ERPmShYbYAB7
Python Advance[3.5 Hr]: https://www.youtube.com/watch?v=61a7UkDO50s&list=PLu0W_9lII9ahKZ42vg2w9ERPmShYbYAB7
Python[1 Hr]: https://www.youtube.com/watch?v=qHJjMvHLJdg&list=PLu0W_9lII9ahKZ42vg2w9ERPmShYbYAB7
Python[2 Hr]: https://www.youtube.com/watch?v=ihk_Xglr164&list=PLu0W_9lII9ahKZ42vg2w9ERPmShYbYAB7
Python[15 Min]:https://www.youtube.com/watch?v=fr1f84rg4Nw&list=PLu0W_9lII9ahKZ42vg2w9ERPmShYbYAB7
JavaScript[1 Hr]: https://www.youtube.com/watch?v=onbBV0uFVpo&list=PLu0W_9lII9ahKZ42vg2w9ERPmShYbYAB7
C[1.3 Hr]-https://www.youtube.com/watch?v=YXcgD8hRHYY&list=PLu0W_9lII9ahKZ42vg2w9ERPmShYbYAB7
php[1 Hr]: https://www.youtube.com/watch?v=xW7ro3lwaCI&list=PLu0W_9lII9ahKZ42vg2w9ERPmShYbYAB7
php[2.3 Hr]:https://www.youtube.com/watch?v=1SnPKhCdlsU&list=PLu0W_9lII9ahKZ42vg2w9ERPmShYbYAB7
php[Project]- https://www.youtube.com/watch?v=-al2bECumKg&list=PLu0W_9lII9ahKZ42vg2w9ERPmShYbYAB7
HTML[30 Min]:https://www.youtube.com/watch?v=E3ByCRqE7Lo&list=PLu0W_9lII9ahKZ42vg2w9ERPmShYbYAB7
CSS[8.5 Hr]:https://www.youtube.com/watch?v=Edsxf_NBFrw&list=PLu0W_9lII9ahKZ42vg2w9ERPmShYbYAB7
CSS[1.4 Hr]:https://www.youtube.com/watch?v=u5-K_ua9sOw&list=PLu0W_9lII9ahKZ42vg2w9ERPmShYbYAB7
Wordpress[3.2 Hr]:https://www.youtube.com/watch?v=GlLRYml8mCY&list=PLu0W_9lII9ahKZ42vg2w9ERPmShYbYAB7
Angular[2 Hr]:https://www.youtube.com/watch?v=0LhBvp8qpro&list=PLu0W_9lII9ahKZ42vg2w9ERPmShYbYAB7
Java[2.3 Hr]:https://www.youtube.com/watch?v=rV_3Lewxx6o&list=PLu0W_9lII9ahKZ42vg2w9ERPmShYbYAB7
Web Scraping[1 Hr]:https://www.youtube.com/watch?v=uufDGjTuq34&list=PLu0W_9lII9ahKZ42vg2w9ERPmShYbYAB7
MongoDB[2 Hr]:https://www.youtube.com/watch?v=oSIv-E60NiU&list=PLu0W_9lII9ahKZ42vg2w9ERPmShYbYAB7
Numpy[1 Hr]:https://www.youtube.com/watch?v=Rbh1rieb3zc&list=PLu0W_9lII9ahKZ42vg2w9ERPmShYbYAB7
Android Dev[12 Hr]- https://www.youtube.com/watch?v=mXjZQX3UzOs
Linux[1 Hr]:https://www.youtube.com/watch?v=_tCY-c-sPZc&list=PLu0W_9lII9ahKZ42vg2w9ERPmShYbYAB7
JQuery[1.1 Hr]:https://www.youtube.com/watch?v=YFlx1C8XwR0&list=PLu0W_9lII9ahKZ42vg2w9ERPmShYbYAB7
Git and GitHub[1.1 Hr]:https://www.youtube.com/watch?v=gwWKnnCMQ5c&list=PLu0W_9lII9ahKZ42vg2w9ERPmShYbYAB7

►Complete course [playlist]:
React: https://www.youtube.com/playlist?list=PLu0W_9lII9agx66oZnT6IyhcMIbUMNMdt
Python-https://www.youtube.com/playlist?list=PLu0W_9lII9agICnT8t4iYVSZ3eykIAOME
OOP Python-https://www.youtube.com/playlist?list=PLu0W_9lII9ahfRrhFcoB-4lpp9YaBmdCP
Java:https://www.youtube.com/playlist?list=PLu0W_9lII9agS67Uits0UnJyrYiXhDS6q
JavaScript- https://www.youtube.com/playlist?list=PLu0W_9lII9ajyk081To1Cbt2eI5913SsL
PHP-https://www.youtube.com/playlist?list=PLu0W_9lII9aikXkRE0WxDt1vozo3hnmtR
C-https://www.youtube.com/playlist?list=PLu0W_9lII9aiXlHcLx-mDH1Qul38wD3aR
C++-https://www.youtube.com/playlist?list=PLu0W_9lII9agpFUAlPFe_VNSlXW5uE0YL
Git & GitHub-https://www.youtube.com/playlist?list=PLu0W_9lII9ahVQekD7ePHmnirTePXwIln
Android Dev- https://www.youtube.com/playlist?list=PLu0W_9lII9aiL0kysYlfSOUgY5rNlOhUd
Python GUI- https://www.youtube.com/playlist?list=PLu0W_9lII9ajLcqRcj4PoEihkukF_OTzA
Web Development- https://www.youtube.com/playlist?list=PLu0W_9lII9agiCUZYRsvtGTXdxkzPyItg
Python Django:https://www.youtube.com/playlist?list=PLu0W_9lII9ah7DDtYtflgwMwpT3xmjXY9
Projects Using HTML, CSS & Javascript- https://www.youtube.com/playlist?list=PLu0W_9lII9aiQiOwthuSvinxoflmhRxM3
Data Structure and Algo:https://www.youtube.com/playlist?list=PLu0W_9lII9ahIappRPN0MCAgtOu3lQjQi 

Follow Me On Social Media
►Website (created using Django Rest & Angular): https://www.codewithharry.com
►Facebook: https://www.facebook.com/CodeWithHarry
►Instagram: https://www.instagram.com/codewithharry/ 
Twitter: https://twitter.com/CodeWithHarry
Comment ""#HarryBhai"" if you read this 😉😉",https://i.ytimg.com/vi/oMrKVEedpHg/maxresdefault.jpg,CodeWithHarry,244174,6247,532,1473,24:33,"24 Minutes, 33 Seconds",2024-01-12T16:25:54,https://www.youtube.com/watch?v=oMrKVEedpHg
CRUD Operations in MongoDB | Sigma Web Development Course - Tutorial #95,"Latest Udemy Web dev Course With Certificate: https://goharry.in/webdev
Access the Sigma web development course playlist: https://www.youtube.com/playlist?list=PLu0W_9lII9agq5TrH9XLIKQvv0iaF2X3w
➡️ Source Code: https://github.com/CodeWithHarry/Sigma-Web-Dev-Course
➡️ Notes and CheatSheets: https://www.codewithharry.com/notes/
➡️ English Subtitles are now up for all the videos!

►Checkout my English channel here: https://www.youtube.com/channel/UC7btqG2Ww0_2LwuQxpvo2HQ
►Instagram: www.instagram.com/codewithharry

Download UltraEdit Trial for Free: https://bit.ly/UltraEdit-CWH

python, C, C++, Java, JavaScript and Other Cheatsheets [++]:
Playlist: https://www.youtube.com/playlist?list=PLu0W_9lII9agrsRZjFECeFuWY5ev2pQlk

►Learn in One Video[++]:
Python Course with 5 Projects: https://www.youtube.com/watch?v=fqF9M92jzUo
Python[15 Hr]: https://www.youtube.com/watch?v=gfDE2a7MKjA&list=PLu0W_9lII9ahKZ42vg2w9ERPmShYbYAB7
Python Advance[3.5 Hr]: https://www.youtube.com/watch?v=61a7UkDO50s&list=PLu0W_9lII9ahKZ42vg2w9ERPmShYbYAB7
Python[1 Hr]: https://www.youtube.com/watch?v=qHJjMvHLJdg&list=PLu0W_9lII9ahKZ42vg2w9ERPmShYbYAB7
Python[2 Hr]: https://www.youtube.com/watch?v=ihk_Xglr164&list=PLu0W_9lII9ahKZ42vg2w9ERPmShYbYAB7
Python[15 Min]:https://www.youtube.com/watch?v=fr1f84rg4Nw&list=PLu0W_9lII9ahKZ42vg2w9ERPmShYbYAB7
JavaScript[1 Hr]: https://www.youtube.com/watch?v=onbBV0uFVpo&list=PLu0W_9lII9ahKZ42vg2w9ERPmShYbYAB7
C[1.3 Hr]-https://www.youtube.com/watch?v=YXcgD8hRHYY&list=PLu0W_9lII9ahKZ42vg2w9ERPmShYbYAB7
php[1 Hr]: https://www.youtube.com/watch?v=xW7ro3lwaCI&list=PLu0W_9lII9ahKZ42vg2w9ERPmShYbYAB7
php[2.3 Hr]:https://www.youtube.com/watch?v=1SnPKhCdlsU&list=PLu0W_9lII9ahKZ42vg2w9ERPmShYbYAB7
php[Project]- https://www.youtube.com/watch?v=-al2bECumKg&list=PLu0W_9lII9ahKZ42vg2w9ERPmShYbYAB7
HTML[30 Min]:https://www.youtube.com/watch?v=E3ByCRqE7Lo&list=PLu0W_9lII9ahKZ42vg2w9ERPmShYbYAB7
CSS[8.5 Hr]:https://www.youtube.com/watch?v=Edsxf_NBFrw&list=PLu0W_9lII9ahKZ42vg2w9ERPmShYbYAB7
CSS[1.4 Hr]:https://www.youtube.com/watch?v=u5-K_ua9sOw&list=PLu0W_9lII9ahKZ42vg2w9ERPmShYbYAB7
Wordpress[3.2 Hr]:https://www.youtube.com/watch?v=GlLRYml8mCY&list=PLu0W_9lII9ahKZ42vg2w9ERPmShYbYAB7
Angular[2 Hr]:https://www.youtube.com/watch?v=0LhBvp8qpro&list=PLu0W_9lII9ahKZ42vg2w9ERPmShYbYAB7
Java[2.3 Hr]:https://www.youtube.com/watch?v=rV_3Lewxx6o&list=PLu0W_9lII9ahKZ42vg2w9ERPmShYbYAB7
Web Scraping[1 Hr]:https://www.youtube.com/watch?v=uufDGjTuq34&list=PLu0W_9lII9ahKZ42vg2w9ERPmShYbYAB7
MongoDB[2 Hr]:https://www.youtube.com/watch?v=oSIv-E60NiU&list=PLu0W_9lII9ahKZ42vg2w9ERPmShYbYAB7
Numpy[1 Hr]:https://www.youtube.com/watch?v=Rbh1rieb3zc&list=PLu0W_9lII9ahKZ42vg2w9ERPmShYbYAB7
Android Dev[12 Hr]- https://www.youtube.com/watch?v=mXjZQX3UzOs
Linux[1 Hr]:https://www.youtube.com/watch?v=_tCY-c-sPZc&list=PLu0W_9lII9ahKZ42vg2w9ERPmShYbYAB7
JQuery[1.1 Hr]:https://www.youtube.com/watch?v=YFlx1C8XwR0&list=PLu0W_9lII9ahKZ42vg2w9ERPmShYbYAB7
Git and GitHub[1.1 Hr]:https://www.youtube.com/watch?v=gwWKnnCMQ5c&list=PLu0W_9lII9ahKZ42vg2w9ERPmShYbYAB7

►Complete course [playlist]:
React: https://www.youtube.com/playlist?list=PLu0W_9lII9agx66oZnT6IyhcMIbUMNMdt
Python-https://www.youtube.com/playlist?list=PLu0W_9lII9agICnT8t4iYVSZ3eykIAOME
OOP Python-https://www.youtube.com/playlist?list=PLu0W_9lII9ahfRrhFcoB-4lpp9YaBmdCP
Java:https://www.youtube.com/playlist?list=PLu0W_9lII9agS67Uits0UnJyrYiXhDS6q
JavaScript- https://www.youtube.com/playlist?list=PLu0W_9lII9ajyk081To1Cbt2eI5913SsL
PHP-https://www.youtube.com/playlist?list=PLu0W_9lII9aikXkRE0WxDt1vozo3hnmtR
C-https://www.youtube.com/playlist?list=PLu0W_9lII9aiXlHcLx-mDH1Qul38wD3aR
C++-https://www.youtube.com/playlist?list=PLu0W_9lII9agpFUAlPFe_VNSlXW5uE0YL
Git & GitHub-https://www.youtube.com/playlist?list=PLu0W_9lII9ahVQekD7ePHmnirTePXwIln
Android Dev- https://www.youtube.com/playlist?list=PLu0W_9lII9aiL0kysYlfSOUgY5rNlOhUd
Python GUI- https://www.youtube.com/playlist?list=PLu0W_9lII9ajLcqRcj4PoEihkukF_OTzA
Web Development- https://www.youtube.com/playlist?list=PLu0W_9lII9agiCUZYRsvtGTXdxkzPyItg
Python Django:https://www.youtube.com/playlist?list=PLu0W_9lII9ah7DDtYtflgwMwpT3xmjXY9
Projects Using HTML, CSS & Javascript- https://www.youtube.com/playlist?list=PLu0W_9lII9aiQiOwthuSvinxoflmhRxM3
Data Structure and Algo:https://www.youtube.com/playlist?list=PLu0W_9lII9ahIappRPN0MCAgtOu3lQjQi 

Follow Me On Social Media
►Website (created using Django Rest & Angular): https://www.codewithharry.com
►Facebook: https://www.facebook.com/CodeWithHarry
►Instagram: https://www.instagram.com/codewithharry/ 
Twitter: https://twitter.com/CodeWithHarry
Comment ""#HarryBhai"" if you read this 😉😉",https://i.ytimg.com/vi/9Om0FMBz1yU/maxresdefault.jpg,CodeWithHarry,118104,3834,293,1041,17:21,"17 Minutes, 21 Seconds",2024-01-13T15:07:42,https://www.youtube.com/watch?v=9Om0FMBz1yU
Installing Mongoose & Using it with Express | Sigma Web Development Course - Tutorial #96,"Latest Udemy Web dev Course With Certificate: https://goharry.in/webdev
Access the Sigma web development course playlist: https://www.youtube.com/playlist?list=PLu0W_9lII9agq5TrH9XLIKQvv0iaF2X3w
➡️ Source Code: https://github.com/CodeWithHarry/Sigma-Web-Dev-Course
➡️ Notes and CheatSheets: https://www.codewithharry.com/notes/
➡️ English Subtitles are now up for all the videos!

►Checkout my English channel here: https://www.youtube.com/channel/UC7btqG2Ww0_2LwuQxpvo2HQ
►Instagram: www.instagram.com/codewithharry

Download UltraEdit Trial for Free: https://bit.ly/UltraEdit-CWH

python, C, C++, Java, JavaScript and Other Cheatsheets [++]:
Playlist: https://www.youtube.com/playlist?list=PLu0W_9lII9agrsRZjFECeFuWY5ev2pQlk

►Learn in One Video[++]:
Python Course with 5 Projects: https://www.youtube.com/watch?v=fqF9M92jzUo
Python[15 Hr]: https://www.youtube.com/watch?v=gfDE2a7MKjA&list=PLu0W_9lII9ahKZ42vg2w9ERPmShYbYAB7
Python Advance[3.5 Hr]: https://www.youtube.com/watch?v=61a7UkDO50s&list=PLu0W_9lII9ahKZ42vg2w9ERPmShYbYAB7
Python[1 Hr]: https://www.youtube.com/watch?v=qHJjMvHLJdg&list=PLu0W_9lII9ahKZ42vg2w9ERPmShYbYAB7
Python[2 Hr]: https://www.youtube.com/watch?v=ihk_Xglr164&list=PLu0W_9lII9ahKZ42vg2w9ERPmShYbYAB7
Python[15 Min]:https://www.youtube.com/watch?v=fr1f84rg4Nw&list=PLu0W_9lII9ahKZ42vg2w9ERPmShYbYAB7
JavaScript[1 Hr]: https://www.youtube.com/watch?v=onbBV0uFVpo&list=PLu0W_9lII9ahKZ42vg2w9ERPmShYbYAB7
C[1.3 Hr]-https://www.youtube.com/watch?v=YXcgD8hRHYY&list=PLu0W_9lII9ahKZ42vg2w9ERPmShYbYAB7
php[1 Hr]: https://www.youtube.com/watch?v=xW7ro3lwaCI&list=PLu0W_9lII9ahKZ42vg2w9ERPmShYbYAB7
php[2.3 Hr]:https://www.youtube.com/watch?v=1SnPKhCdlsU&list=PLu0W_9lII9ahKZ42vg2w9ERPmShYbYAB7
php[Project]- https://www.youtube.com/watch?v=-al2bECumKg&list=PLu0W_9lII9ahKZ42vg2w9ERPmShYbYAB7
HTML[30 Min]:https://www.youtube.com/watch?v=E3ByCRqE7Lo&list=PLu0W_9lII9ahKZ42vg2w9ERPmShYbYAB7
CSS[8.5 Hr]:https://www.youtube.com/watch?v=Edsxf_NBFrw&list=PLu0W_9lII9ahKZ42vg2w9ERPmShYbYAB7
CSS[1.4 Hr]:https://www.youtube.com/watch?v=u5-K_ua9sOw&list=PLu0W_9lII9ahKZ42vg2w9ERPmShYbYAB7
Wordpress[3.2 Hr]:https://www.youtube.com/watch?v=GlLRYml8mCY&list=PLu0W_9lII9ahKZ42vg2w9ERPmShYbYAB7
Angular[2 Hr]:https://www.youtube.com/watch?v=0LhBvp8qpro&list=PLu0W_9lII9ahKZ42vg2w9ERPmShYbYAB7
Java[2.3 Hr]:https://www.youtube.com/watch?v=rV_3Lewxx6o&list=PLu0W_9lII9ahKZ42vg2w9ERPmShYbYAB7
Web Scraping[1 Hr]:https://www.youtube.com/watch?v=uufDGjTuq34&list=PLu0W_9lII9ahKZ42vg2w9ERPmShYbYAB7
MongoDB[2 Hr]:https://www.youtube.com/watch?v=oSIv-E60NiU&list=PLu0W_9lII9ahKZ42vg2w9ERPmShYbYAB7
Numpy[1 Hr]:https://www.youtube.com/watch?v=Rbh1rieb3zc&list=PLu0W_9lII9ahKZ42vg2w9ERPmShYbYAB7
Android Dev[12 Hr]- https://www.youtube.com/watch?v=mXjZQX3UzOs
Linux[1 Hr]:https://www.youtube.com/watch?v=_tCY-c-sPZc&list=PLu0W_9lII9ahKZ42vg2w9ERPmShYbYAB7
JQuery[1.1 Hr]:https://www.youtube.com/watch?v=YFlx1C8XwR0&list=PLu0W_9lII9ahKZ42vg2w9ERPmShYbYAB7
Git and GitHub[1.1 Hr]:https://www.youtube.com/watch?v=gwWKnnCMQ5c&list=PLu0W_9lII9ahKZ42vg2w9ERPmShYbYAB7

►Complete course [playlist]:
React: https://www.youtube.com/playlist?list=PLu0W_9lII9agx66oZnT6IyhcMIbUMNMdt
Python-https://www.youtube.com/playlist?list=PLu0W_9lII9agICnT8t4iYVSZ3eykIAOME
OOP Python-https://www.youtube.com/playlist?list=PLu0W_9lII9ahfRrhFcoB-4lpp9YaBmdCP
Java:https://www.youtube.com/playlist?list=PLu0W_9lII9agS67Uits0UnJyrYiXhDS6q
JavaScript- https://www.youtube.com/playlist?list=PLu0W_9lII9ajyk081To1Cbt2eI5913SsL
PHP-https://www.youtube.com/playlist?list=PLu0W_9lII9aikXkRE0WxDt1vozo3hnmtR
C-https://www.youtube.com/playlist?list=PLu0W_9lII9aiXlHcLx-mDH1Qul38wD3aR
C++-https://www.youtube.com/playlist?list=PLu0W_9lII9agpFUAlPFe_VNSlXW5uE0YL
Git & GitHub-https://www.youtube.com/playlist?list=PLu0W_9lII9ahVQekD7ePHmnirTePXwIln
Android Dev- https://www.youtube.com/playlist?list=PLu0W_9lII9aiL0kysYlfSOUgY5rNlOhUd
Python GUI- https://www.youtube.com/playlist?list=PLu0W_9lII9ajLcqRcj4PoEihkukF_OTzA
Web Development- https://www.youtube.com/playlist?list=PLu0W_9lII9agiCUZYRsvtGTXdxkzPyItg
Python Django:https://www.youtube.com/playlist?list=PLu0W_9lII9ah7DDtYtflgwMwpT3xmjXY9
Projects Using HTML, CSS & Javascript- https://www.youtube.com/playlist?list=PLu0W_9lII9aiQiOwthuSvinxoflmhRxM3
Data Structure and Algo:https://www.youtube.com/playlist?list=PLu0W_9lII9ahIappRPN0MCAgtOu3lQjQi 

Follow Me On Social Media
►Website (created using Django Rest & Angular): https://www.codewithharry.com
►Facebook: https://www.facebook.com/CodeWithHarry
►Instagram: https://www.instagram.com/codewithharry/ 
Twitter: https://twitter.com/CodeWithHarry
Comment ""#HarryBhai"" if you read this 😉😉",https://i.ytimg.com/vi/wgwo5hbY7SY/maxresdefault.jpg,CodeWithHarry,118317,3885,363,1399,23:19,"23 Minutes, 19 Seconds",2024-01-14T11:15:57,https://www.youtube.com/watch?v=wgwo5hbY7SY
Exercise 16 - Dummy Data Generator | Sigma Web Development Course - Tutorial #97,"Latest Udemy Web dev Course With Certificate: https://goharry.in/webdev
Access the Sigma web development course playlist: https://www.youtube.com/playlist?list=PLu0W_9lII9agq5TrH9XLIKQvv0iaF2X3w
➡️ Source Code: https://github.com/CodeWithHarry/Sigma-Web-Dev-Course
➡️ Notes and CheatSheets: https://www.codewithharry.com/notes/
➡️ English Subtitles are now up for all the videos!

►Checkout my English channel here: https://www.youtube.com/channel/UC7btqG2Ww0_2LwuQxpvo2HQ
►Instagram: www.instagram.com/codewithharry

Download UltraEdit Trial for Free: https://bit.ly/UltraEdit-CWH

python, C, C++, Java, JavaScript and Other Cheatsheets [++]:
Playlist: https://www.youtube.com/playlist?list=PLu0W_9lII9agrsRZjFECeFuWY5ev2pQlk

►Learn in One Video[++]:
Python Course with 5 Projects: https://www.youtube.com/watch?v=fqF9M92jzUo
Python[15 Hr]: https://www.youtube.com/watch?v=gfDE2a7MKjA&list=PLu0W_9lII9ahKZ42vg2w9ERPmShYbYAB7
Python Advance[3.5 Hr]: https://www.youtube.com/watch?v=61a7UkDO50s&list=PLu0W_9lII9ahKZ42vg2w9ERPmShYbYAB7
Python[1 Hr]: https://www.youtube.com/watch?v=qHJjMvHLJdg&list=PLu0W_9lII9ahKZ42vg2w9ERPmShYbYAB7
Python[2 Hr]: https://www.youtube.com/watch?v=ihk_Xglr164&list=PLu0W_9lII9ahKZ42vg2w9ERPmShYbYAB7
Python[15 Min]:https://www.youtube.com/watch?v=fr1f84rg4Nw&list=PLu0W_9lII9ahKZ42vg2w9ERPmShYbYAB7
JavaScript[1 Hr]: https://www.youtube.com/watch?v=onbBV0uFVpo&list=PLu0W_9lII9ahKZ42vg2w9ERPmShYbYAB7
C[1.3 Hr]-https://www.youtube.com/watch?v=YXcgD8hRHYY&list=PLu0W_9lII9ahKZ42vg2w9ERPmShYbYAB7
php[1 Hr]: https://www.youtube.com/watch?v=xW7ro3lwaCI&list=PLu0W_9lII9ahKZ42vg2w9ERPmShYbYAB7
php[2.3 Hr]:https://www.youtube.com/watch?v=1SnPKhCdlsU&list=PLu0W_9lII9ahKZ42vg2w9ERPmShYbYAB7
php[Project]- https://www.youtube.com/watch?v=-al2bECumKg&list=PLu0W_9lII9ahKZ42vg2w9ERPmShYbYAB7
HTML[30 Min]:https://www.youtube.com/watch?v=E3ByCRqE7Lo&list=PLu0W_9lII9ahKZ42vg2w9ERPmShYbYAB7
CSS[8.5 Hr]:https://www.youtube.com/watch?v=Edsxf_NBFrw&list=PLu0W_9lII9ahKZ42vg2w9ERPmShYbYAB7
CSS[1.4 Hr]:https://www.youtube.com/watch?v=u5-K_ua9sOw&list=PLu0W_9lII9ahKZ42vg2w9ERPmShYbYAB7
Wordpress[3.2 Hr]:https://www.youtube.com/watch?v=GlLRYml8mCY&list=PLu0W_9lII9ahKZ42vg2w9ERPmShYbYAB7
Angular[2 Hr]:https://www.youtube.com/watch?v=0LhBvp8qpro&list=PLu0W_9lII9ahKZ42vg2w9ERPmShYbYAB7
Java[2.3 Hr]:https://www.youtube.com/watch?v=rV_3Lewxx6o&list=PLu0W_9lII9ahKZ42vg2w9ERPmShYbYAB7
Web Scraping[1 Hr]:https://www.youtube.com/watch?v=uufDGjTuq34&list=PLu0W_9lII9ahKZ42vg2w9ERPmShYbYAB7
MongoDB[2 Hr]:https://www.youtube.com/watch?v=oSIv-E60NiU&list=PLu0W_9lII9ahKZ42vg2w9ERPmShYbYAB7
Numpy[1 Hr]:https://www.youtube.com/watch?v=Rbh1rieb3zc&list=PLu0W_9lII9ahKZ42vg2w9ERPmShYbYAB7
Android Dev[12 Hr]- https://www.youtube.com/watch?v=mXjZQX3UzOs
Linux[1 Hr]:https://www.youtube.com/watch?v=_tCY-c-sPZc&list=PLu0W_9lII9ahKZ42vg2w9ERPmShYbYAB7
JQuery[1.1 Hr]:https://www.youtube.com/watch?v=YFlx1C8XwR0&list=PLu0W_9lII9ahKZ42vg2w9ERPmShYbYAB7
Git and GitHub[1.1 Hr]:https://www.youtube.com/watch?v=gwWKnnCMQ5c&list=PLu0W_9lII9ahKZ42vg2w9ERPmShYbYAB7

►Complete course [playlist]:
React: https://www.youtube.com/playlist?list=PLu0W_9lII9agx66oZnT6IyhcMIbUMNMdt
Python-https://www.youtube.com/playlist?list=PLu0W_9lII9agICnT8t4iYVSZ3eykIAOME
OOP Python-https://www.youtube.com/playlist?list=PLu0W_9lII9ahfRrhFcoB-4lpp9YaBmdCP
Java:https://www.youtube.com/playlist?list=PLu0W_9lII9agS67Uits0UnJyrYiXhDS6q
JavaScript- https://www.youtube.com/playlist?list=PLu0W_9lII9ajyk081To1Cbt2eI5913SsL
PHP-https://www.youtube.com/playlist?list=PLu0W_9lII9aikXkRE0WxDt1vozo3hnmtR
C-https://www.youtube.com/playlist?list=PLu0W_9lII9aiXlHcLx-mDH1Qul38wD3aR
C++-https://www.youtube.com/playlist?list=PLu0W_9lII9agpFUAlPFe_VNSlXW5uE0YL
Git & GitHub-https://www.youtube.com/playlist?list=PLu0W_9lII9ahVQekD7ePHmnirTePXwIln
Android Dev- https://www.youtube.com/playlist?list=PLu0W_9lII9aiL0kysYlfSOUgY5rNlOhUd
Python GUI- https://www.youtube.com/playlist?list=PLu0W_9lII9ajLcqRcj4PoEihkukF_OTzA
Web Development- https://www.youtube.com/playlist?list=PLu0W_9lII9agiCUZYRsvtGTXdxkzPyItg
Python Django:https://www.youtube.com/playlist?list=PLu0W_9lII9ah7DDtYtflgwMwpT3xmjXY9
Projects Using HTML, CSS & Javascript- https://www.youtube.com/playlist?list=PLu0W_9lII9aiQiOwthuSvinxoflmhRxM3
Data Structure and Algo:https://www.youtube.com/playlist?list=PLu0W_9lII9ahIappRPN0MCAgtOu3lQjQi 

Follow Me On Social Media
►Website (created using Django Rest & Angular): https://www.codewithharry.com
►Facebook: https://www.facebook.com/CodeWithHarry
►Instagram: https://www.instagram.com/codewithharry/ 
Twitter: https://twitter.com/CodeWithHarry
Comment ""#HarryBhai"" if you read this 😉😉",https://i.ytimg.com/vi/yDnxgIRcnso/maxresdefault.jpg,CodeWithHarry,53469,2436,635,342,5:42,"5 Minutes, 42 Seconds",2024-01-15T11:30:26,https://www.youtube.com/watch?v=yDnxgIRcnso
Tailwind CSS in one Video | Sigma Web Development Course - Tutorial #98,"Latest Udemy Web dev Course With Certificate: https://goharry.in/webdev
Access the Sigma web development course playlist: https://www.youtube.com/playlist?list=PLu0W_9lII9agq5TrH9XLIKQvv0iaF2X3w

TimeStamps:
00:00 Intro
00:29 Why TailwindCSS?
03:25 Using PlayCDN
05:25 Exploring TailWindCSS Playground
07:06 TailBlocks
09:02 NPX
09:41 Installing TailwindCSS
21:13 Creating UI with TailWindCSS
24:45 Responsive Website
28:00 Creating a Responsive Navbar
31:45 Conclusion

➡️ Source Code: https://github.com/CodeWithHarry/Sigma-Web-Dev-Course
➡️ Notes and CheatSheets: https://www.codewithharry.com/notes/
➡️ English Subtitles are now up for all the videos!

►Checkout my English channel here: https://www.youtube.com/channel/UC7btqG2Ww0_2LwuQxpvo2HQ
►Instagram: www.instagram.com/codewithharry

Download UltraEdit Trial for Free: https://bit.ly/UltraEdit-CWH

python, C, C++, Java, JavaScript and Other Cheatsheets [++]:
Playlist: https://www.youtube.com/playlist?list=PLu0W_9lII9agrsRZjFECeFuWY5ev2pQlk

►Learn in One Video[++]:
Python Course with 5 Projects: https://www.youtube.com/watch?v=fqF9M92jzUo
Python[15 Hr]: https://www.youtube.com/watch?v=gfDE2a7MKjA&list=PLu0W_9lII9ahKZ42vg2w9ERPmShYbYAB7
Python Advance[3.5 Hr]: https://www.youtube.com/watch?v=61a7UkDO50s&list=PLu0W_9lII9ahKZ42vg2w9ERPmShYbYAB7
Python[1 Hr]: https://www.youtube.com/watch?v=qHJjMvHLJdg&list=PLu0W_9lII9ahKZ42vg2w9ERPmShYbYAB7
Python[2 Hr]: https://www.youtube.com/watch?v=ihk_Xglr164&list=PLu0W_9lII9ahKZ42vg2w9ERPmShYbYAB7
Python[15 Min]:https://www.youtube.com/watch?v=fr1f84rg4Nw&list=PLu0W_9lII9ahKZ42vg2w9ERPmShYbYAB7
JavaScript[1 Hr]: https://www.youtube.com/watch?v=onbBV0uFVpo&list=PLu0W_9lII9ahKZ42vg2w9ERPmShYbYAB7
C[1.3 Hr]-https://www.youtube.com/watch?v=YXcgD8hRHYY&list=PLu0W_9lII9ahKZ42vg2w9ERPmShYbYAB7
php[1 Hr]: https://www.youtube.com/watch?v=xW7ro3lwaCI&list=PLu0W_9lII9ahKZ42vg2w9ERPmShYbYAB7
php[2.3 Hr]:https://www.youtube.com/watch?v=1SnPKhCdlsU&list=PLu0W_9lII9ahKZ42vg2w9ERPmShYbYAB7
php[Project]- https://www.youtube.com/watch?v=-al2bECumKg&list=PLu0W_9lII9ahKZ42vg2w9ERPmShYbYAB7
HTML[30 Min]:https://www.youtube.com/watch?v=E3ByCRqE7Lo&list=PLu0W_9lII9ahKZ42vg2w9ERPmShYbYAB7
CSS[8.5 Hr]:https://www.youtube.com/watch?v=Edsxf_NBFrw&list=PLu0W_9lII9ahKZ42vg2w9ERPmShYbYAB7
CSS[1.4 Hr]:https://www.youtube.com/watch?v=u5-K_ua9sOw&list=PLu0W_9lII9ahKZ42vg2w9ERPmShYbYAB7
Wordpress[3.2 Hr]:https://www.youtube.com/watch?v=GlLRYml8mCY&list=PLu0W_9lII9ahKZ42vg2w9ERPmShYbYAB7
Angular[2 Hr]:https://www.youtube.com/watch?v=0LhBvp8qpro&list=PLu0W_9lII9ahKZ42vg2w9ERPmShYbYAB7
Java[2.3 Hr]:https://www.youtube.com/watch?v=rV_3Lewxx6o&list=PLu0W_9lII9ahKZ42vg2w9ERPmShYbYAB7
Web Scraping[1 Hr]:https://www.youtube.com/watch?v=uufDGjTuq34&list=PLu0W_9lII9ahKZ42vg2w9ERPmShYbYAB7
MongoDB[2 Hr]:https://www.youtube.com/watch?v=oSIv-E60NiU&list=PLu0W_9lII9ahKZ42vg2w9ERPmShYbYAB7
Numpy[1 Hr]:https://www.youtube.com/watch?v=Rbh1rieb3zc&list=PLu0W_9lII9ahKZ42vg2w9ERPmShYbYAB7
Android Dev[12 Hr]- https://www.youtube.com/watch?v=mXjZQX3UzOs
Linux[1 Hr]:https://www.youtube.com/watch?v=_tCY-c-sPZc&list=PLu0W_9lII9ahKZ42vg2w9ERPmShYbYAB7
JQuery[1.1 Hr]:https://www.youtube.com/watch?v=YFlx1C8XwR0&list=PLu0W_9lII9ahKZ42vg2w9ERPmShYbYAB7
Git and GitHub[1.1 Hr]:https://www.youtube.com/watch?v=gwWKnnCMQ5c&list=PLu0W_9lII9ahKZ42vg2w9ERPmShYbYAB7

►Complete course [playlist]:
React: https://www.youtube.com/playlist?list=PLu0W_9lII9agx66oZnT6IyhcMIbUMNMdt
Python-https://www.youtube.com/playlist?list=PLu0W_9lII9agICnT8t4iYVSZ3eykIAOME
OOP Python-https://www.youtube.com/playlist?list=PLu0W_9lII9ahfRrhFcoB-4lpp9YaBmdCP
Java:https://www.youtube.com/playlist?list=PLu0W_9lII9agS67Uits0UnJyrYiXhDS6q
JavaScript- https://www.youtube.com/playlist?list=PLu0W_9lII9ajyk081To1Cbt2eI5913SsL
PHP-https://www.youtube.com/playlist?list=PLu0W_9lII9aikXkRE0WxDt1vozo3hnmtR
C-https://www.youtube.com/playlist?list=PLu0W_9lII9aiXlHcLx-mDH1Qul38wD3aR
C++-https://www.youtube.com/playlist?list=PLu0W_9lII9agpFUAlPFe_VNSlXW5uE0YL
Git & GitHub-https://www.youtube.com/playlist?list=PLu0W_9lII9ahVQekD7ePHmnirTePXwIln
Android Dev- https://www.youtube.com/playlist?list=PLu0W_9lII9aiL0kysYlfSOUgY5rNlOhUd
Python GUI- https://www.youtube.com/playlist?list=PLu0W_9lII9ajLcqRcj4PoEihkukF_OTzA
Web Development- https://www.youtube.com/playlist?list=PLu0W_9lII9agiCUZYRsvtGTXdxkzPyItg
Python Django:https://www.youtube.com/playlist?list=PLu0W_9lII9ah7DDtYtflgwMwpT3xmjXY9
Projects Using HTML, CSS & Javascript- https://www.youtube.com/playlist?list=PLu0W_9lII9aiQiOwthuSvinxoflmhRxM3
Data Structure and Algo:https://www.youtube.com/playlist?list=PLu0W_9lII9ahIappRPN0MCAgtOu3lQjQi 

Follow Me On Social Media
►Website (created using Django Rest & Angular): https://www.codewithharry.com
►Facebook: https://www.facebook.com/CodeWithHarry
►Instagram: https://www.instagram.com/codewithharry/ 
Twitter: https://twitter.com/CodeWithHarry
Comment ""#HarryBhai"" if you read this 😉😉",https://i.ytimg.com/vi/-g969furGik/maxresdefault.jpg,CodeWithHarry,331255,9088,1008,2038,33:58,"33 Minutes, 58 Seconds",2024-01-16T17:25:00,https://www.youtube.com/watch?v=-g969furGik
Exercise 16 - Solution & Shoutouts | Sigma Web Development Course - Tutorial #99,"Latest Udemy Web dev Course With Certificate: https://goharry.in/webdev
Access the Sigma web development course playlist: https://www.youtube.com/playlist?list=PLu0W_9lII9agq5TrH9XLIKQvv0iaF2X3w
➡️ Source Code: https://github.com/CodeWithHarry/Sigma-Web-Dev-Course
➡️ Notes and CheatSheets: https://www.codewithharry.com/notes/
➡️ English Subtitles are now up for all the videos!

►Checkout my English channel here: https://www.youtube.com/channel/UC7btqG2Ww0_2LwuQxpvo2HQ
►Instagram: www.instagram.com/codewithharry


python, C, C++, Java, JavaScript and Other Cheatsheets [++]:
Playlist: https://www.youtube.com/playlist?list=PLu0W_9lII9agrsRZjFECeFuWY5ev2pQlk

►Learn in One Video[++]:
Python Course with 5 Projects: https://www.youtube.com/watch?v=fqF9M92jzUo
Python[15 Hr]: https://www.youtube.com/watch?v=gfDE2a7MKjA&list=PLu0W_9lII9ahKZ42vg2w9ERPmShYbYAB7
Python Advance[3.5 Hr]: https://www.youtube.com/watch?v=61a7UkDO50s&list=PLu0W_9lII9ahKZ42vg2w9ERPmShYbYAB7
Python[1 Hr]: https://www.youtube.com/watch?v=qHJjMvHLJdg&list=PLu0W_9lII9ahKZ42vg2w9ERPmShYbYAB7
Python[2 Hr]: https://www.youtube.com/watch?v=ihk_Xglr164&list=PLu0W_9lII9ahKZ42vg2w9ERPmShYbYAB7
Python[15 Min]:https://www.youtube.com/watch?v=fr1f84rg4Nw&list=PLu0W_9lII9ahKZ42vg2w9ERPmShYbYAB7
JavaScript[1 Hr]: https://www.youtube.com/watch?v=onbBV0uFVpo&list=PLu0W_9lII9ahKZ42vg2w9ERPmShYbYAB7
C[1.3 Hr]-https://www.youtube.com/watch?v=YXcgD8hRHYY&list=PLu0W_9lII9ahKZ42vg2w9ERPmShYbYAB7
php[1 Hr]: https://www.youtube.com/watch?v=xW7ro3lwaCI&list=PLu0W_9lII9ahKZ42vg2w9ERPmShYbYAB7
php[2.3 Hr]:https://www.youtube.com/watch?v=1SnPKhCdlsU&list=PLu0W_9lII9ahKZ42vg2w9ERPmShYbYAB7
php[Project]- https://www.youtube.com/watch?v=-al2bECumKg&list=PLu0W_9lII9ahKZ42vg2w9ERPmShYbYAB7
HTML[30 Min]:https://www.youtube.com/watch?v=E3ByCRqE7Lo&list=PLu0W_9lII9ahKZ42vg2w9ERPmShYbYAB7
CSS[8.5 Hr]:https://www.youtube.com/watch?v=Edsxf_NBFrw&list=PLu0W_9lII9ahKZ42vg2w9ERPmShYbYAB7
CSS[1.4 Hr]:https://www.youtube.com/watch?v=u5-K_ua9sOw&list=PLu0W_9lII9ahKZ42vg2w9ERPmShYbYAB7
Wordpress[3.2 Hr]:https://www.youtube.com/watch?v=GlLRYml8mCY&list=PLu0W_9lII9ahKZ42vg2w9ERPmShYbYAB7
Angular[2 Hr]:https://www.youtube.com/watch?v=0LhBvp8qpro&list=PLu0W_9lII9ahKZ42vg2w9ERPmShYbYAB7
Java[2.3 Hr]:https://www.youtube.com/watch?v=rV_3Lewxx6o&list=PLu0W_9lII9ahKZ42vg2w9ERPmShYbYAB7
Web Scraping[1 Hr]:https://www.youtube.com/watch?v=uufDGjTuq34&list=PLu0W_9lII9ahKZ42vg2w9ERPmShYbYAB7
MongoDB[2 Hr]:https://www.youtube.com/watch?v=oSIv-E60NiU&list=PLu0W_9lII9ahKZ42vg2w9ERPmShYbYAB7
Numpy[1 Hr]:https://www.youtube.com/watch?v=Rbh1rieb3zc&list=PLu0W_9lII9ahKZ42vg2w9ERPmShYbYAB7
Android Dev[12 Hr]- https://www.youtube.com/watch?v=mXjZQX3UzOs
Linux[1 Hr]:https://www.youtube.com/watch?v=_tCY-c-sPZc&list=PLu0W_9lII9ahKZ42vg2w9ERPmShYbYAB7
JQuery[1.1 Hr]:https://www.youtube.com/watch?v=YFlx1C8XwR0&list=PLu0W_9lII9ahKZ42vg2w9ERPmShYbYAB7
Git and GitHub[1.1 Hr]:https://www.youtube.com/watch?v=gwWKnnCMQ5c&list=PLu0W_9lII9ahKZ42vg2w9ERPmShYbYAB7

►Complete course [playlist]:
React: https://www.youtube.com/playlist?list=PLu0W_9lII9agx66oZnT6IyhcMIbUMNMdt
Python-https://www.youtube.com/playlist?list=PLu0W_9lII9agICnT8t4iYVSZ3eykIAOME
OOP Python-https://www.youtube.com/playlist?list=PLu0W_9lII9ahfRrhFcoB-4lpp9YaBmdCP
Java:https://www.youtube.com/playlist?list=PLu0W_9lII9agS67Uits0UnJyrYiXhDS6q
JavaScript- https://www.youtube.com/playlist?list=PLu0W_9lII9ajyk081To1Cbt2eI5913SsL
PHP-https://www.youtube.com/playlist?list=PLu0W_9lII9aikXkRE0WxDt1vozo3hnmtR
C-https://www.youtube.com/playlist?list=PLu0W_9lII9aiXlHcLx-mDH1Qul38wD3aR
C++-https://www.youtube.com/playlist?list=PLu0W_9lII9agpFUAlPFe_VNSlXW5uE0YL
Git & GitHub-https://www.youtube.com/playlist?list=PLu0W_9lII9ahVQekD7ePHmnirTePXwIln
Android Dev- https://www.youtube.com/playlist?list=PLu0W_9lII9aiL0kysYlfSOUgY5rNlOhUd
Python GUI- https://www.youtube.com/playlist?list=PLu0W_9lII9ajLcqRcj4PoEihkukF_OTzA
Web Development- https://www.youtube.com/playlist?list=PLu0W_9lII9agiCUZYRsvtGTXdxkzPyItg
Python Django:https://www.youtube.com/playlist?list=PLu0W_9lII9ah7DDtYtflgwMwpT3xmjXY9
Projects Using HTML, CSS & Javascript- https://www.youtube.com/playlist?list=PLu0W_9lII9aiQiOwthuSvinxoflmhRxM3
Data Structure and Algo:https://www.youtube.com/playlist?list=PLu0W_9lII9ahIappRPN0MCAgtOu3lQjQi 

Follow Me On Social Media
►Website (created using Django Rest & Angular): https://www.codewithharry.com
►Facebook: https://www.facebook.com/CodeWithHarry
►Instagram: https://www.instagram.com/codewithharry/ 
Twitter: https://twitter.com/CodeWithHarry
Comment ""#HarryBhai"" if you read this 😉😉",https://i.ytimg.com/vi/15jN-KKoSCA/maxresdefault.jpg,CodeWithHarry,64325,2187,267,1364,22:44,"22 Minutes, 44 Seconds",2024-01-17T08:33:22,https://www.youtube.com/watch?v=15jN-KKoSCA
Exercise 17 - Design This Layout | Sigma Web Development Course - Tutorial #100,"Latest Udemy Web dev Course With Certificate: https://goharry.in/webdev
Access the Sigma web development course playlist: https://www.youtube.com/playlist?list=PLu0W_9lII9agq5TrH9XLIKQvv0iaF2X3w
➡️ Source Code: https://github.com/CodeWithHarry/Sigma-Web-Dev-Course
➡️ Notes and CheatSheets: https://www.codewithharry.com/notes/
➡️ English Subtitles are now up for all the videos!

►Checkout my English channel here: https://www.youtube.com/channel/UC7btqG2Ww0_2LwuQxpvo2HQ
►Instagram: www.instagram.com/codewithharry

python, C, C++, Java, JavaScript and Other Cheatsheets [++]:
Playlist: https://www.youtube.com/playlist?list=PLu0W_9lII9agrsRZjFECeFuWY5ev2pQlk

►Learn in One Video[++]:
Python Course with 5 Projects: https://www.youtube.com/watch?v=fqF9M92jzUo
Python[15 Hr]: https://www.youtube.com/watch?v=gfDE2a7MKjA&list=PLu0W_9lII9ahKZ42vg2w9ERPmShYbYAB7
Python Advance[3.5 Hr]: https://www.youtube.com/watch?v=61a7UkDO50s&list=PLu0W_9lII9ahKZ42vg2w9ERPmShYbYAB7
Python[1 Hr]: https://www.youtube.com/watch?v=qHJjMvHLJdg&list=PLu0W_9lII9ahKZ42vg2w9ERPmShYbYAB7
Python[2 Hr]: https://www.youtube.com/watch?v=ihk_Xglr164&list=PLu0W_9lII9ahKZ42vg2w9ERPmShYbYAB7
Python[15 Min]:https://www.youtube.com/watch?v=fr1f84rg4Nw&list=PLu0W_9lII9ahKZ42vg2w9ERPmShYbYAB7
JavaScript[1 Hr]: https://www.youtube.com/watch?v=onbBV0uFVpo&list=PLu0W_9lII9ahKZ42vg2w9ERPmShYbYAB7
C[1.3 Hr]-https://www.youtube.com/watch?v=YXcgD8hRHYY&list=PLu0W_9lII9ahKZ42vg2w9ERPmShYbYAB7
php[1 Hr]: https://www.youtube.com/watch?v=xW7ro3lwaCI&list=PLu0W_9lII9ahKZ42vg2w9ERPmShYbYAB7
php[2.3 Hr]:https://www.youtube.com/watch?v=1SnPKhCdlsU&list=PLu0W_9lII9ahKZ42vg2w9ERPmShYbYAB7
php[Project]- https://www.youtube.com/watch?v=-al2bECumKg&list=PLu0W_9lII9ahKZ42vg2w9ERPmShYbYAB7
HTML[30 Min]:https://www.youtube.com/watch?v=E3ByCRqE7Lo&list=PLu0W_9lII9ahKZ42vg2w9ERPmShYbYAB7
CSS[8.5 Hr]:https://www.youtube.com/watch?v=Edsxf_NBFrw&list=PLu0W_9lII9ahKZ42vg2w9ERPmShYbYAB7
CSS[1.4 Hr]:https://www.youtube.com/watch?v=u5-K_ua9sOw&list=PLu0W_9lII9ahKZ42vg2w9ERPmShYbYAB7
Wordpress[3.2 Hr]:https://www.youtube.com/watch?v=GlLRYml8mCY&list=PLu0W_9lII9ahKZ42vg2w9ERPmShYbYAB7
Angular[2 Hr]:https://www.youtube.com/watch?v=0LhBvp8qpro&list=PLu0W_9lII9ahKZ42vg2w9ERPmShYbYAB7
Java[2.3 Hr]:https://www.youtube.com/watch?v=rV_3Lewxx6o&list=PLu0W_9lII9ahKZ42vg2w9ERPmShYbYAB7
Web Scraping[1 Hr]:https://www.youtube.com/watch?v=uufDGjTuq34&list=PLu0W_9lII9ahKZ42vg2w9ERPmShYbYAB7
MongoDB[2 Hr]:https://www.youtube.com/watch?v=oSIv-E60NiU&list=PLu0W_9lII9ahKZ42vg2w9ERPmShYbYAB7
Numpy[1 Hr]:https://www.youtube.com/watch?v=Rbh1rieb3zc&list=PLu0W_9lII9ahKZ42vg2w9ERPmShYbYAB7
Android Dev[12 Hr]- https://www.youtube.com/watch?v=mXjZQX3UzOs
Linux[1 Hr]:https://www.youtube.com/watch?v=_tCY-c-sPZc&list=PLu0W_9lII9ahKZ42vg2w9ERPmShYbYAB7
JQuery[1.1 Hr]:https://www.youtube.com/watch?v=YFlx1C8XwR0&list=PLu0W_9lII9ahKZ42vg2w9ERPmShYbYAB7
Git and GitHub[1.1 Hr]:https://www.youtube.com/watch?v=gwWKnnCMQ5c&list=PLu0W_9lII9ahKZ42vg2w9ERPmShYbYAB7

►Complete course [playlist]:
React: https://www.youtube.com/playlist?list=PLu0W_9lII9agx66oZnT6IyhcMIbUMNMdt
Python-https://www.youtube.com/playlist?list=PLu0W_9lII9agICnT8t4iYVSZ3eykIAOME
OOP Python-https://www.youtube.com/playlist?list=PLu0W_9lII9ahfRrhFcoB-4lpp9YaBmdCP
Java:https://www.youtube.com/playlist?list=PLu0W_9lII9agS67Uits0UnJyrYiXhDS6q
JavaScript- https://www.youtube.com/playlist?list=PLu0W_9lII9ajyk081To1Cbt2eI5913SsL
PHP-https://www.youtube.com/playlist?list=PLu0W_9lII9aikXkRE0WxDt1vozo3hnmtR
C-https://www.youtube.com/playlist?list=PLu0W_9lII9aiXlHcLx-mDH1Qul38wD3aR
C++-https://www.youtube.com/playlist?list=PLu0W_9lII9agpFUAlPFe_VNSlXW5uE0YL
Git & GitHub-https://www.youtube.com/playlist?list=PLu0W_9lII9ahVQekD7ePHmnirTePXwIln
Android Dev- https://www.youtube.com/playlist?list=PLu0W_9lII9aiL0kysYlfSOUgY5rNlOhUd
Python GUI- https://www.youtube.com/playlist?list=PLu0W_9lII9ajLcqRcj4PoEihkukF_OTzA
Web Development- https://www.youtube.com/playlist?list=PLu0W_9lII9agiCUZYRsvtGTXdxkzPyItg
Python Django:https://www.youtube.com/playlist?list=PLu0W_9lII9ah7DDtYtflgwMwpT3xmjXY9
Projects Using HTML, CSS & Javascript- https://www.youtube.com/playlist?list=PLu0W_9lII9aiQiOwthuSvinxoflmhRxM3
Data Structure and Algo:https://www.youtube.com/playlist?list=PLu0W_9lII9ahIappRPN0MCAgtOu3lQjQi 

Follow Me On Social Media
►Website (created using Django Rest & Angular): https://www.codewithharry.com
►Facebook: https://www.facebook.com/CodeWithHarry
►Instagram: https://www.instagram.com/codewithharry/ 
Twitter: https://twitter.com/CodeWithHarry
Comment ""#HarryBhai"" if you read this 😉😉",https://i.ytimg.com/vi/eGc35Qj0y4Q/maxresdefault.jpg,CodeWithHarry,58510,2520,724,194,3:14,"3 Minutes, 14 Seconds",2024-01-18T11:30:21,https://www.youtube.com/watch?v=eGc35Qj0y4Q
X.com (Twitter) Clone using Tailwind CSS | Sigma Web Development Course - Tutorial #101,"Latest Udemy Web dev Course With Certificate: https://goharry.in/webdev
WebHostMost: https://webhostmost.com/aff.php?aff=47
Checkout the Twitter clone here: https://sigmawebdev.in/
Access the Sigma web development course playlist: https://www.youtube.com/playlist?list=PLu0W_9lII9agq5TrH9XLIKQvv0iaF2X3w
➡️ Source Code: https://github.com/CodeWithHarry/Sigma-Web-Dev-Course
➡️ Notes and CheatSheets: https://www.codewithharry.com/notes/
➡️ English Subtitles are now up for all the videos!

TimeStamps ⌚
00:00:00 - Introduction   
00:00:19 - Sigma Intro    
00:00:28 - Demo    
00:01:23 - Hosting    
00:04:01 - Starting From Scratch    
00:11:21 - Google Fonts Icons    
01:36:13 - Adding Responsiveness    
02:24:27 - Hosting The Website    
02:26:50 - Conclusion


►Checkout my English channel here: https://www.youtube.com/channel/UC7btqG2Ww0_2LwuQxpvo2HQ
►Instagram: www.instagram.com/codewithharry

python, C, C++, Java, JavaScript and Other Cheatsheets [++]:
Playlist: https://www.youtube.com/playlist?list=PLu0W_9lII9agrsRZjFECeFuWY5ev2pQlk

►Learn in One Video[++]:
Python Course with 5 Projects: https://www.youtube.com/watch?v=fqF9M92jzUo
Python[15 Hr]: https://www.youtube.com/watch?v=gfDE2a7MKjA&list=PLu0W_9lII9ahKZ42vg2w9ERPmShYbYAB7
Python Advance[3.5 Hr]: https://www.youtube.com/watch?v=61a7UkDO50s&list=PLu0W_9lII9ahKZ42vg2w9ERPmShYbYAB7
Python[1 Hr]: https://www.youtube.com/watch?v=qHJjMvHLJdg&list=PLu0W_9lII9ahKZ42vg2w9ERPmShYbYAB7
Python[2 Hr]: https://www.youtube.com/watch?v=ihk_Xglr164&list=PLu0W_9lII9ahKZ42vg2w9ERPmShYbYAB7
Python[15 Min]:https://www.youtube.com/watch?v=fr1f84rg4Nw&list=PLu0W_9lII9ahKZ42vg2w9ERPmShYbYAB7
JavaScript[1 Hr]: https://www.youtube.com/watch?v=onbBV0uFVpo&list=PLu0W_9lII9ahKZ42vg2w9ERPmShYbYAB7
C[1.3 Hr]-https://www.youtube.com/watch?v=YXcgD8hRHYY&list=PLu0W_9lII9ahKZ42vg2w9ERPmShYbYAB7
php[1 Hr]: https://www.youtube.com/watch?v=xW7ro3lwaCI&list=PLu0W_9lII9ahKZ42vg2w9ERPmShYbYAB7
php[2.3 Hr]:https://www.youtube.com/watch?v=1SnPKhCdlsU&list=PLu0W_9lII9ahKZ42vg2w9ERPmShYbYAB7
php[Project]- https://www.youtube.com/watch?v=-al2bECumKg&list=PLu0W_9lII9ahKZ42vg2w9ERPmShYbYAB7
HTML[30 Min]:https://www.youtube.com/watch?v=E3ByCRqE7Lo&list=PLu0W_9lII9ahKZ42vg2w9ERPmShYbYAB7
CSS[8.5 Hr]:https://www.youtube.com/watch?v=Edsxf_NBFrw&list=PLu0W_9lII9ahKZ42vg2w9ERPmShYbYAB7
CSS[1.4 Hr]:https://www.youtube.com/watch?v=u5-K_ua9sOw&list=PLu0W_9lII9ahKZ42vg2w9ERPmShYbYAB7
Wordpress[3.2 Hr]:https://www.youtube.com/watch?v=GlLRYml8mCY&list=PLu0W_9lII9ahKZ42vg2w9ERPmShYbYAB7
Angular[2 Hr]:https://www.youtube.com/watch?v=0LhBvp8qpro&list=PLu0W_9lII9ahKZ42vg2w9ERPmShYbYAB7
Java[2.3 Hr]:https://www.youtube.com/watch?v=rV_3Lewxx6o&list=PLu0W_9lII9ahKZ42vg2w9ERPmShYbYAB7
Web Scraping[1 Hr]:https://www.youtube.com/watch?v=uufDGjTuq34&list=PLu0W_9lII9ahKZ42vg2w9ERPmShYbYAB7
MongoDB[2 Hr]:https://www.youtube.com/watch?v=oSIv-E60NiU&list=PLu0W_9lII9ahKZ42vg2w9ERPmShYbYAB7
Numpy[1 Hr]:https://www.youtube.com/watch?v=Rbh1rieb3zc&list=PLu0W_9lII9ahKZ42vg2w9ERPmShYbYAB7
Android Dev[12 Hr]- https://www.youtube.com/watch?v=mXjZQX3UzOs
Linux[1 Hr]:https://www.youtube.com/watch?v=_tCY-c-sPZc&list=PLu0W_9lII9ahKZ42vg2w9ERPmShYbYAB7
JQuery[1.1 Hr]:https://www.youtube.com/watch?v=YFlx1C8XwR0&list=PLu0W_9lII9ahKZ42vg2w9ERPmShYbYAB7
Git and GitHub[1.1 Hr]:https://www.youtube.com/watch?v=gwWKnnCMQ5c&list=PLu0W_9lII9ahKZ42vg2w9ERPmShYbYAB7

►Complete course [playlist]:
React: https://www.youtube.com/playlist?list=PLu0W_9lII9agx66oZnT6IyhcMIbUMNMdt
Python-https://www.youtube.com/playlist?list=PLu0W_9lII9agICnT8t4iYVSZ3eykIAOME
OOP Python-https://www.youtube.com/playlist?list=PLu0W_9lII9ahfRrhFcoB-4lpp9YaBmdCP
Java:https://www.youtube.com/playlist?list=PLu0W_9lII9agS67Uits0UnJyrYiXhDS6q
JavaScript- https://www.youtube.com/playlist?list=PLu0W_9lII9ajyk081To1Cbt2eI5913SsL
PHP-https://www.youtube.com/playlist?list=PLu0W_9lII9aikXkRE0WxDt1vozo3hnmtR
C-https://www.youtube.com/playlist?list=PLu0W_9lII9aiXlHcLx-mDH1Qul38wD3aR
C++-https://www.youtube.com/playlist?list=PLu0W_9lII9agpFUAlPFe_VNSlXW5uE0YL
Git & GitHub-https://www.youtube.com/playlist?list=PLu0W_9lII9ahVQekD7ePHmnirTePXwIln
Android Dev- https://www.youtube.com/playlist?list=PLu0W_9lII9aiL0kysYlfSOUgY5rNlOhUd
Python GUI- https://www.youtube.com/playlist?list=PLu0W_9lII9ajLcqRcj4PoEihkukF_OTzA
Web Development- https://www.youtube.com/playlist?list=PLu0W_9lII9agiCUZYRsvtGTXdxkzPyItg
Python Django:https://www.youtube.com/playlist?list=PLu0W_9lII9ah7DDtYtflgwMwpT3xmjXY9
Projects Using HTML, CSS & Javascript- https://www.youtube.com/playlist?list=PLu0W_9lII9aiQiOwthuSvinxoflmhRxM3
Data Structure and Algo:https://www.youtube.com/playlist?list=PLu0W_9lII9ahIappRPN0MCAgtOu3lQjQi 

Follow Me On Social Media
►Website (created using Django Rest & Angular): https://www.codewithharry.com
►Facebook: https://www.facebook.com/CodeWithHarry
►Instagram: https://www.instagram.com/codewithharry/ 
Twitter: https://twitter.com/CodeWithHarry
Comment ""#HarryBhai"" if you read this 😉😉",https://i.ytimg.com/vi/iegMqFnVocA/maxresdefault.jpg,CodeWithHarry,240797,4954,485,8869,2:27:49,"2 Hours, 27 Minutes, 49 Seconds",2024-01-20T05:30:13,https://www.youtube.com/watch?v=iegMqFnVocA
Exercise 17 - Solution & Shoutouts | Sigma Web Development Course - Tutorial #102,"Latest Udemy Web dev Course With Certificate: https://goharry.in/webdev
Access the Sigma web development course playlist: https://www.youtube.com/playlist?list=PLu0W_9lII9agq5TrH9XLIKQvv0iaF2X3w
➡️ Source Code: https://github.com/CodeWithHarry/Sigma-Web-Dev-Course
➡️ Notes and CheatSheets: https://www.codewithharry.com/notes/
➡️ English Subtitles are now up for all the videos!

►Checkout my English channel here: https://www.youtube.com/channel/UC7btqG2Ww0_2LwuQxpvo2HQ
►Instagram: www.instagram.com/codewithharry

python, C, C++, Java, JavaScript and Other Cheatsheets [++]:
Playlist: https://www.youtube.com/playlist?list=PLu0W_9lII9agrsRZjFECeFuWY5ev2pQlk

►Learn in One Video[++]:
Python Course with 5 Projects: https://www.youtube.com/watch?v=fqF9M92jzUo
Python[15 Hr]: https://www.youtube.com/watch?v=gfDE2a7MKjA&list=PLu0W_9lII9ahKZ42vg2w9ERPmShYbYAB7
Python Advance[3.5 Hr]: https://www.youtube.com/watch?v=61a7UkDO50s&list=PLu0W_9lII9ahKZ42vg2w9ERPmShYbYAB7
Python[1 Hr]: https://www.youtube.com/watch?v=qHJjMvHLJdg&list=PLu0W_9lII9ahKZ42vg2w9ERPmShYbYAB7
Python[2 Hr]: https://www.youtube.com/watch?v=ihk_Xglr164&list=PLu0W_9lII9ahKZ42vg2w9ERPmShYbYAB7
Python[15 Min]:https://www.youtube.com/watch?v=fr1f84rg4Nw&list=PLu0W_9lII9ahKZ42vg2w9ERPmShYbYAB7
JavaScript[1 Hr]: https://www.youtube.com/watch?v=onbBV0uFVpo&list=PLu0W_9lII9ahKZ42vg2w9ERPmShYbYAB7
C[1.3 Hr]-https://www.youtube.com/watch?v=YXcgD8hRHYY&list=PLu0W_9lII9ahKZ42vg2w9ERPmShYbYAB7
php[1 Hr]: https://www.youtube.com/watch?v=xW7ro3lwaCI&list=PLu0W_9lII9ahKZ42vg2w9ERPmShYbYAB7
php[2.3 Hr]:https://www.youtube.com/watch?v=1SnPKhCdlsU&list=PLu0W_9lII9ahKZ42vg2w9ERPmShYbYAB7
php[Project]- https://www.youtube.com/watch?v=-al2bECumKg&list=PLu0W_9lII9ahKZ42vg2w9ERPmShYbYAB7
HTML[30 Min]:https://www.youtube.com/watch?v=E3ByCRqE7Lo&list=PLu0W_9lII9ahKZ42vg2w9ERPmShYbYAB7
CSS[8.5 Hr]:https://www.youtube.com/watch?v=Edsxf_NBFrw&list=PLu0W_9lII9ahKZ42vg2w9ERPmShYbYAB7
CSS[1.4 Hr]:https://www.youtube.com/watch?v=u5-K_ua9sOw&list=PLu0W_9lII9ahKZ42vg2w9ERPmShYbYAB7
Wordpress[3.2 Hr]:https://www.youtube.com/watch?v=GlLRYml8mCY&list=PLu0W_9lII9ahKZ42vg2w9ERPmShYbYAB7
Angular[2 Hr]:https://www.youtube.com/watch?v=0LhBvp8qpro&list=PLu0W_9lII9ahKZ42vg2w9ERPmShYbYAB7
Java[2.3 Hr]:https://www.youtube.com/watch?v=rV_3Lewxx6o&list=PLu0W_9lII9ahKZ42vg2w9ERPmShYbYAB7
Web Scraping[1 Hr]:https://www.youtube.com/watch?v=uufDGjTuq34&list=PLu0W_9lII9ahKZ42vg2w9ERPmShYbYAB7
MongoDB[2 Hr]:https://www.youtube.com/watch?v=oSIv-E60NiU&list=PLu0W_9lII9ahKZ42vg2w9ERPmShYbYAB7
Numpy[1 Hr]:https://www.youtube.com/watch?v=Rbh1rieb3zc&list=PLu0W_9lII9ahKZ42vg2w9ERPmShYbYAB7
Android Dev[12 Hr]- https://www.youtube.com/watch?v=mXjZQX3UzOs
Linux[1 Hr]:https://www.youtube.com/watch?v=_tCY-c-sPZc&list=PLu0W_9lII9ahKZ42vg2w9ERPmShYbYAB7
JQuery[1.1 Hr]:https://www.youtube.com/watch?v=YFlx1C8XwR0&list=PLu0W_9lII9ahKZ42vg2w9ERPmShYbYAB7
Git and GitHub[1.1 Hr]:https://www.youtube.com/watch?v=gwWKnnCMQ5c&list=PLu0W_9lII9ahKZ42vg2w9ERPmShYbYAB7

►Complete course [playlist]:
React: https://www.youtube.com/playlist?list=PLu0W_9lII9agx66oZnT6IyhcMIbUMNMdt
Python-https://www.youtube.com/playlist?list=PLu0W_9lII9agICnT8t4iYVSZ3eykIAOME
OOP Python-https://www.youtube.com/playlist?list=PLu0W_9lII9ahfRrhFcoB-4lpp9YaBmdCP
Java:https://www.youtube.com/playlist?list=PLu0W_9lII9agS67Uits0UnJyrYiXhDS6q
JavaScript- https://www.youtube.com/playlist?list=PLu0W_9lII9ajyk081To1Cbt2eI5913SsL
PHP-https://www.youtube.com/playlist?list=PLu0W_9lII9aikXkRE0WxDt1vozo3hnmtR
C-https://www.youtube.com/playlist?list=PLu0W_9lII9aiXlHcLx-mDH1Qul38wD3aR
C++-https://www.youtube.com/playlist?list=PLu0W_9lII9agpFUAlPFe_VNSlXW5uE0YL
Git & GitHub-https://www.youtube.com/playlist?list=PLu0W_9lII9ahVQekD7ePHmnirTePXwIln
Android Dev- https://www.youtube.com/playlist?list=PLu0W_9lII9aiL0kysYlfSOUgY5rNlOhUd
Python GUI- https://www.youtube.com/playlist?list=PLu0W_9lII9ajLcqRcj4PoEihkukF_OTzA
Web Development- https://www.youtube.com/playlist?list=PLu0W_9lII9agiCUZYRsvtGTXdxkzPyItg
Python Django:https://www.youtube.com/playlist?list=PLu0W_9lII9ah7DDtYtflgwMwpT3xmjXY9
Projects Using HTML, CSS & Javascript- https://www.youtube.com/playlist?list=PLu0W_9lII9aiQiOwthuSvinxoflmhRxM3
Data Structure and Algo:https://www.youtube.com/playlist?list=PLu0W_9lII9ahIappRPN0MCAgtOu3lQjQi 

Follow Me On Social Media
►Website (created using Django Rest & Angular): https://www.codewithharry.com
►Facebook: https://www.facebook.com/CodeWithHarry
►Instagram: https://www.instagram.com/codewithharry/ 
Twitter: https://twitter.com/CodeWithHarry
Comment ""#HarryBhai"" if you read this 😉😉",https://i.ytimg.com/vi/KAIGrGEDm78/maxresdefault.jpg,CodeWithHarry,40950,1466,211,709,11:49,"11 Minutes, 49 Seconds",2024-01-23T15:56:43,https://www.youtube.com/watch?v=KAIGrGEDm78
What is Hosting? Where to Host? Which Hosting? | Sigma Web Development Course - Tutorial #103,"Latest Udemy Web dev Course With Certificate: https://goharry.in/webdev
Get Free 100$ DigitalOcean Credits here: https://m.do.co/c/2f2aa100b7ee
Get Best Offer on Hostinger Hosting : https://www.hostg.xyz/SHDH1
Use Coupon Code : CODEWITHHARRY (Extra flat 10% OFF)

Access the Sigma web development course playlist: https://www.youtube.com/playlist?list=PLu0W_9lII9agq5TrH9XLIKQvv0iaF2X3w
➡️ Source Code: https://github.com/CodeWithHarry/Sigma-Web-Dev-Course
➡️ Notes and CheatSheets: https://www.codewithharry.com/notes/
➡️ English Subtitles are now up for all the videos!

►Checkout my English channel here: https://www.youtube.com/channel/UC7btqG2Ww0_2LwuQxpvo2HQ
►Instagram: https://www.instagram.com/codewithharry

python, C, C++, Java, JavaScript and Other Cheatsheets [++]:
Playlist: https://www.youtube.com/playlist?list=PLu0W_9lII9agrsRZjFECeFuWY5ev2pQlk

►Learn in One Video[++]:
Python Course with 5 Projects: https://www.youtube.com/watch?v=fqF9M92jzUo
Python[15 Hr]: https://www.youtube.com/watch?v=gfDE2a7MKjA&list=PLu0W_9lII9ahKZ42vg2w9ERPmShYbYAB7
Python Advance[3.5 Hr]: https://www.youtube.com/watch?v=61a7UkDO50s&list=PLu0W_9lII9ahKZ42vg2w9ERPmShYbYAB7
Python[1 Hr]: https://www.youtube.com/watch?v=qHJjMvHLJdg&list=PLu0W_9lII9ahKZ42vg2w9ERPmShYbYAB7
Python[2 Hr]: https://www.youtube.com/watch?v=ihk_Xglr164&list=PLu0W_9lII9ahKZ42vg2w9ERPmShYbYAB7
Python[15 Min]:https://www.youtube.com/watch?v=fr1f84rg4Nw&list=PLu0W_9lII9ahKZ42vg2w9ERPmShYbYAB7
JavaScript[1 Hr]: https://www.youtube.com/watch?v=onbBV0uFVpo&list=PLu0W_9lII9ahKZ42vg2w9ERPmShYbYAB7
C[1.3 Hr]-https://www.youtube.com/watch?v=YXcgD8hRHYY&list=PLu0W_9lII9ahKZ42vg2w9ERPmShYbYAB7
php[1 Hr]: https://www.youtube.com/watch?v=xW7ro3lwaCI&list=PLu0W_9lII9ahKZ42vg2w9ERPmShYbYAB7
php[2.3 Hr]:https://www.youtube.com/watch?v=1SnPKhCdlsU&list=PLu0W_9lII9ahKZ42vg2w9ERPmShYbYAB7
php[Project]- https://www.youtube.com/watch?v=-al2bECumKg&list=PLu0W_9lII9ahKZ42vg2w9ERPmShYbYAB7
HTML[30 Min]:https://www.youtube.com/watch?v=E3ByCRqE7Lo&list=PLu0W_9lII9ahKZ42vg2w9ERPmShYbYAB7
CSS[8.5 Hr]:https://www.youtube.com/watch?v=Edsxf_NBFrw&list=PLu0W_9lII9ahKZ42vg2w9ERPmShYbYAB7
CSS[1.4 Hr]:https://www.youtube.com/watch?v=u5-K_ua9sOw&list=PLu0W_9lII9ahKZ42vg2w9ERPmShYbYAB7
Wordpress[3.2 Hr]:https://www.youtube.com/watch?v=GlLRYml8mCY&list=PLu0W_9lII9ahKZ42vg2w9ERPmShYbYAB7
Angular[2 Hr]:https://www.youtube.com/watch?v=0LhBvp8qpro&list=PLu0W_9lII9ahKZ42vg2w9ERPmShYbYAB7
Java[2.3 Hr]:https://www.youtube.com/watch?v=rV_3Lewxx6o&list=PLu0W_9lII9ahKZ42vg2w9ERPmShYbYAB7
Web Scraping[1 Hr]:https://www.youtube.com/watch?v=uufDGjTuq34&list=PLu0W_9lII9ahKZ42vg2w9ERPmShYbYAB7
MongoDB[2 Hr]:https://www.youtube.com/watch?v=oSIv-E60NiU&list=PLu0W_9lII9ahKZ42vg2w9ERPmShYbYAB7
Numpy[1 Hr]:https://www.youtube.com/watch?v=Rbh1rieb3zc&list=PLu0W_9lII9ahKZ42vg2w9ERPmShYbYAB7
Android Dev[12 Hr]- https://www.youtube.com/watch?v=mXjZQX3UzOs
Linux[1 Hr]:https://www.youtube.com/watch?v=_tCY-c-sPZc&list=PLu0W_9lII9ahKZ42vg2w9ERPmShYbYAB7
JQuery[1.1 Hr]:https://www.youtube.com/watch?v=YFlx1C8XwR0&list=PLu0W_9lII9ahKZ42vg2w9ERPmShYbYAB7
Git and GitHub[1.1 Hr]:https://www.youtube.com/watch?v=gwWKnnCMQ5c&list=PLu0W_9lII9ahKZ42vg2w9ERPmShYbYAB7

►Complete course [playlist]:
React: https://www.youtube.com/playlist?list=PLu0W_9lII9agx66oZnT6IyhcMIbUMNMdt
Python-https://www.youtube.com/playlist?list=PLu0W_9lII9agICnT8t4iYVSZ3eykIAOME
OOP Python-https://www.youtube.com/playlist?list=PLu0W_9lII9ahfRrhFcoB-4lpp9YaBmdCP
Java:https://www.youtube.com/playlist?list=PLu0W_9lII9agS67Uits0UnJyrYiXhDS6q
JavaScript- https://www.youtube.com/playlist?list=PLu0W_9lII9ajyk081To1Cbt2eI5913SsL
PHP-https://www.youtube.com/playlist?list=PLu0W_9lII9aikXkRE0WxDt1vozo3hnmtR
C-https://www.youtube.com/playlist?list=PLu0W_9lII9aiXlHcLx-mDH1Qul38wD3aR
C++-https://www.youtube.com/playlist?list=PLu0W_9lII9agpFUAlPFe_VNSlXW5uE0YL
Git & GitHub-https://www.youtube.com/playlist?list=PLu0W_9lII9ahVQekD7ePHmnirTePXwIln
Android Dev- https://www.youtube.com/playlist?list=PLu0W_9lII9aiL0kysYlfSOUgY5rNlOhUd
Python GUI- https://www.youtube.com/playlist?list=PLu0W_9lII9ajLcqRcj4PoEihkukF_OTzA
Web Development- https://www.youtube.com/playlist?list=PLu0W_9lII9agiCUZYRsvtGTXdxkzPyItg
Python Django:https://www.youtube.com/playlist?list=PLu0W_9lII9ah7DDtYtflgwMwpT3xmjXY9
Projects Using HTML, CSS & Javascript- https://www.youtube.com/playlist?list=PLu0W_9lII9aiQiOwthuSvinxoflmhRxM3
Data Structure and Algo:https://www.youtube.com/playlist?list=PLu0W_9lII9ahIappRPN0MCAgtOu3lQjQi 

Follow Me On Social Media
►Website (created using Django Rest & Angular): https://www.codewithharry.com
►Facebook: https://www.facebook.com/CodeWithHarry
►Instagram: https://www.instagram.com/codewithharry/ 
Twitter: https://twitter.com/CodeWithHarry
Comment ""#HarryBhai"" if you read this 😉😉",https://i.ytimg.com/vi/c2A5XJidIDA/maxresdefault.jpg,CodeWithHarry,111430,4391,431,2288,38:08,"38 Minutes, 8 Seconds",2024-01-24T16:37:48,https://www.youtube.com/watch?v=c2A5XJidIDA
Hosting an Express App on Ubuntu VPS using Hostinger | Sigma Web Development Course - Tutorial #104,"Latest Udemy Web dev Course With Certificate: https://goharry.in/webdev
Get Free 100$ DigitalOcean Credits here: https://m.do.co/c/2f2aa100b7ee
Best VPS Hosting: https://www.hostg.xyz/SHEPv
Use Coupon code: CODEWITHHARRY

Access the Sigma web development course playlist: https://www.youtube.com/playlist?list=PLu0W_9lII9agq5TrH9XLIKQvv0iaF2X3w
➡️ Source Code: https://github.com/CodeWithHarry/Sigma-Web-Dev-Course
➡️ Notes and CheatSheets: https://www.codewithharry.com/notes/
➡️ English Subtitles are now up for all the videos!

►Checkout my English channel here: https://www.youtube.com/channel/UC7btqG2Ww0_2LwuQxpvo2HQ
►Instagram: https://www.instagram.com/codewithharry

python, C, C++, Java, JavaScript and Other Cheatsheets [++]:
Playlist: https://www.youtube.com/playlist?list=PLu0W_9lII9agrsRZjFECeFuWY5ev2pQlk

►Learn in One Video[++]:
Python Course with 5 Projects: https://www.youtube.com/watch?v=fqF9M92jzUo
Python[15 Hr]: https://www.youtube.com/watch?v=gfDE2a7MKjA&list=PLu0W_9lII9ahKZ42vg2w9ERPmShYbYAB7
Python Advance[3.5 Hr]: https://www.youtube.com/watch?v=61a7UkDO50s&list=PLu0W_9lII9ahKZ42vg2w9ERPmShYbYAB7
Python[1 Hr]: https://www.youtube.com/watch?v=qHJjMvHLJdg&list=PLu0W_9lII9ahKZ42vg2w9ERPmShYbYAB7
Python[2 Hr]: https://www.youtube.com/watch?v=ihk_Xglr164&list=PLu0W_9lII9ahKZ42vg2w9ERPmShYbYAB7
Python[15 Min]:https://www.youtube.com/watch?v=fr1f84rg4Nw&list=PLu0W_9lII9ahKZ42vg2w9ERPmShYbYAB7
JavaScript[1 Hr]: https://www.youtube.com/watch?v=onbBV0uFVpo&list=PLu0W_9lII9ahKZ42vg2w9ERPmShYbYAB7
C[1.3 Hr]-https://www.youtube.com/watch?v=YXcgD8hRHYY&list=PLu0W_9lII9ahKZ42vg2w9ERPmShYbYAB7
php[1 Hr]: https://www.youtube.com/watch?v=xW7ro3lwaCI&list=PLu0W_9lII9ahKZ42vg2w9ERPmShYbYAB7
php[2.3 Hr]:https://www.youtube.com/watch?v=1SnPKhCdlsU&list=PLu0W_9lII9ahKZ42vg2w9ERPmShYbYAB7
php[Project]- https://www.youtube.com/watch?v=-al2bECumKg&list=PLu0W_9lII9ahKZ42vg2w9ERPmShYbYAB7
HTML[30 Min]:https://www.youtube.com/watch?v=E3ByCRqE7Lo&list=PLu0W_9lII9ahKZ42vg2w9ERPmShYbYAB7
CSS[8.5 Hr]:https://www.youtube.com/watch?v=Edsxf_NBFrw&list=PLu0W_9lII9ahKZ42vg2w9ERPmShYbYAB7
CSS[1.4 Hr]:https://www.youtube.com/watch?v=u5-K_ua9sOw&list=PLu0W_9lII9ahKZ42vg2w9ERPmShYbYAB7
Wordpress[3.2 Hr]:https://www.youtube.com/watch?v=GlLRYml8mCY&list=PLu0W_9lII9ahKZ42vg2w9ERPmShYbYAB7
Angular[2 Hr]:https://www.youtube.com/watch?v=0LhBvp8qpro&list=PLu0W_9lII9ahKZ42vg2w9ERPmShYbYAB7
Java[2.3 Hr]:https://www.youtube.com/watch?v=rV_3Lewxx6o&list=PLu0W_9lII9ahKZ42vg2w9ERPmShYbYAB7
Web Scraping[1 Hr]:https://www.youtube.com/watch?v=uufDGjTuq34&list=PLu0W_9lII9ahKZ42vg2w9ERPmShYbYAB7
MongoDB[2 Hr]:https://www.youtube.com/watch?v=oSIv-E60NiU&list=PLu0W_9lII9ahKZ42vg2w9ERPmShYbYAB7
Numpy[1 Hr]:https://www.youtube.com/watch?v=Rbh1rieb3zc&list=PLu0W_9lII9ahKZ42vg2w9ERPmShYbYAB7
Android Dev[12 Hr]- https://www.youtube.com/watch?v=mXjZQX3UzOs
Linux[1 Hr]:https://www.youtube.com/watch?v=_tCY-c-sPZc&list=PLu0W_9lII9ahKZ42vg2w9ERPmShYbYAB7
JQuery[1.1 Hr]:https://www.youtube.com/watch?v=YFlx1C8XwR0&list=PLu0W_9lII9ahKZ42vg2w9ERPmShYbYAB7
Git and GitHub[1.1 Hr]:https://www.youtube.com/watch?v=gwWKnnCMQ5c&list=PLu0W_9lII9ahKZ42vg2w9ERPmShYbYAB7

►Complete course [playlist]:
React: https://www.youtube.com/playlist?list=PLu0W_9lII9agx66oZnT6IyhcMIbUMNMdt
Python-https://www.youtube.com/playlist?list=PLu0W_9lII9agICnT8t4iYVSZ3eykIAOME
OOP Python-https://www.youtube.com/playlist?list=PLu0W_9lII9ahfRrhFcoB-4lpp9YaBmdCP
Java:https://www.youtube.com/playlist?list=PLu0W_9lII9agS67Uits0UnJyrYiXhDS6q
JavaScript- https://www.youtube.com/playlist?list=PLu0W_9lII9ajyk081To1Cbt2eI5913SsL
PHP-https://www.youtube.com/playlist?list=PLu0W_9lII9aikXkRE0WxDt1vozo3hnmtR
C-https://www.youtube.com/playlist?list=PLu0W_9lII9aiXlHcLx-mDH1Qul38wD3aR
C++-https://www.youtube.com/playlist?list=PLu0W_9lII9agpFUAlPFe_VNSlXW5uE0YL
Git & GitHub-https://www.youtube.com/playlist?list=PLu0W_9lII9ahVQekD7ePHmnirTePXwIln
Android Dev- https://www.youtube.com/playlist?list=PLu0W_9lII9aiL0kysYlfSOUgY5rNlOhUd
Python GUI- https://www.youtube.com/playlist?list=PLu0W_9lII9ajLcqRcj4PoEihkukF_OTzA
Web Development- https://www.youtube.com/playlist?list=PLu0W_9lII9agiCUZYRsvtGTXdxkzPyItg
Python Django:https://www.youtube.com/playlist?list=PLu0W_9lII9ah7DDtYtflgwMwpT3xmjXY9
Projects Using HTML, CSS & Javascript- https://www.youtube.com/playlist?list=PLu0W_9lII9aiQiOwthuSvinxoflmhRxM3
Data Structure and Algo:https://www.youtube.com/playlist?list=PLu0W_9lII9ahIappRPN0MCAgtOu3lQjQi 

Follow Me On Social Media
►Website (created using Django Rest & Angular): https://www.codewithharry.com
►Facebook: https://www.facebook.com/CodeWithHarry
►Instagram: https://www.instagram.com/codewithharry/ 
Twitter: https://twitter.com/CodeWithHarry
Comment ""#HarryBhai"" if you read this 😉😉",https://i.ytimg.com/vi/AgjdDXofJZ8/maxresdefault.jpg,CodeWithHarry,70220,2167,256,1446,24:06,"24 Minutes, 6 Seconds",2024-01-25T16:01:04,https://www.youtube.com/watch?v=AgjdDXofJZ8
Introduction to React & Why use React? | Sigma Web Development Course - Tutorial #105,"Latest Udemy Web dev Course With Certificate: https://goharry.in/webdev
Access the Sigma web development course playlist: https://www.youtube.com/playlist?list=PLu0W_9lII9agq5TrH9XLIKQvv0iaF2X3w
➡️ Source Code: https://github.com/CodeWithHarry/Sigma-Web-Dev-Course
➡️ Notes and CheatSheets: https://www.codewithharry.com/notes/
➡️ English Subtitles are now up for all the videos!

►Checkout my English channel here: https://www.youtube.com/channel/UC7btqG2Ww0_2LwuQxpvo2HQ
►Instagram: https://www.instagram.com/codewithharry

python, C, C++, Java, JavaScript and Other Cheatsheets [++]:
Playlist: https://www.youtube.com/playlist?list=PLu0W_9lII9agrsRZjFECeFuWY5ev2pQlk

►Learn in One Video[++]:
Python Course with 5 Projects: https://www.youtube.com/watch?v=fqF9M92jzUo
Python[15 Hr]: https://www.youtube.com/watch?v=gfDE2a7MKjA&list=PLu0W_9lII9ahKZ42vg2w9ERPmShYbYAB7
Python Advance[3.5 Hr]: https://www.youtube.com/watch?v=61a7UkDO50s&list=PLu0W_9lII9ahKZ42vg2w9ERPmShYbYAB7
Python[1 Hr]: https://www.youtube.com/watch?v=qHJjMvHLJdg&list=PLu0W_9lII9ahKZ42vg2w9ERPmShYbYAB7
Python[2 Hr]: https://www.youtube.com/watch?v=ihk_Xglr164&list=PLu0W_9lII9ahKZ42vg2w9ERPmShYbYAB7
Python[15 Min]:https://www.youtube.com/watch?v=fr1f84rg4Nw&list=PLu0W_9lII9ahKZ42vg2w9ERPmShYbYAB7
JavaScript[1 Hr]: https://www.youtube.com/watch?v=onbBV0uFVpo&list=PLu0W_9lII9ahKZ42vg2w9ERPmShYbYAB7
C[1.3 Hr]-https://www.youtube.com/watch?v=YXcgD8hRHYY&list=PLu0W_9lII9ahKZ42vg2w9ERPmShYbYAB7
php[1 Hr]: https://www.youtube.com/watch?v=xW7ro3lwaCI&list=PLu0W_9lII9ahKZ42vg2w9ERPmShYbYAB7
php[2.3 Hr]:https://www.youtube.com/watch?v=1SnPKhCdlsU&list=PLu0W_9lII9ahKZ42vg2w9ERPmShYbYAB7
php[Project]- https://www.youtube.com/watch?v=-al2bECumKg&list=PLu0W_9lII9ahKZ42vg2w9ERPmShYbYAB7
HTML[30 Min]:https://www.youtube.com/watch?v=E3ByCRqE7Lo&list=PLu0W_9lII9ahKZ42vg2w9ERPmShYbYAB7
CSS[8.5 Hr]:https://www.youtube.com/watch?v=Edsxf_NBFrw&list=PLu0W_9lII9ahKZ42vg2w9ERPmShYbYAB7
CSS[1.4 Hr]:https://www.youtube.com/watch?v=u5-K_ua9sOw&list=PLu0W_9lII9ahKZ42vg2w9ERPmShYbYAB7
Wordpress[3.2 Hr]:https://www.youtube.com/watch?v=GlLRYml8mCY&list=PLu0W_9lII9ahKZ42vg2w9ERPmShYbYAB7
Angular[2 Hr]:https://www.youtube.com/watch?v=0LhBvp8qpro&list=PLu0W_9lII9ahKZ42vg2w9ERPmShYbYAB7
Java[2.3 Hr]:https://www.youtube.com/watch?v=rV_3Lewxx6o&list=PLu0W_9lII9ahKZ42vg2w9ERPmShYbYAB7
Web Scraping[1 Hr]:https://www.youtube.com/watch?v=uufDGjTuq34&list=PLu0W_9lII9ahKZ42vg2w9ERPmShYbYAB7
MongoDB[2 Hr]:https://www.youtube.com/watch?v=oSIv-E60NiU&list=PLu0W_9lII9ahKZ42vg2w9ERPmShYbYAB7
Numpy[1 Hr]:https://www.youtube.com/watch?v=Rbh1rieb3zc&list=PLu0W_9lII9ahKZ42vg2w9ERPmShYbYAB7
Android Dev[12 Hr]- https://www.youtube.com/watch?v=mXjZQX3UzOs
Linux[1 Hr]:https://www.youtube.com/watch?v=_tCY-c-sPZc&list=PLu0W_9lII9ahKZ42vg2w9ERPmShYbYAB7
JQuery[1.1 Hr]:https://www.youtube.com/watch?v=YFlx1C8XwR0&list=PLu0W_9lII9ahKZ42vg2w9ERPmShYbYAB7
Git and GitHub[1.1 Hr]:https://www.youtube.com/watch?v=gwWKnnCMQ5c&list=PLu0W_9lII9ahKZ42vg2w9ERPmShYbYAB7

►Complete course [playlist]:
React: https://www.youtube.com/playlist?list=PLu0W_9lII9agx66oZnT6IyhcMIbUMNMdt
Python-https://www.youtube.com/playlist?list=PLu0W_9lII9agICnT8t4iYVSZ3eykIAOME
OOP Python-https://www.youtube.com/playlist?list=PLu0W_9lII9ahfRrhFcoB-4lpp9YaBmdCP
Java:https://www.youtube.com/playlist?list=PLu0W_9lII9agS67Uits0UnJyrYiXhDS6q
JavaScript- https://www.youtube.com/playlist?list=PLu0W_9lII9ajyk081To1Cbt2eI5913SsL
PHP-https://www.youtube.com/playlist?list=PLu0W_9lII9aikXkRE0WxDt1vozo3hnmtR
C-https://www.youtube.com/playlist?list=PLu0W_9lII9aiXlHcLx-mDH1Qul38wD3aR
C++-https://www.youtube.com/playlist?list=PLu0W_9lII9agpFUAlPFe_VNSlXW5uE0YL
Git & GitHub-https://www.youtube.com/playlist?list=PLu0W_9lII9ahVQekD7ePHmnirTePXwIln
Android Dev- https://www.youtube.com/playlist?list=PLu0W_9lII9aiL0kysYlfSOUgY5rNlOhUd
Python GUI- https://www.youtube.com/playlist?list=PLu0W_9lII9ajLcqRcj4PoEihkukF_OTzA
Web Development- https://www.youtube.com/playlist?list=PLu0W_9lII9agiCUZYRsvtGTXdxkzPyItg
Python Django:https://www.youtube.com/playlist?list=PLu0W_9lII9ah7DDtYtflgwMwpT3xmjXY9
Projects Using HTML, CSS & Javascript- https://www.youtube.com/playlist?list=PLu0W_9lII9aiQiOwthuSvinxoflmhRxM3
Data Structure and Algo:https://www.youtube.com/playlist?list=PLu0W_9lII9ahIappRPN0MCAgtOu3lQjQi 

Follow Me On Social Media
►Website (created using Django Rest & Angular): https://www.codewithharry.com
►Facebook: https://www.facebook.com/CodeWithHarry
►Instagram: https://www.instagram.com/codewithharry/ 
Twitter: https://twitter.com/CodeWithHarry
Comment ""#HarryBhai"" if you read this 😉😉",https://i.ytimg.com/vi/nhSZ4LhIii8/maxresdefault.jpg,CodeWithHarry,241756,7660,898,2438,40:38,"40 Minutes, 38 Seconds",2024-01-28T17:51:22,https://www.youtube.com/watch?v=nhSZ4LhIii8
"Components, Props and JSX in React | Sigma Web Development Course - Tutorial #106","Latest Udemy Web dev Course With Certificate: https://goharry.in/webdev
Access the Sigma web development course playlist: https://www.youtube.com/playlist?list=PLu0W_9lII9agq5TrH9XLIKQvv0iaF2X3w
➡️ Source Code: https://github.com/CodeWithHarry/Sigma-Web-Dev-Course
➡️ Notes and CheatSheets: https://www.codewithharry.com/notes/
➡️ English Subtitles are now up for all the videos!

►Checkout my English channel here: https://www.youtube.com/channel/UC7btqG2Ww0_2LwuQxpvo2HQ
►Instagram: https://www.instagram.com/codewithharry

python, C, C++, Java, JavaScript and Other Cheatsheets [++]:
Playlist: https://www.youtube.com/playlist?list=PLu0W_9lII9agrsRZjFECeFuWY5ev2pQlk

►Learn in One Video[++]:
Python Course with 5 Projects: https://www.youtube.com/watch?v=fqF9M92jzUo
Python[15 Hr]: https://www.youtube.com/watch?v=gfDE2a7MKjA&list=PLu0W_9lII9ahKZ42vg2w9ERPmShYbYAB7
Python Advance[3.5 Hr]: https://www.youtube.com/watch?v=61a7UkDO50s&list=PLu0W_9lII9ahKZ42vg2w9ERPmShYbYAB7
Python[1 Hr]: https://www.youtube.com/watch?v=qHJjMvHLJdg&list=PLu0W_9lII9ahKZ42vg2w9ERPmShYbYAB7
Python[2 Hr]: https://www.youtube.com/watch?v=ihk_Xglr164&list=PLu0W_9lII9ahKZ42vg2w9ERPmShYbYAB7
Python[15 Min]:https://www.youtube.com/watch?v=fr1f84rg4Nw&list=PLu0W_9lII9ahKZ42vg2w9ERPmShYbYAB7
JavaScript[1 Hr]: https://www.youtube.com/watch?v=onbBV0uFVpo&list=PLu0W_9lII9ahKZ42vg2w9ERPmShYbYAB7
C[1.3 Hr]-https://www.youtube.com/watch?v=YXcgD8hRHYY&list=PLu0W_9lII9ahKZ42vg2w9ERPmShYbYAB7
php[1 Hr]: https://www.youtube.com/watch?v=xW7ro3lwaCI&list=PLu0W_9lII9ahKZ42vg2w9ERPmShYbYAB7
php[2.3 Hr]:https://www.youtube.com/watch?v=1SnPKhCdlsU&list=PLu0W_9lII9ahKZ42vg2w9ERPmShYbYAB7
php[Project]- https://www.youtube.com/watch?v=-al2bECumKg&list=PLu0W_9lII9ahKZ42vg2w9ERPmShYbYAB7
HTML[30 Min]:https://www.youtube.com/watch?v=E3ByCRqE7Lo&list=PLu0W_9lII9ahKZ42vg2w9ERPmShYbYAB7
CSS[8.5 Hr]:https://www.youtube.com/watch?v=Edsxf_NBFrw&list=PLu0W_9lII9ahKZ42vg2w9ERPmShYbYAB7
CSS[1.4 Hr]:https://www.youtube.com/watch?v=u5-K_ua9sOw&list=PLu0W_9lII9ahKZ42vg2w9ERPmShYbYAB7
Wordpress[3.2 Hr]:https://www.youtube.com/watch?v=GlLRYml8mCY&list=PLu0W_9lII9ahKZ42vg2w9ERPmShYbYAB7
Angular[2 Hr]:https://www.youtube.com/watch?v=0LhBvp8qpro&list=PLu0W_9lII9ahKZ42vg2w9ERPmShYbYAB7
Java[2.3 Hr]:https://www.youtube.com/watch?v=rV_3Lewxx6o&list=PLu0W_9lII9ahKZ42vg2w9ERPmShYbYAB7
Web Scraping[1 Hr]:https://www.youtube.com/watch?v=uufDGjTuq34&list=PLu0W_9lII9ahKZ42vg2w9ERPmShYbYAB7
MongoDB[2 Hr]:https://www.youtube.com/watch?v=oSIv-E60NiU&list=PLu0W_9lII9ahKZ42vg2w9ERPmShYbYAB7
Numpy[1 Hr]:https://www.youtube.com/watch?v=Rbh1rieb3zc&list=PLu0W_9lII9ahKZ42vg2w9ERPmShYbYAB7
Android Dev[12 Hr]- https://www.youtube.com/watch?v=mXjZQX3UzOs
Linux[1 Hr]:https://www.youtube.com/watch?v=_tCY-c-sPZc&list=PLu0W_9lII9ahKZ42vg2w9ERPmShYbYAB7
JQuery[1.1 Hr]:https://www.youtube.com/watch?v=YFlx1C8XwR0&list=PLu0W_9lII9ahKZ42vg2w9ERPmShYbYAB7
Git and GitHub[1.1 Hr]:https://www.youtube.com/watch?v=gwWKnnCMQ5c&list=PLu0W_9lII9ahKZ42vg2w9ERPmShYbYAB7

►Complete course [playlist]:
React: https://www.youtube.com/playlist?list=PLu0W_9lII9agx66oZnT6IyhcMIbUMNMdt
Python-https://www.youtube.com/playlist?list=PLu0W_9lII9agICnT8t4iYVSZ3eykIAOME
OOP Python-https://www.youtube.com/playlist?list=PLu0W_9lII9ahfRrhFcoB-4lpp9YaBmdCP
Java:https://www.youtube.com/playlist?list=PLu0W_9lII9agS67Uits0UnJyrYiXhDS6q
JavaScript- https://www.youtube.com/playlist?list=PLu0W_9lII9ajyk081To1Cbt2eI5913SsL
PHP-https://www.youtube.com/playlist?list=PLu0W_9lII9aikXkRE0WxDt1vozo3hnmtR
C-https://www.youtube.com/playlist?list=PLu0W_9lII9aiXlHcLx-mDH1Qul38wD3aR
C++-https://www.youtube.com/playlist?list=PLu0W_9lII9agpFUAlPFe_VNSlXW5uE0YL
Git & GitHub-https://www.youtube.com/playlist?list=PLu0W_9lII9ahVQekD7ePHmnirTePXwIln
Android Dev- https://www.youtube.com/playlist?list=PLu0W_9lII9aiL0kysYlfSOUgY5rNlOhUd
Python GUI- https://www.youtube.com/playlist?list=PLu0W_9lII9ajLcqRcj4PoEihkukF_OTzA
Web Development- https://www.youtube.com/playlist?list=PLu0W_9lII9agiCUZYRsvtGTXdxkzPyItg
Python Django:https://www.youtube.com/playlist?list=PLu0W_9lII9ah7DDtYtflgwMwpT3xmjXY9
Projects Using HTML, CSS & Javascript- https://www.youtube.com/playlist?list=PLu0W_9lII9aiQiOwthuSvinxoflmhRxM3
Data Structure and Algo:https://www.youtube.com/playlist?list=PLu0W_9lII9ahIappRPN0MCAgtOu3lQjQi 

Follow Me On Social Media
►Website (created using Django Rest & Angular): https://www.codewithharry.com
►Facebook: https://www.facebook.com/CodeWithHarry
►Instagram: https://www.instagram.com/codewithharry/ 
Twitter: https://twitter.com/CodeWithHarry
Comment ""#HarryBhai"" if you read this 😉😉",https://i.ytimg.com/vi/S4VH8hddg8c/maxresdefault.jpg,CodeWithHarry,186919,6419,1435,1613,26:53,"26 Minutes, 53 Seconds",2024-01-29T16:13:43,https://www.youtube.com/watch?v=S4VH8hddg8c
Hooks & State in React | Sigma Web Development Course - Tutorial #107,"Latest Udemy Web dev Course With Certificate: https://goharry.in/webdev
Access the Sigma web development course playlist: https://www.youtube.com/playlist?list=PLu0W_9lII9agq5TrH9XLIKQvv0iaF2X3w
➡️ Source Code: https://github.com/CodeWithHarry/Sigma-Web-Dev-Course
➡️ Notes and CheatSheets: https://www.codewithharry.com/notes/
➡️ English Subtitles are now up for all the videos!

►Checkout my English channel here: https://www.youtube.com/channel/UC7btqG2Ww0_2LwuQxpvo2HQ
►Instagram: https://www.instagram.com/codewithharry

python, C, C++, Java, JavaScript and Other Cheatsheets [++]:
Playlist: https://www.youtube.com/playlist?list=PLu0W_9lII9agrsRZjFECeFuWY5ev2pQlk

►Learn in One Video[++]:
Python Course with 5 Projects: https://www.youtube.com/watch?v=fqF9M92jzUo
Python[15 Hr]: https://www.youtube.com/watch?v=gfDE2a7MKjA&list=PLu0W_9lII9ahKZ42vg2w9ERPmShYbYAB7
Python Advance[3.5 Hr]: https://www.youtube.com/watch?v=61a7UkDO50s&list=PLu0W_9lII9ahKZ42vg2w9ERPmShYbYAB7
Python[1 Hr]: https://www.youtube.com/watch?v=qHJjMvHLJdg&list=PLu0W_9lII9ahKZ42vg2w9ERPmShYbYAB7
Python[2 Hr]: https://www.youtube.com/watch?v=ihk_Xglr164&list=PLu0W_9lII9ahKZ42vg2w9ERPmShYbYAB7
Python[15 Min]:https://www.youtube.com/watch?v=fr1f84rg4Nw&list=PLu0W_9lII9ahKZ42vg2w9ERPmShYbYAB7
JavaScript[1 Hr]: https://www.youtube.com/watch?v=onbBV0uFVpo&list=PLu0W_9lII9ahKZ42vg2w9ERPmShYbYAB7
C[1.3 Hr]-https://www.youtube.com/watch?v=YXcgD8hRHYY&list=PLu0W_9lII9ahKZ42vg2w9ERPmShYbYAB7
php[1 Hr]: https://www.youtube.com/watch?v=xW7ro3lwaCI&list=PLu0W_9lII9ahKZ42vg2w9ERPmShYbYAB7
php[2.3 Hr]:https://www.youtube.com/watch?v=1SnPKhCdlsU&list=PLu0W_9lII9ahKZ42vg2w9ERPmShYbYAB7
php[Project]- https://www.youtube.com/watch?v=-al2bECumKg&list=PLu0W_9lII9ahKZ42vg2w9ERPmShYbYAB7
HTML[30 Min]:https://www.youtube.com/watch?v=E3ByCRqE7Lo&list=PLu0W_9lII9ahKZ42vg2w9ERPmShYbYAB7
CSS[8.5 Hr]:https://www.youtube.com/watch?v=Edsxf_NBFrw&list=PLu0W_9lII9ahKZ42vg2w9ERPmShYbYAB7
CSS[1.4 Hr]:https://www.youtube.com/watch?v=u5-K_ua9sOw&list=PLu0W_9lII9ahKZ42vg2w9ERPmShYbYAB7
Wordpress[3.2 Hr]:https://www.youtube.com/watch?v=GlLRYml8mCY&list=PLu0W_9lII9ahKZ42vg2w9ERPmShYbYAB7
Angular[2 Hr]:https://www.youtube.com/watch?v=0LhBvp8qpro&list=PLu0W_9lII9ahKZ42vg2w9ERPmShYbYAB7
Java[2.3 Hr]:https://www.youtube.com/watch?v=rV_3Lewxx6o&list=PLu0W_9lII9ahKZ42vg2w9ERPmShYbYAB7
Web Scraping[1 Hr]:https://www.youtube.com/watch?v=uufDGjTuq34&list=PLu0W_9lII9ahKZ42vg2w9ERPmShYbYAB7
MongoDB[2 Hr]:https://www.youtube.com/watch?v=oSIv-E60NiU&list=PLu0W_9lII9ahKZ42vg2w9ERPmShYbYAB7
Numpy[1 Hr]:https://www.youtube.com/watch?v=Rbh1rieb3zc&list=PLu0W_9lII9ahKZ42vg2w9ERPmShYbYAB7
Android Dev[12 Hr]- https://www.youtube.com/watch?v=mXjZQX3UzOs
Linux[1 Hr]:https://www.youtube.com/watch?v=_tCY-c-sPZc&list=PLu0W_9lII9ahKZ42vg2w9ERPmShYbYAB7
JQuery[1.1 Hr]:https://www.youtube.com/watch?v=YFlx1C8XwR0&list=PLu0W_9lII9ahKZ42vg2w9ERPmShYbYAB7
Git and GitHub[1.1 Hr]:https://www.youtube.com/watch?v=gwWKnnCMQ5c&list=PLu0W_9lII9ahKZ42vg2w9ERPmShYbYAB7

►Complete course [playlist]:
React: https://www.youtube.com/playlist?list=PLu0W_9lII9agx66oZnT6IyhcMIbUMNMdt
Python-https://www.youtube.com/playlist?list=PLu0W_9lII9agICnT8t4iYVSZ3eykIAOME
OOP Python-https://www.youtube.com/playlist?list=PLu0W_9lII9ahfRrhFcoB-4lpp9YaBmdCP
Java:https://www.youtube.com/playlist?list=PLu0W_9lII9agS67Uits0UnJyrYiXhDS6q
JavaScript- https://www.youtube.com/playlist?list=PLu0W_9lII9ajyk081To1Cbt2eI5913SsL
PHP-https://www.youtube.com/playlist?list=PLu0W_9lII9aikXkRE0WxDt1vozo3hnmtR
C-https://www.youtube.com/playlist?list=PLu0W_9lII9aiXlHcLx-mDH1Qul38wD3aR
C++-https://www.youtube.com/playlist?list=PLu0W_9lII9agpFUAlPFe_VNSlXW5uE0YL
Git & GitHub-https://www.youtube.com/playlist?list=PLu0W_9lII9ahVQekD7ePHmnirTePXwIln
Android Dev- https://www.youtube.com/playlist?list=PLu0W_9lII9aiL0kysYlfSOUgY5rNlOhUd
Python GUI- https://www.youtube.com/playlist?list=PLu0W_9lII9ajLcqRcj4PoEihkukF_OTzA
Web Development- https://www.youtube.com/playlist?list=PLu0W_9lII9agiCUZYRsvtGTXdxkzPyItg
Python Django:https://www.youtube.com/playlist?list=PLu0W_9lII9ah7DDtYtflgwMwpT3xmjXY9
Projects Using HTML, CSS & Javascript- https://www.youtube.com/playlist?list=PLu0W_9lII9aiQiOwthuSvinxoflmhRxM3
Data Structure and Algo:https://www.youtube.com/playlist?list=PLu0W_9lII9ahIappRPN0MCAgtOu3lQjQi 

Follow Me On Social Media
►Website (created using Django Rest & Angular): https://www.codewithharry.com
►Facebook: https://www.facebook.com/CodeWithHarry
►Instagram: https://www.instagram.com/codewithharry/ 
Twitter: https://twitter.com/CodeWithHarry
Comment ""#HarryBhai"" if you read this 😉😉",https://i.ytimg.com/vi/zHoWgJD0jw4/maxresdefault.jpg,CodeWithHarry,143548,5154,522,679,11:19,"11 Minutes, 19 Seconds",2024-01-30T15:54:47,https://www.youtube.com/watch?v=zHoWgJD0jw4
The useEffect Hook in React | Sigma Web Development Course - Tutorial #108,"Latest Udemy Web dev Course With Certificate: https://goharry.in/webdev
Access the Sigma web development course playlist: https://www.youtube.com/playlist?list=PLu0W_9lII9agq5TrH9XLIKQvv0iaF2X3w
➡️ Source Code: https://github.com/CodeWithHarry/Sigma-Web-Dev-Course
➡️ Notes and CheatSheets: https://www.codewithharry.com/notes/
➡️ English Subtitles are now up for all the videos!

►Checkout my English channel here: https://www.youtube.com/channel/UC7btqG2Ww0_2LwuQxpvo2HQ
►Instagram: https://www.instagram.com/codewithharry

python, C, C++, Java, JavaScript and Other Cheatsheets [++]:
Playlist: https://www.youtube.com/playlist?list=PLu0W_9lII9agrsRZjFECeFuWY5ev2pQlk

►Learn in One Video[++]:
Python Course with 5 Projects: https://www.youtube.com/watch?v=fqF9M92jzUo
Python[15 Hr]: https://www.youtube.com/watch?v=gfDE2a7MKjA&list=PLu0W_9lII9ahKZ42vg2w9ERPmShYbYAB7
Python Advance[3.5 Hr]: https://www.youtube.com/watch?v=61a7UkDO50s&list=PLu0W_9lII9ahKZ42vg2w9ERPmShYbYAB7
Python[1 Hr]: https://www.youtube.com/watch?v=qHJjMvHLJdg&list=PLu0W_9lII9ahKZ42vg2w9ERPmShYbYAB7
Python[2 Hr]: https://www.youtube.com/watch?v=ihk_Xglr164&list=PLu0W_9lII9ahKZ42vg2w9ERPmShYbYAB7
Python[15 Min]:https://www.youtube.com/watch?v=fr1f84rg4Nw&list=PLu0W_9lII9ahKZ42vg2w9ERPmShYbYAB7
JavaScript[1 Hr]: https://www.youtube.com/watch?v=onbBV0uFVpo&list=PLu0W_9lII9ahKZ42vg2w9ERPmShYbYAB7
C[1.3 Hr]-https://www.youtube.com/watch?v=YXcgD8hRHYY&list=PLu0W_9lII9ahKZ42vg2w9ERPmShYbYAB7
php[1 Hr]: https://www.youtube.com/watch?v=xW7ro3lwaCI&list=PLu0W_9lII9ahKZ42vg2w9ERPmShYbYAB7
php[2.3 Hr]:https://www.youtube.com/watch?v=1SnPKhCdlsU&list=PLu0W_9lII9ahKZ42vg2w9ERPmShYbYAB7
php[Project]- https://www.youtube.com/watch?v=-al2bECumKg&list=PLu0W_9lII9ahKZ42vg2w9ERPmShYbYAB7
HTML[30 Min]:https://www.youtube.com/watch?v=E3ByCRqE7Lo&list=PLu0W_9lII9ahKZ42vg2w9ERPmShYbYAB7
CSS[8.5 Hr]:https://www.youtube.com/watch?v=Edsxf_NBFrw&list=PLu0W_9lII9ahKZ42vg2w9ERPmShYbYAB7
CSS[1.4 Hr]:https://www.youtube.com/watch?v=u5-K_ua9sOw&list=PLu0W_9lII9ahKZ42vg2w9ERPmShYbYAB7
Wordpress[3.2 Hr]:https://www.youtube.com/watch?v=GlLRYml8mCY&list=PLu0W_9lII9ahKZ42vg2w9ERPmShYbYAB7
Angular[2 Hr]:https://www.youtube.com/watch?v=0LhBvp8qpro&list=PLu0W_9lII9ahKZ42vg2w9ERPmShYbYAB7
Java[2.3 Hr]:https://www.youtube.com/watch?v=rV_3Lewxx6o&list=PLu0W_9lII9ahKZ42vg2w9ERPmShYbYAB7
Web Scraping[1 Hr]:https://www.youtube.com/watch?v=uufDGjTuq34&list=PLu0W_9lII9ahKZ42vg2w9ERPmShYbYAB7
MongoDB[2 Hr]:https://www.youtube.com/watch?v=oSIv-E60NiU&list=PLu0W_9lII9ahKZ42vg2w9ERPmShYbYAB7
Numpy[1 Hr]:https://www.youtube.com/watch?v=Rbh1rieb3zc&list=PLu0W_9lII9ahKZ42vg2w9ERPmShYbYAB7
Android Dev[12 Hr]- https://www.youtube.com/watch?v=mXjZQX3UzOs
Linux[1 Hr]:https://www.youtube.com/watch?v=_tCY-c-sPZc&list=PLu0W_9lII9ahKZ42vg2w9ERPmShYbYAB7
JQuery[1.1 Hr]:https://www.youtube.com/watch?v=YFlx1C8XwR0&list=PLu0W_9lII9ahKZ42vg2w9ERPmShYbYAB7
Git and GitHub[1.1 Hr]:https://www.youtube.com/watch?v=gwWKnnCMQ5c&list=PLu0W_9lII9ahKZ42vg2w9ERPmShYbYAB7

►Complete course [playlist]:
React: https://www.youtube.com/playlist?list=PLu0W_9lII9agx66oZnT6IyhcMIbUMNMdt
Python-https://www.youtube.com/playlist?list=PLu0W_9lII9agICnT8t4iYVSZ3eykIAOME
OOP Python-https://www.youtube.com/playlist?list=PLu0W_9lII9ahfRrhFcoB-4lpp9YaBmdCP
Java:https://www.youtube.com/playlist?list=PLu0W_9lII9agS67Uits0UnJyrYiXhDS6q
JavaScript- https://www.youtube.com/playlist?list=PLu0W_9lII9ajyk081To1Cbt2eI5913SsL
PHP-https://www.youtube.com/playlist?list=PLu0W_9lII9aikXkRE0WxDt1vozo3hnmtR
C-https://www.youtube.com/playlist?list=PLu0W_9lII9aiXlHcLx-mDH1Qul38wD3aR
C++-https://www.youtube.com/playlist?list=PLu0W_9lII9agpFUAlPFe_VNSlXW5uE0YL
Git & GitHub-https://www.youtube.com/playlist?list=PLu0W_9lII9ahVQekD7ePHmnirTePXwIln
Android Dev- https://www.youtube.com/playlist?list=PLu0W_9lII9aiL0kysYlfSOUgY5rNlOhUd
Python GUI- https://www.youtube.com/playlist?list=PLu0W_9lII9ajLcqRcj4PoEihkukF_OTzA
Web Development- https://www.youtube.com/playlist?list=PLu0W_9lII9agiCUZYRsvtGTXdxkzPyItg
Python Django:https://www.youtube.com/playlist?list=PLu0W_9lII9ah7DDtYtflgwMwpT3xmjXY9
Projects Using HTML, CSS & Javascript- https://www.youtube.com/playlist?list=PLu0W_9lII9aiQiOwthuSvinxoflmhRxM3
Data Structure and Algo:https://www.youtube.com/playlist?list=PLu0W_9lII9ahIappRPN0MCAgtOu3lQjQi 

Follow Me On Social Media
►Website (created using Django Rest & Angular): https://www.codewithharry.com
►Facebook: https://www.facebook.com/CodeWithHarry
►Instagram: https://www.instagram.com/codewithharry/ 
Twitter: https://twitter.com/CodeWithHarry
Comment ""#HarryBhai"" if you read this 😉😉",https://i.ytimg.com/vi/bio2eP5YXyw/maxresdefault.jpg,CodeWithHarry,189499,6168,640,1566,26:06,"26 Minutes, 6 Seconds",2024-01-31T16:04:08,https://www.youtube.com/watch?v=bio2eP5YXyw
The useRef Hook in React | Sigma Web Development Course - Tutorial #109,"Latest Udemy Web dev Course With Certificate: https://goharry.in/webdev
Access the Sigma web development course playlist: https://www.youtube.com/playlist?list=PLu0W_9lII9agq5TrH9XLIKQvv0iaF2X3w
➡️ Source Code: https://github.com/CodeWithHarry/Sigma-Web-Dev-Course
➡️ Notes and CheatSheets: https://www.codewithharry.com/notes/
➡️ English Subtitles are now up for all the videos!

►Checkout my English channel here: https://www.youtube.com/channel/UC7btqG2Ww0_2LwuQxpvo2HQ
►Instagram: https://www.instagram.com/codewithharry

python, C, C++, Java, JavaScript and Other Cheatsheets [++]:
Playlist: https://www.youtube.com/playlist?list=PLu0W_9lII9agrsRZjFECeFuWY5ev2pQlk

►Learn in One Video[++]:
Python Course with 5 Projects: https://www.youtube.com/watch?v=fqF9M92jzUo
Python[15 Hr]: https://www.youtube.com/watch?v=gfDE2a7MKjA&list=PLu0W_9lII9ahKZ42vg2w9ERPmShYbYAB7
Python Advance[3.5 Hr]: https://www.youtube.com/watch?v=61a7UkDO50s&list=PLu0W_9lII9ahKZ42vg2w9ERPmShYbYAB7
Python[1 Hr]: https://www.youtube.com/watch?v=qHJjMvHLJdg&list=PLu0W_9lII9ahKZ42vg2w9ERPmShYbYAB7
Python[2 Hr]: https://www.youtube.com/watch?v=ihk_Xglr164&list=PLu0W_9lII9ahKZ42vg2w9ERPmShYbYAB7
Python[15 Min]:https://www.youtube.com/watch?v=fr1f84rg4Nw&list=PLu0W_9lII9ahKZ42vg2w9ERPmShYbYAB7
JavaScript[1 Hr]: https://www.youtube.com/watch?v=onbBV0uFVpo&list=PLu0W_9lII9ahKZ42vg2w9ERPmShYbYAB7
C[1.3 Hr]-https://www.youtube.com/watch?v=YXcgD8hRHYY&list=PLu0W_9lII9ahKZ42vg2w9ERPmShYbYAB7
php[1 Hr]: https://www.youtube.com/watch?v=xW7ro3lwaCI&list=PLu0W_9lII9ahKZ42vg2w9ERPmShYbYAB7
php[2.3 Hr]:https://www.youtube.com/watch?v=1SnPKhCdlsU&list=PLu0W_9lII9ahKZ42vg2w9ERPmShYbYAB7
php[Project]- https://www.youtube.com/watch?v=-al2bECumKg&list=PLu0W_9lII9ahKZ42vg2w9ERPmShYbYAB7
HTML[30 Min]:https://www.youtube.com/watch?v=E3ByCRqE7Lo&list=PLu0W_9lII9ahKZ42vg2w9ERPmShYbYAB7
CSS[8.5 Hr]:https://www.youtube.com/watch?v=Edsxf_NBFrw&list=PLu0W_9lII9ahKZ42vg2w9ERPmShYbYAB7
CSS[1.4 Hr]:https://www.youtube.com/watch?v=u5-K_ua9sOw&list=PLu0W_9lII9ahKZ42vg2w9ERPmShYbYAB7
Wordpress[3.2 Hr]:https://www.youtube.com/watch?v=GlLRYml8mCY&list=PLu0W_9lII9ahKZ42vg2w9ERPmShYbYAB7
Angular[2 Hr]:https://www.youtube.com/watch?v=0LhBvp8qpro&list=PLu0W_9lII9ahKZ42vg2w9ERPmShYbYAB7
Java[2.3 Hr]:https://www.youtube.com/watch?v=rV_3Lewxx6o&list=PLu0W_9lII9ahKZ42vg2w9ERPmShYbYAB7
Web Scraping[1 Hr]:https://www.youtube.com/watch?v=uufDGjTuq34&list=PLu0W_9lII9ahKZ42vg2w9ERPmShYbYAB7
MongoDB[2 Hr]:https://www.youtube.com/watch?v=oSIv-E60NiU&list=PLu0W_9lII9ahKZ42vg2w9ERPmShYbYAB7
Numpy[1 Hr]:https://www.youtube.com/watch?v=Rbh1rieb3zc&list=PLu0W_9lII9ahKZ42vg2w9ERPmShYbYAB7
Android Dev[12 Hr]- https://www.youtube.com/watch?v=mXjZQX3UzOs
Linux[1 Hr]:https://www.youtube.com/watch?v=_tCY-c-sPZc&list=PLu0W_9lII9ahKZ42vg2w9ERPmShYbYAB7
JQuery[1.1 Hr]:https://www.youtube.com/watch?v=YFlx1C8XwR0&list=PLu0W_9lII9ahKZ42vg2w9ERPmShYbYAB7
Git and GitHub[1.1 Hr]:https://www.youtube.com/watch?v=gwWKnnCMQ5c&list=PLu0W_9lII9ahKZ42vg2w9ERPmShYbYAB7

►Complete course [playlist]:
React: https://www.youtube.com/playlist?list=PLu0W_9lII9agx66oZnT6IyhcMIbUMNMdt
Python-https://www.youtube.com/playlist?list=PLu0W_9lII9agICnT8t4iYVSZ3eykIAOME
OOP Python-https://www.youtube.com/playlist?list=PLu0W_9lII9ahfRrhFcoB-4lpp9YaBmdCP
Java:https://www.youtube.com/playlist?list=PLu0W_9lII9agS67Uits0UnJyrYiXhDS6q
JavaScript- https://www.youtube.com/playlist?list=PLu0W_9lII9ajyk081To1Cbt2eI5913SsL
PHP-https://www.youtube.com/playlist?list=PLu0W_9lII9aikXkRE0WxDt1vozo3hnmtR
C-https://www.youtube.com/playlist?list=PLu0W_9lII9aiXlHcLx-mDH1Qul38wD3aR
C++-https://www.youtube.com/playlist?list=PLu0W_9lII9agpFUAlPFe_VNSlXW5uE0YL
Git & GitHub-https://www.youtube.com/playlist?list=PLu0W_9lII9ahVQekD7ePHmnirTePXwIln
Android Dev- https://www.youtube.com/playlist?list=PLu0W_9lII9aiL0kysYlfSOUgY5rNlOhUd
Python GUI- https://www.youtube.com/playlist?list=PLu0W_9lII9ajLcqRcj4PoEihkukF_OTzA
Web Development- https://www.youtube.com/playlist?list=PLu0W_9lII9agiCUZYRsvtGTXdxkzPyItg
Python Django:https://www.youtube.com/playlist?list=PLu0W_9lII9ah7DDtYtflgwMwpT3xmjXY9
Projects Using HTML, CSS & Javascript- https://www.youtube.com/playlist?list=PLu0W_9lII9aiQiOwthuSvinxoflmhRxM3
Data Structure and Algo:https://www.youtube.com/playlist?list=PLu0W_9lII9ahIappRPN0MCAgtOu3lQjQi 

Follow Me On Social Media
►Website (created using Django Rest & Angular): https://www.codewithharry.com
►Facebook: https://www.facebook.com/CodeWithHarry
►Instagram: https://www.instagram.com/codewithharry/ 
Twitter: https://twitter.com/CodeWithHarry
Comment ""#HarryBhai"" if you read this 😉😉",https://i.ytimg.com/vi/VlSNiL_x4mo/maxresdefault.jpg,CodeWithHarry,158866,5733,542,884,14:44,"14 Minutes, 44 Seconds",2024-02-01T15:56:27,https://www.youtube.com/watch?v=VlSNiL_x4mo
Conditional Rendering  & Rendering Lists in React | Sigma Web Development Course - Tutorial #110,"Latest Udemy Web dev Course With Certificate: https://goharry.in/webdev
Access the Sigma web development course playlist: https://www.youtube.com/playlist?list=PLu0W_9lII9agq5TrH9XLIKQvv0iaF2X3w
➡️ Source Code: https://github.com/CodeWithHarry/Sigma-Web-Dev-Course
➡️ Notes and CheatSheets: https://www.codewithharry.com/notes/
➡️ English Subtitles are now up for all the videos!

TimeStamps ⌚
00:00 Introduction
00:15 Sigma Web Dev Intro
00:25 Conditional Rendering
08:21 List Rendering
16:13 Takeaways
18:07 Conclusion
18:43 Sigma Outro

►Checkout my English channel here: https://www.youtube.com/channel/UC7btqG2Ww0_2LwuQxpvo2HQ
►Instagram: https://www.instagram.com/codewithharry

python, C, C++, Java, JavaScript and Other Cheatsheets [++]:
Playlist: https://www.youtube.com/playlist?list=PLu0W_9lII9agrsRZjFECeFuWY5ev2pQlk

►Learn in One Video[++]:
Python Course with 5 Projects: https://www.youtube.com/watch?v=fqF9M92jzUo
Python[15 Hr]: https://www.youtube.com/watch?v=gfDE2a7MKjA&list=PLu0W_9lII9ahKZ42vg2w9ERPmShYbYAB7
Python Advance[3.5 Hr]: https://www.youtube.com/watch?v=61a7UkDO50s&list=PLu0W_9lII9ahKZ42vg2w9ERPmShYbYAB7
Python[1 Hr]: https://www.youtube.com/watch?v=qHJjMvHLJdg&list=PLu0W_9lII9ahKZ42vg2w9ERPmShYbYAB7
Python[2 Hr]: https://www.youtube.com/watch?v=ihk_Xglr164&list=PLu0W_9lII9ahKZ42vg2w9ERPmShYbYAB7
Python[15 Min]:https://www.youtube.com/watch?v=fr1f84rg4Nw&list=PLu0W_9lII9ahKZ42vg2w9ERPmShYbYAB7
JavaScript[1 Hr]: https://www.youtube.com/watch?v=onbBV0uFVpo&list=PLu0W_9lII9ahKZ42vg2w9ERPmShYbYAB7
C[1.3 Hr]-https://www.youtube.com/watch?v=YXcgD8hRHYY&list=PLu0W_9lII9ahKZ42vg2w9ERPmShYbYAB7
php[1 Hr]: https://www.youtube.com/watch?v=xW7ro3lwaCI&list=PLu0W_9lII9ahKZ42vg2w9ERPmShYbYAB7
php[2.3 Hr]:https://www.youtube.com/watch?v=1SnPKhCdlsU&list=PLu0W_9lII9ahKZ42vg2w9ERPmShYbYAB7
php[Project]- https://www.youtube.com/watch?v=-al2bECumKg&list=PLu0W_9lII9ahKZ42vg2w9ERPmShYbYAB7
HTML[30 Min]:https://www.youtube.com/watch?v=E3ByCRqE7Lo&list=PLu0W_9lII9ahKZ42vg2w9ERPmShYbYAB7
CSS[8.5 Hr]:https://www.youtube.com/watch?v=Edsxf_NBFrw&list=PLu0W_9lII9ahKZ42vg2w9ERPmShYbYAB7
CSS[1.4 Hr]:https://www.youtube.com/watch?v=u5-K_ua9sOw&list=PLu0W_9lII9ahKZ42vg2w9ERPmShYbYAB7
Wordpress[3.2 Hr]:https://www.youtube.com/watch?v=GlLRYml8mCY&list=PLu0W_9lII9ahKZ42vg2w9ERPmShYbYAB7
Angular[2 Hr]:https://www.youtube.com/watch?v=0LhBvp8qpro&list=PLu0W_9lII9ahKZ42vg2w9ERPmShYbYAB7
Java[2.3 Hr]:https://www.youtube.com/watch?v=rV_3Lewxx6o&list=PLu0W_9lII9ahKZ42vg2w9ERPmShYbYAB7
Web Scraping[1 Hr]:https://www.youtube.com/watch?v=uufDGjTuq34&list=PLu0W_9lII9ahKZ42vg2w9ERPmShYbYAB7
MongoDB[2 Hr]:https://www.youtube.com/watch?v=oSIv-E60NiU&list=PLu0W_9lII9ahKZ42vg2w9ERPmShYbYAB7
Numpy[1 Hr]:https://www.youtube.com/watch?v=Rbh1rieb3zc&list=PLu0W_9lII9ahKZ42vg2w9ERPmShYbYAB7
Android Dev[12 Hr]- https://www.youtube.com/watch?v=mXjZQX3UzOs
Linux[1 Hr]:https://www.youtube.com/watch?v=_tCY-c-sPZc&list=PLu0W_9lII9ahKZ42vg2w9ERPmShYbYAB7
JQuery[1.1 Hr]:https://www.youtube.com/watch?v=YFlx1C8XwR0&list=PLu0W_9lII9ahKZ42vg2w9ERPmShYbYAB7
Git and GitHub[1.1 Hr]:https://www.youtube.com/watch?v=gwWKnnCMQ5c&list=PLu0W_9lII9ahKZ42vg2w9ERPmShYbYAB7

►Complete course [playlist]:
React: https://www.youtube.com/playlist?list=PLu0W_9lII9agx66oZnT6IyhcMIbUMNMdt
Python-https://www.youtube.com/playlist?list=PLu0W_9lII9agICnT8t4iYVSZ3eykIAOME
OOP Python-https://www.youtube.com/playlist?list=PLu0W_9lII9ahfRrhFcoB-4lpp9YaBmdCP
Java:https://www.youtube.com/playlist?list=PLu0W_9lII9agS67Uits0UnJyrYiXhDS6q
JavaScript- https://www.youtube.com/playlist?list=PLu0W_9lII9ajyk081To1Cbt2eI5913SsL
PHP-https://www.youtube.com/playlist?list=PLu0W_9lII9aikXkRE0WxDt1vozo3hnmtR
C-https://www.youtube.com/playlist?list=PLu0W_9lII9aiXlHcLx-mDH1Qul38wD3aR
C++-https://www.youtube.com/playlist?list=PLu0W_9lII9agpFUAlPFe_VNSlXW5uE0YL
Git & GitHub-https://www.youtube.com/playlist?list=PLu0W_9lII9ahVQekD7ePHmnirTePXwIln
Android Dev- https://www.youtube.com/playlist?list=PLu0W_9lII9aiL0kysYlfSOUgY5rNlOhUd
Python GUI- https://www.youtube.com/playlist?list=PLu0W_9lII9ajLcqRcj4PoEihkukF_OTzA
Web Development- https://www.youtube.com/playlist?list=PLu0W_9lII9agiCUZYRsvtGTXdxkzPyItg
Python Django:https://www.youtube.com/playlist?list=PLu0W_9lII9ah7DDtYtflgwMwpT3xmjXY9
Projects Using HTML, CSS & Javascript- https://www.youtube.com/playlist?list=PLu0W_9lII9aiQiOwthuSvinxoflmhRxM3
Data Structure and Algo:https://www.youtube.com/playlist?list=PLu0W_9lII9ahIappRPN0MCAgtOu3lQjQi 

Follow Me On Social Media
►Website (created using Django Rest & Angular): https://www.codewithharry.com
►Facebook: https://www.facebook.com/CodeWithHarry
►Instagram: https://www.instagram.com/codewithharry/ 
Twitter: https://twitter.com/CodeWithHarry
Comment ""#HarryBhai"" if you read this 😉😉",https://i.ytimg.com/vi/96DGjqlAIxs/maxresdefault.jpg,CodeWithHarry,114797,3652,353,1146,19:06,"19 Minutes, 6 Seconds",2024-02-05T15:43:53,https://www.youtube.com/watch?v=96DGjqlAIxs
Exercise 18 - Display the Cards | Sigma Web Development Course - Tutorial #111,"Latest Udemy Web dev Course With Certificate: https://goharry.in/webdev
Access the Sigma web development course playlist: https://www.youtube.com/playlist?list=PLu0W_9lII9agq5TrH9XLIKQvv0iaF2X3w
➡️ Source Code: https://github.com/CodeWithHarry/Sigma-Web-Dev-Course
➡️ Notes and CheatSheets: https://www.codewithharry.com/notes/
➡️ English Subtitles are now up for all the videos!

►Checkout my English channel here: https://www.youtube.com/channel/UC7btqG2Ww0_2LwuQxpvo2HQ
►Instagram: https://www.instagram.com/codewithharry

python, C, C++, Java, JavaScript and Other Cheatsheets [++]:
Playlist: https://www.youtube.com/playlist?list=PLu0W_9lII9agrsRZjFECeFuWY5ev2pQlk

►Learn in One Video[++]:
Python Course with 5 Projects: https://www.youtube.com/watch?v=fqF9M92jzUo
Python[15 Hr]: https://www.youtube.com/watch?v=gfDE2a7MKjA&list=PLu0W_9lII9ahKZ42vg2w9ERPmShYbYAB7
Python Advance[3.5 Hr]: https://www.youtube.com/watch?v=61a7UkDO50s&list=PLu0W_9lII9ahKZ42vg2w9ERPmShYbYAB7
Python[1 Hr]: https://www.youtube.com/watch?v=qHJjMvHLJdg&list=PLu0W_9lII9ahKZ42vg2w9ERPmShYbYAB7
Python[2 Hr]: https://www.youtube.com/watch?v=ihk_Xglr164&list=PLu0W_9lII9ahKZ42vg2w9ERPmShYbYAB7
Python[15 Min]:https://www.youtube.com/watch?v=fr1f84rg4Nw&list=PLu0W_9lII9ahKZ42vg2w9ERPmShYbYAB7
JavaScript[1 Hr]: https://www.youtube.com/watch?v=onbBV0uFVpo&list=PLu0W_9lII9ahKZ42vg2w9ERPmShYbYAB7
C[1.3 Hr]-https://www.youtube.com/watch?v=YXcgD8hRHYY&list=PLu0W_9lII9ahKZ42vg2w9ERPmShYbYAB7
php[1 Hr]: https://www.youtube.com/watch?v=xW7ro3lwaCI&list=PLu0W_9lII9ahKZ42vg2w9ERPmShYbYAB7
php[2.3 Hr]:https://www.youtube.com/watch?v=1SnPKhCdlsU&list=PLu0W_9lII9ahKZ42vg2w9ERPmShYbYAB7
php[Project]- https://www.youtube.com/watch?v=-al2bECumKg&list=PLu0W_9lII9ahKZ42vg2w9ERPmShYbYAB7
HTML[30 Min]:https://www.youtube.com/watch?v=E3ByCRqE7Lo&list=PLu0W_9lII9ahKZ42vg2w9ERPmShYbYAB7
CSS[8.5 Hr]:https://www.youtube.com/watch?v=Edsxf_NBFrw&list=PLu0W_9lII9ahKZ42vg2w9ERPmShYbYAB7
CSS[1.4 Hr]:https://www.youtube.com/watch?v=u5-K_ua9sOw&list=PLu0W_9lII9ahKZ42vg2w9ERPmShYbYAB7
Wordpress[3.2 Hr]:https://www.youtube.com/watch?v=GlLRYml8mCY&list=PLu0W_9lII9ahKZ42vg2w9ERPmShYbYAB7
Angular[2 Hr]:https://www.youtube.com/watch?v=0LhBvp8qpro&list=PLu0W_9lII9ahKZ42vg2w9ERPmShYbYAB7
Java[2.3 Hr]:https://www.youtube.com/watch?v=rV_3Lewxx6o&list=PLu0W_9lII9ahKZ42vg2w9ERPmShYbYAB7
Web Scraping[1 Hr]:https://www.youtube.com/watch?v=uufDGjTuq34&list=PLu0W_9lII9ahKZ42vg2w9ERPmShYbYAB7
MongoDB[2 Hr]:https://www.youtube.com/watch?v=oSIv-E60NiU&list=PLu0W_9lII9ahKZ42vg2w9ERPmShYbYAB7
Numpy[1 Hr]:https://www.youtube.com/watch?v=Rbh1rieb3zc&list=PLu0W_9lII9ahKZ42vg2w9ERPmShYbYAB7
Android Dev[12 Hr]- https://www.youtube.com/watch?v=mXjZQX3UzOs
Linux[1 Hr]:https://www.youtube.com/watch?v=_tCY-c-sPZc&list=PLu0W_9lII9ahKZ42vg2w9ERPmShYbYAB7
JQuery[1.1 Hr]:https://www.youtube.com/watch?v=YFlx1C8XwR0&list=PLu0W_9lII9ahKZ42vg2w9ERPmShYbYAB7
Git and GitHub[1.1 Hr]:https://www.youtube.com/watch?v=gwWKnnCMQ5c&list=PLu0W_9lII9ahKZ42vg2w9ERPmShYbYAB7

►Complete course [playlist]:
React: https://www.youtube.com/playlist?list=PLu0W_9lII9agx66oZnT6IyhcMIbUMNMdt
Python-https://www.youtube.com/playlist?list=PLu0W_9lII9agICnT8t4iYVSZ3eykIAOME
OOP Python-https://www.youtube.com/playlist?list=PLu0W_9lII9ahfRrhFcoB-4lpp9YaBmdCP
Java:https://www.youtube.com/playlist?list=PLu0W_9lII9agS67Uits0UnJyrYiXhDS6q
JavaScript- https://www.youtube.com/playlist?list=PLu0W_9lII9ajyk081To1Cbt2eI5913SsL
PHP-https://www.youtube.com/playlist?list=PLu0W_9lII9aikXkRE0WxDt1vozo3hnmtR
C-https://www.youtube.com/playlist?list=PLu0W_9lII9aiXlHcLx-mDH1Qul38wD3aR
C++-https://www.youtube.com/playlist?list=PLu0W_9lII9agpFUAlPFe_VNSlXW5uE0YL
Git & GitHub-https://www.youtube.com/playlist?list=PLu0W_9lII9ahVQekD7ePHmnirTePXwIln
Android Dev- https://www.youtube.com/playlist?list=PLu0W_9lII9aiL0kysYlfSOUgY5rNlOhUd
Python GUI- https://www.youtube.com/playlist?list=PLu0W_9lII9ajLcqRcj4PoEihkukF_OTzA
Web Development- https://www.youtube.com/playlist?list=PLu0W_9lII9agiCUZYRsvtGTXdxkzPyItg
Python Django:https://www.youtube.com/playlist?list=PLu0W_9lII9ah7DDtYtflgwMwpT3xmjXY9
Projects Using HTML, CSS & Javascript- https://www.youtube.com/playlist?list=PLu0W_9lII9aiQiOwthuSvinxoflmhRxM3
Data Structure and Algo:https://www.youtube.com/playlist?list=PLu0W_9lII9ahIappRPN0MCAgtOu3lQjQi 

Follow Me On Social Media
►Website (created using Django Rest & Angular): https://www.codewithharry.com
►Facebook: https://www.facebook.com/CodeWithHarry
►Instagram: https://www.instagram.com/codewithharry/ 
Twitter: https://twitter.com/CodeWithHarry
Comment ""#HarryBhai"" if you read this 😉😉",https://i.ytimg.com/vi/KDpm8h8XzC4/maxresdefault.jpg,CodeWithHarry,69849,2843,348,371,6:11,"6 Minutes, 11 Seconds",2024-02-06T16:09:04,https://www.youtube.com/watch?v=KDpm8h8XzC4
Handling Events in React | Sigma Web Development Course - Tutorial #112,"Latest Udemy Web dev Course With Certificate: https://goharry.in/webdev
Access the playlist: https://www.youtube.com/playlist?list=PLu0W_9lII9agq5TrH9XLIKQvv0iaF2X3w
➡️ The GitHub Repository of the code will be provided in the upcoming videos
➡️ Notes and CheatSheets will be provided in the upcoming videos!
➡️ We are working on the Subtitles and will upload them soon!

►Checkout my English channel here: https://www.youtube.com/channel/UC7btqG2Ww0_2LwuQxpvo2HQ
►Instagram: https://www.instagram.com/codewithharry

python, C, C++, Java, JavaScript and Other Cheatsheets [++]:
Playlist: https://www.youtube.com/playlist?list=PLu0W_9lII9agrsRZjFECeFuWY5ev2pQlk

►Learn in One Video[++]:
Python Course with 5 Projects: https://www.youtube.com/watch?v=fqF9M92jzUo
Python[15 Hr]: https://www.youtube.com/watch?v=gfDE2a7MKjA&list=PLu0W_9lII9ahKZ42vg2w9ERPmShYbYAB7
Python Advance[3.5 Hr]: https://www.youtube.com/watch?v=61a7UkDO50s&list=PLu0W_9lII9ahKZ42vg2w9ERPmShYbYAB7
Python[1 Hr]: https://www.youtube.com/watch?v=qHJjMvHLJdg&list=PLu0W_9lII9ahKZ42vg2w9ERPmShYbYAB7
Python[2 Hr]: https://www.youtube.com/watch?v=ihk_Xglr164&list=PLu0W_9lII9ahKZ42vg2w9ERPmShYbYAB7
Python[15 Min]:https://www.youtube.com/watch?v=fr1f84rg4Nw&list=PLu0W_9lII9ahKZ42vg2w9ERPmShYbYAB7
JavaScript[1 Hr]: https://www.youtube.com/watch?v=onbBV0uFVpo&list=PLu0W_9lII9ahKZ42vg2w9ERPmShYbYAB7
C[1.3 Hr]-https://www.youtube.com/watch?v=YXcgD8hRHYY&list=PLu0W_9lII9ahKZ42vg2w9ERPmShYbYAB7
php[1 Hr]: https://www.youtube.com/watch?v=xW7ro3lwaCI&list=PLu0W_9lII9ahKZ42vg2w9ERPmShYbYAB7
php[2.3 Hr]:https://www.youtube.com/watch?v=1SnPKhCdlsU&list=PLu0W_9lII9ahKZ42vg2w9ERPmShYbYAB7
php[Project]- https://www.youtube.com/watch?v=-al2bECumKg&list=PLu0W_9lII9ahKZ42vg2w9ERPmShYbYAB7
HTML[30 Min]:https://www.youtube.com/watch?v=E3ByCRqE7Lo&list=PLu0W_9lII9ahKZ42vg2w9ERPmShYbYAB7
CSS[8.5 Hr]:https://www.youtube.com/watch?v=Edsxf_NBFrw&list=PLu0W_9lII9ahKZ42vg2w9ERPmShYbYAB7
CSS[1.4 Hr]:https://www.youtube.com/watch?v=u5-K_ua9sOw&list=PLu0W_9lII9ahKZ42vg2w9ERPmShYbYAB7
Wordpress[3.2 Hr]:https://www.youtube.com/watch?v=GlLRYml8mCY&list=PLu0W_9lII9ahKZ42vg2w9ERPmShYbYAB7
Angular[2 Hr]:https://www.youtube.com/watch?v=0LhBvp8qpro&list=PLu0W_9lII9ahKZ42vg2w9ERPmShYbYAB7
Java[2.3 Hr]:https://www.youtube.com/watch?v=rV_3Lewxx6o&list=PLu0W_9lII9ahKZ42vg2w9ERPmShYbYAB7
Web Scraping[1 Hr]:https://www.youtube.com/watch?v=uufDGjTuq34&list=PLu0W_9lII9ahKZ42vg2w9ERPmShYbYAB7
MongoDB[2 Hr]:https://www.youtube.com/watch?v=oSIv-E60NiU&list=PLu0W_9lII9ahKZ42vg2w9ERPmShYbYAB7
Numpy[1 Hr]:https://www.youtube.com/watch?v=Rbh1rieb3zc&list=PLu0W_9lII9ahKZ42vg2w9ERPmShYbYAB7
Android Dev[12 Hr]- https://www.youtube.com/watch?v=mXjZQX3UzOs
Linux[1 Hr]:https://www.youtube.com/watch?v=_tCY-c-sPZc&list=PLu0W_9lII9ahKZ42vg2w9ERPmShYbYAB7
JQuery[1.1 Hr]:https://www.youtube.com/watch?v=YFlx1C8XwR0&list=PLu0W_9lII9ahKZ42vg2w9ERPmShYbYAB7
Git and GitHub[1.1 Hr]:https://www.youtube.com/watch?v=gwWKnnCMQ5c&list=PLu0W_9lII9ahKZ42vg2w9ERPmShYbYAB7

►Complete course [playlist]:
React: https://www.youtube.com/playlist?list=PLu0W_9lII9agx66oZnT6IyhcMIbUMNMdt
Python-https://www.youtube.com/playlist?list=PLu0W_9lII9agICnT8t4iYVSZ3eykIAOME
OOP Python-https://www.youtube.com/playlist?list=PLu0W_9lII9ahfRrhFcoB-4lpp9YaBmdCP
Java:https://www.youtube.com/playlist?list=PLu0W_9lII9agS67Uits0UnJyrYiXhDS6q
JavaScript- https://www.youtube.com/playlist?list=PLu0W_9lII9ajyk081To1Cbt2eI5913SsL
PHP-https://www.youtube.com/playlist?list=PLu0W_9lII9aikXkRE0WxDt1vozo3hnmtR
C-https://www.youtube.com/playlist?list=PLu0W_9lII9aiXlHcLx-mDH1Qul38wD3aR
C++-https://www.youtube.com/playlist?list=PLu0W_9lII9agpFUAlPFe_VNSlXW5uE0YL
Git & GitHub-https://www.youtube.com/playlist?list=PLu0W_9lII9ahVQekD7ePHmnirTePXwIln
Android Dev- https://www.youtube.com/playlist?list=PLu0W_9lII9aiL0kysYlfSOUgY5rNlOhUd
Python GUI- https://www.youtube.com/playlist?list=PLu0W_9lII9ajLcqRcj4PoEihkukF_OTzA
Web Development- https://www.youtube.com/playlist?list=PLu0W_9lII9agiCUZYRsvtGTXdxkzPyItg
Python Django:https://www.youtube.com/playlist?list=PLu0W_9lII9ah7DDtYtflgwMwpT3xmjXY9
Projects Using HTML, CSS & Javascript- https://www.youtube.com/playlist?list=PLu0W_9lII9aiQiOwthuSvinxoflmhRxM3
Data Structure and Algo:https://www.youtube.com/playlist?list=PLu0W_9lII9ahIappRPN0MCAgtOu3lQjQi 

Follow Me On Social Media
►Website (created using Django Rest & Angular): https://www.codewithharry.com
►Facebook: https://www.facebook.com/CodeWithHarry
►Instagram: https://www.instagram.com/codewithharry/ 
Twitter: https://twitter.com/CodeWithHarry
Comment ""#HarryBhai"" if you read this 😉😉",https://i.ytimg.com/vi/cXkwFjBrWfk/maxresdefault.jpg,CodeWithHarry,98171,3629,330,995,16:35,"16 Minutes, 35 Seconds",2024-02-07T17:05:50,https://www.youtube.com/watch?v=cXkwFjBrWfk
Exercise 18 - Solution & Shoutouts | Sigma Web Development Course - Tutorial #113,"Latest Udemy Web dev Course With Certificate: https://goharry.in/webdev
Access the Sigma web development course playlist: https://www.youtube.com/playlist?list=PLu0W_9lII9agq5TrH9XLIKQvv0iaF2X3w
➡️ Source Code: https://github.com/CodeWithHarry/Sigma-Web-Dev-Course
➡️ Notes and CheatSheets: https://www.codewithharry.com/notes/
➡️ English Subtitles are now up for all the videos!

►Checkout my English channel here: https://www.youtube.com/channel/UC7btqG2Ww0_2LwuQxpvo2HQ
►Instagram: https://www.instagram.com/codewithharry

python, C, C++, Java, JavaScript and Other Cheatsheets [++]:
Playlist: https://www.youtube.com/playlist?list=PLu0W_9lII9agrsRZjFECeFuWY5ev2pQlk

►Learn in One Video[++]:
Python Course with 5 Projects: https://www.youtube.com/watch?v=fqF9M92jzUo
Python[15 Hr]: https://www.youtube.com/watch?v=gfDE2a7MKjA&list=PLu0W_9lII9ahKZ42vg2w9ERPmShYbYAB7
Python Advance[3.5 Hr]: https://www.youtube.com/watch?v=61a7UkDO50s&list=PLu0W_9lII9ahKZ42vg2w9ERPmShYbYAB7
Python[1 Hr]: https://www.youtube.com/watch?v=qHJjMvHLJdg&list=PLu0W_9lII9ahKZ42vg2w9ERPmShYbYAB7
Python[2 Hr]: https://www.youtube.com/watch?v=ihk_Xglr164&list=PLu0W_9lII9ahKZ42vg2w9ERPmShYbYAB7
Python[15 Min]:https://www.youtube.com/watch?v=fr1f84rg4Nw&list=PLu0W_9lII9ahKZ42vg2w9ERPmShYbYAB7
JavaScript[1 Hr]: https://www.youtube.com/watch?v=onbBV0uFVpo&list=PLu0W_9lII9ahKZ42vg2w9ERPmShYbYAB7
C[1.3 Hr]-https://www.youtube.com/watch?v=YXcgD8hRHYY&list=PLu0W_9lII9ahKZ42vg2w9ERPmShYbYAB7
php[1 Hr]: https://www.youtube.com/watch?v=xW7ro3lwaCI&list=PLu0W_9lII9ahKZ42vg2w9ERPmShYbYAB7
php[2.3 Hr]:https://www.youtube.com/watch?v=1SnPKhCdlsU&list=PLu0W_9lII9ahKZ42vg2w9ERPmShYbYAB7
php[Project]- https://www.youtube.com/watch?v=-al2bECumKg&list=PLu0W_9lII9ahKZ42vg2w9ERPmShYbYAB7
HTML[30 Min]:https://www.youtube.com/watch?v=E3ByCRqE7Lo&list=PLu0W_9lII9ahKZ42vg2w9ERPmShYbYAB7
CSS[8.5 Hr]:https://www.youtube.com/watch?v=Edsxf_NBFrw&list=PLu0W_9lII9ahKZ42vg2w9ERPmShYbYAB7
CSS[1.4 Hr]:https://www.youtube.com/watch?v=u5-K_ua9sOw&list=PLu0W_9lII9ahKZ42vg2w9ERPmShYbYAB7
Wordpress[3.2 Hr]:https://www.youtube.com/watch?v=GlLRYml8mCY&list=PLu0W_9lII9ahKZ42vg2w9ERPmShYbYAB7
Angular[2 Hr]:https://www.youtube.com/watch?v=0LhBvp8qpro&list=PLu0W_9lII9ahKZ42vg2w9ERPmShYbYAB7
Java[2.3 Hr]:https://www.youtube.com/watch?v=rV_3Lewxx6o&list=PLu0W_9lII9ahKZ42vg2w9ERPmShYbYAB7
Web Scraping[1 Hr]:https://www.youtube.com/watch?v=uufDGjTuq34&list=PLu0W_9lII9ahKZ42vg2w9ERPmShYbYAB7
MongoDB[2 Hr]:https://www.youtube.com/watch?v=oSIv-E60NiU&list=PLu0W_9lII9ahKZ42vg2w9ERPmShYbYAB7
Numpy[1 Hr]:https://www.youtube.com/watch?v=Rbh1rieb3zc&list=PLu0W_9lII9ahKZ42vg2w9ERPmShYbYAB7
Android Dev[12 Hr]- https://www.youtube.com/watch?v=mXjZQX3UzOs
Linux[1 Hr]:https://www.youtube.com/watch?v=_tCY-c-sPZc&list=PLu0W_9lII9ahKZ42vg2w9ERPmShYbYAB7
JQuery[1.1 Hr]:https://www.youtube.com/watch?v=YFlx1C8XwR0&list=PLu0W_9lII9ahKZ42vg2w9ERPmShYbYAB7
Git and GitHub[1.1 Hr]:https://www.youtube.com/watch?v=gwWKnnCMQ5c&list=PLu0W_9lII9ahKZ42vg2w9ERPmShYbYAB7

►Complete course [playlist]:
React: https://www.youtube.com/playlist?list=PLu0W_9lII9agx66oZnT6IyhcMIbUMNMdt
Python-https://www.youtube.com/playlist?list=PLu0W_9lII9agICnT8t4iYVSZ3eykIAOME
OOP Python-https://www.youtube.com/playlist?list=PLu0W_9lII9ahfRrhFcoB-4lpp9YaBmdCP
Java:https://www.youtube.com/playlist?list=PLu0W_9lII9agS67Uits0UnJyrYiXhDS6q
JavaScript- https://www.youtube.com/playlist?list=PLu0W_9lII9ajyk081To1Cbt2eI5913SsL
PHP-https://www.youtube.com/playlist?list=PLu0W_9lII9aikXkRE0WxDt1vozo3hnmtR
C-https://www.youtube.com/playlist?list=PLu0W_9lII9aiXlHcLx-mDH1Qul38wD3aR
C++-https://www.youtube.com/playlist?list=PLu0W_9lII9agpFUAlPFe_VNSlXW5uE0YL
Git & GitHub-https://www.youtube.com/playlist?list=PLu0W_9lII9ahVQekD7ePHmnirTePXwIln
Android Dev- https://www.youtube.com/playlist?list=PLu0W_9lII9aiL0kysYlfSOUgY5rNlOhUd
Python GUI- https://www.youtube.com/playlist?list=PLu0W_9lII9ajLcqRcj4PoEihkukF_OTzA
Web Development- https://www.youtube.com/playlist?list=PLu0W_9lII9agiCUZYRsvtGTXdxkzPyItg
Python Django:https://www.youtube.com/playlist?list=PLu0W_9lII9ah7DDtYtflgwMwpT3xmjXY9
Projects Using HTML, CSS & Javascript- https://www.youtube.com/playlist?list=PLu0W_9lII9aiQiOwthuSvinxoflmhRxM3
Data Structure and Algo:https://www.youtube.com/playlist?list=PLu0W_9lII9ahIappRPN0MCAgtOu3lQjQi 

Follow Me On Social Media
►Website (created using Django Rest & Angular): https://www.codewithharry.com
►Facebook: https://www.facebook.com/CodeWithHarry
►Instagram: https://www.instagram.com/codewithharry/ 
Twitter: https://twitter.com/CodeWithHarry
Comment ""#HarryBhai"" if you read this 😉😉",https://i.ytimg.com/vi/iZdOrqJuPrg/maxresdefault.jpg,CodeWithHarry,68333,2562,336,799,13:19,"13 Minutes, 19 Seconds",2024-02-08T16:14:04,https://www.youtube.com/watch?v=iZdOrqJuPrg
"TodoList App using React, Tailwind & React Icons | Sigma Web Development Course - Tutorial #114","Latest Udemy Web dev Course With Certificate: https://goharry.in/webdev
Access the Sigma web development course playlist: https://www.youtube.com/playlist?list=PLu0W_9lII9agq5TrH9XLIKQvv0iaF2X3w
➡️ Source Code: https://github.com/CodeWithHarry/Sigma-Web-Dev-Course
➡️ Notes and CheatSheets: https://www.codewithharry.com/notes/
➡️ English Subtitles are now up for all the videos!

►Checkout my English channel here: https://www.youtube.com/channel/UC7btqG2Ww0_2LwuQxpvo2HQ
►Instagram: https://www.instagram.com/codewithharry

python, C, C++, Java, JavaScript and Other Cheatsheets [++]:
Playlist: https://www.youtube.com/playlist?list=PLu0W_9lII9agrsRZjFECeFuWY5ev2pQlk

►Learn in One Video[++]:
Python Course with 5 Projects: https://www.youtube.com/watch?v=fqF9M92jzUo
Python[15 Hr]: https://www.youtube.com/watch?v=gfDE2a7MKjA&list=PLu0W_9lII9ahKZ42vg2w9ERPmShYbYAB7
Python Advance[3.5 Hr]: https://www.youtube.com/watch?v=61a7UkDO50s&list=PLu0W_9lII9ahKZ42vg2w9ERPmShYbYAB7
Python[1 Hr]: https://www.youtube.com/watch?v=qHJjMvHLJdg&list=PLu0W_9lII9ahKZ42vg2w9ERPmShYbYAB7
Python[2 Hr]: https://www.youtube.com/watch?v=ihk_Xglr164&list=PLu0W_9lII9ahKZ42vg2w9ERPmShYbYAB7
Python[15 Min]:https://www.youtube.com/watch?v=fr1f84rg4Nw&list=PLu0W_9lII9ahKZ42vg2w9ERPmShYbYAB7
JavaScript[1 Hr]: https://www.youtube.com/watch?v=onbBV0uFVpo&list=PLu0W_9lII9ahKZ42vg2w9ERPmShYbYAB7
C[1.3 Hr]-https://www.youtube.com/watch?v=YXcgD8hRHYY&list=PLu0W_9lII9ahKZ42vg2w9ERPmShYbYAB7
php[1 Hr]: https://www.youtube.com/watch?v=xW7ro3lwaCI&list=PLu0W_9lII9ahKZ42vg2w9ERPmShYbYAB7
php[2.3 Hr]:https://www.youtube.com/watch?v=1SnPKhCdlsU&list=PLu0W_9lII9ahKZ42vg2w9ERPmShYbYAB7
php[Project]- https://www.youtube.com/watch?v=-al2bECumKg&list=PLu0W_9lII9ahKZ42vg2w9ERPmShYbYAB7
HTML[30 Min]:https://www.youtube.com/watch?v=E3ByCRqE7Lo&list=PLu0W_9lII9ahKZ42vg2w9ERPmShYbYAB7
CSS[8.5 Hr]:https://www.youtube.com/watch?v=Edsxf_NBFrw&list=PLu0W_9lII9ahKZ42vg2w9ERPmShYbYAB7
CSS[1.4 Hr]:https://www.youtube.com/watch?v=u5-K_ua9sOw&list=PLu0W_9lII9ahKZ42vg2w9ERPmShYbYAB7
Wordpress[3.2 Hr]:https://www.youtube.com/watch?v=GlLRYml8mCY&list=PLu0W_9lII9ahKZ42vg2w9ERPmShYbYAB7
Angular[2 Hr]:https://www.youtube.com/watch?v=0LhBvp8qpro&list=PLu0W_9lII9ahKZ42vg2w9ERPmShYbYAB7
Java[2.3 Hr]:https://www.youtube.com/watch?v=rV_3Lewxx6o&list=PLu0W_9lII9ahKZ42vg2w9ERPmShYbYAB7
Web Scraping[1 Hr]:https://www.youtube.com/watch?v=uufDGjTuq34&list=PLu0W_9lII9ahKZ42vg2w9ERPmShYbYAB7
MongoDB[2 Hr]:https://www.youtube.com/watch?v=oSIv-E60NiU&list=PLu0W_9lII9ahKZ42vg2w9ERPmShYbYAB7
Numpy[1 Hr]:https://www.youtube.com/watch?v=Rbh1rieb3zc&list=PLu0W_9lII9ahKZ42vg2w9ERPmShYbYAB7
Android Dev[12 Hr]- https://www.youtube.com/watch?v=mXjZQX3UzOs
Linux[1 Hr]:https://www.youtube.com/watch?v=_tCY-c-sPZc&list=PLu0W_9lII9ahKZ42vg2w9ERPmShYbYAB7
JQuery[1.1 Hr]:https://www.youtube.com/watch?v=YFlx1C8XwR0&list=PLu0W_9lII9ahKZ42vg2w9ERPmShYbYAB7
Git and GitHub[1.1 Hr]:https://www.youtube.com/watch?v=gwWKnnCMQ5c&list=PLu0W_9lII9ahKZ42vg2w9ERPmShYbYAB7

►Complete course [playlist]:
React: https://www.youtube.com/playlist?list=PLu0W_9lII9agx66oZnT6IyhcMIbUMNMdt
Python-https://www.youtube.com/playlist?list=PLu0W_9lII9agICnT8t4iYVSZ3eykIAOME
OOP Python-https://www.youtube.com/playlist?list=PLu0W_9lII9ahfRrhFcoB-4lpp9YaBmdCP
Java:https://www.youtube.com/playlist?list=PLu0W_9lII9agS67Uits0UnJyrYiXhDS6q
JavaScript- https://www.youtube.com/playlist?list=PLu0W_9lII9ajyk081To1Cbt2eI5913SsL
PHP-https://www.youtube.com/playlist?list=PLu0W_9lII9aikXkRE0WxDt1vozo3hnmtR
C-https://www.youtube.com/playlist?list=PLu0W_9lII9aiXlHcLx-mDH1Qul38wD3aR
C++-https://www.youtube.com/playlist?list=PLu0W_9lII9agpFUAlPFe_VNSlXW5uE0YL
Git & GitHub-https://www.youtube.com/playlist?list=PLu0W_9lII9ahVQekD7ePHmnirTePXwIln
Android Dev- https://www.youtube.com/playlist?list=PLu0W_9lII9aiL0kysYlfSOUgY5rNlOhUd
Python GUI- https://www.youtube.com/playlist?list=PLu0W_9lII9ajLcqRcj4PoEihkukF_OTzA
Web Development- https://www.youtube.com/playlist?list=PLu0W_9lII9agiCUZYRsvtGTXdxkzPyItg
Python Django:https://www.youtube.com/playlist?list=PLu0W_9lII9ah7DDtYtflgwMwpT3xmjXY9
Projects Using HTML, CSS & Javascript- https://www.youtube.com/playlist?list=PLu0W_9lII9aiQiOwthuSvinxoflmhRxM3
Data Structure and Algo:https://www.youtube.com/playlist?list=PLu0W_9lII9ahIappRPN0MCAgtOu3lQjQi 

Follow Me On Social Media
►Website (created using Django Rest & Angular): https://www.codewithharry.com
►Facebook: https://www.facebook.com/CodeWithHarry
►Instagram: https://www.instagram.com/codewithharry/ 
Twitter: https://twitter.com/CodeWithHarry
Comment ""#HarryBhai"" if you read this 😉😉",https://i.ytimg.com/vi/SBuZSalHLe0/maxresdefault.jpg,CodeWithHarry,215633,4092,544,4915,1:21:55,"1 Hours, 21 Minutes, 55 Seconds",2024-02-14T05:30:13,https://www.youtube.com/watch?v=SBuZSalHLe0
React Router: Routing in React | Sigma Web Development Course - Tutorial #115,"Latest Udemy Web dev Course With Certificate: https://goharry.in/webdev
Access the Sigma web development course playlist: https://www.youtube.com/playlist?list=PLu0W_9lII9agq5TrH9XLIKQvv0iaF2X3w
➡️ Source Code: https://github.com/CodeWithHarry/Sigma-Web-Dev-Course
➡️ Notes and CheatSheets: https://www.codewithharry.com/notes/
➡️ English Subtitles are now up for all the videos!

►Checkout my English channel here: https://www.youtube.com/channel/UC7btqG2Ww0_2LwuQxpvo2HQ
►Instagram: https://www.instagram.com/codewithharry

python, C, C++, Java, JavaScript and Other Cheatsheets [++]:
Playlist: https://www.youtube.com/playlist?list=PLu0W_9lII9agrsRZjFECeFuWY5ev2pQlk

►Learn in One Video[++]:
Python Course with 5 Projects: https://www.youtube.com/watch?v=fqF9M92jzUo
Python[15 Hr]: https://www.youtube.com/watch?v=gfDE2a7MKjA&list=PLu0W_9lII9ahKZ42vg2w9ERPmShYbYAB7
Python Advance[3.5 Hr]: https://www.youtube.com/watch?v=61a7UkDO50s&list=PLu0W_9lII9ahKZ42vg2w9ERPmShYbYAB7
Python[1 Hr]: https://www.youtube.com/watch?v=qHJjMvHLJdg&list=PLu0W_9lII9ahKZ42vg2w9ERPmShYbYAB7
Python[2 Hr]: https://www.youtube.com/watch?v=ihk_Xglr164&list=PLu0W_9lII9ahKZ42vg2w9ERPmShYbYAB7
Python[15 Min]:https://www.youtube.com/watch?v=fr1f84rg4Nw&list=PLu0W_9lII9ahKZ42vg2w9ERPmShYbYAB7
JavaScript[1 Hr]: https://www.youtube.com/watch?v=onbBV0uFVpo&list=PLu0W_9lII9ahKZ42vg2w9ERPmShYbYAB7
C[1.3 Hr]-https://www.youtube.com/watch?v=YXcgD8hRHYY&list=PLu0W_9lII9ahKZ42vg2w9ERPmShYbYAB7
php[1 Hr]: https://www.youtube.com/watch?v=xW7ro3lwaCI&list=PLu0W_9lII9ahKZ42vg2w9ERPmShYbYAB7
php[2.3 Hr]:https://www.youtube.com/watch?v=1SnPKhCdlsU&list=PLu0W_9lII9ahKZ42vg2w9ERPmShYbYAB7
php[Project]- https://www.youtube.com/watch?v=-al2bECumKg&list=PLu0W_9lII9ahKZ42vg2w9ERPmShYbYAB7
HTML[30 Min]:https://www.youtube.com/watch?v=E3ByCRqE7Lo&list=PLu0W_9lII9ahKZ42vg2w9ERPmShYbYAB7
CSS[8.5 Hr]:https://www.youtube.com/watch?v=Edsxf_NBFrw&list=PLu0W_9lII9ahKZ42vg2w9ERPmShYbYAB7
CSS[1.4 Hr]:https://www.youtube.com/watch?v=u5-K_ua9sOw&list=PLu0W_9lII9ahKZ42vg2w9ERPmShYbYAB7
Wordpress[3.2 Hr]:https://www.youtube.com/watch?v=GlLRYml8mCY&list=PLu0W_9lII9ahKZ42vg2w9ERPmShYbYAB7
Angular[2 Hr]:https://www.youtube.com/watch?v=0LhBvp8qpro&list=PLu0W_9lII9ahKZ42vg2w9ERPmShYbYAB7
Java[2.3 Hr]:https://www.youtube.com/watch?v=rV_3Lewxx6o&list=PLu0W_9lII9ahKZ42vg2w9ERPmShYbYAB7
Web Scraping[1 Hr]:https://www.youtube.com/watch?v=uufDGjTuq34&list=PLu0W_9lII9ahKZ42vg2w9ERPmShYbYAB7
MongoDB[2 Hr]:https://www.youtube.com/watch?v=oSIv-E60NiU&list=PLu0W_9lII9ahKZ42vg2w9ERPmShYbYAB7
Numpy[1 Hr]:https://www.youtube.com/watch?v=Rbh1rieb3zc&list=PLu0W_9lII9ahKZ42vg2w9ERPmShYbYAB7
Android Dev[12 Hr]- https://www.youtube.com/watch?v=mXjZQX3UzOs
Linux[1 Hr]:https://www.youtube.com/watch?v=_tCY-c-sPZc&list=PLu0W_9lII9ahKZ42vg2w9ERPmShYbYAB7
JQuery[1.1 Hr]:https://www.youtube.com/watch?v=YFlx1C8XwR0&list=PLu0W_9lII9ahKZ42vg2w9ERPmShYbYAB7
Git and GitHub[1.1 Hr]:https://www.youtube.com/watch?v=gwWKnnCMQ5c&list=PLu0W_9lII9ahKZ42vg2w9ERPmShYbYAB7

►Complete course [playlist]:
React: https://www.youtube.com/playlist?list=PLu0W_9lII9agx66oZnT6IyhcMIbUMNMdt
Python-https://www.youtube.com/playlist?list=PLu0W_9lII9agICnT8t4iYVSZ3eykIAOME
OOP Python-https://www.youtube.com/playlist?list=PLu0W_9lII9ahfRrhFcoB-4lpp9YaBmdCP
Java:https://www.youtube.com/playlist?list=PLu0W_9lII9agS67Uits0UnJyrYiXhDS6q
JavaScript- https://www.youtube.com/playlist?list=PLu0W_9lII9ajyk081To1Cbt2eI5913SsL
PHP-https://www.youtube.com/playlist?list=PLu0W_9lII9aikXkRE0WxDt1vozo3hnmtR
C-https://www.youtube.com/playlist?list=PLu0W_9lII9aiXlHcLx-mDH1Qul38wD3aR
C++-https://www.youtube.com/playlist?list=PLu0W_9lII9agpFUAlPFe_VNSlXW5uE0YL
Git & GitHub-https://www.youtube.com/playlist?list=PLu0W_9lII9ahVQekD7ePHmnirTePXwIln
Android Dev- https://www.youtube.com/playlist?list=PLu0W_9lII9aiL0kysYlfSOUgY5rNlOhUd
Python GUI- https://www.youtube.com/playlist?list=PLu0W_9lII9ajLcqRcj4PoEihkukF_OTzA
Web Development- https://www.youtube.com/playlist?list=PLu0W_9lII9agiCUZYRsvtGTXdxkzPyItg
Python Django:https://www.youtube.com/playlist?list=PLu0W_9lII9ah7DDtYtflgwMwpT3xmjXY9
Projects Using HTML, CSS & Javascript- https://www.youtube.com/playlist?list=PLu0W_9lII9aiQiOwthuSvinxoflmhRxM3
Data Structure and Algo:https://www.youtube.com/playlist?list=PLu0W_9lII9ahIappRPN0MCAgtOu3lQjQi 

Follow Me On Social Media
►Website (created using Django Rest & Angular): https://www.codewithharry.com
►Facebook: https://www.facebook.com/CodeWithHarry
►Instagram: https://www.instagram.com/codewithharry/ 
Twitter: https://twitter.com/CodeWithHarry
Comment ""#HarryBhai"" if you read this 😉😉",https://i.ytimg.com/vi/ZP8QyCIUeIA/maxresdefault.jpg,CodeWithHarry,239900,6028,391,1020,17:00,"17 Minutes, 0 Seconds",2024-02-14T14:47:22,https://www.youtube.com/watch?v=ZP8QyCIUeIA
The useContext hook in React | Sigma Web Development Course - Tutorial #116,"Latest Udemy Web dev Course With Certificate: https://goharry.in/webdev
Access the Sigma web development course playlist: https://www.youtube.com/playlist?list=PLu0W_9lII9agq5TrH9XLIKQvv0iaF2X3w
➡️ Source Code: https://github.com/CodeWithHarry/Sigma-Web-Dev-Course
➡️ Notes and CheatSheets: https://www.codewithharry.com/notes/
➡️ English Subtitles are now up for all the videos!

►Checkout my English channel here: https://www.youtube.com/channel/UC7btqG2Ww0_2LwuQxpvo2HQ
►Instagram: https://www.instagram.com/codewithharry

python, C, C++, Java, JavaScript and Other Cheatsheets [++]:
Playlist: https://www.youtube.com/playlist?list=PLu0W_9lII9agrsRZjFECeFuWY5ev2pQlk

►Learn in One Video[++]:
Python Course with 5 Projects: https://www.youtube.com/watch?v=fqF9M92jzUo
Python[15 Hr]: https://www.youtube.com/watch?v=gfDE2a7MKjA&list=PLu0W_9lII9ahKZ42vg2w9ERPmShYbYAB7
Python Advance[3.5 Hr]: https://www.youtube.com/watch?v=61a7UkDO50s&list=PLu0W_9lII9ahKZ42vg2w9ERPmShYbYAB7
Python[1 Hr]: https://www.youtube.com/watch?v=qHJjMvHLJdg&list=PLu0W_9lII9ahKZ42vg2w9ERPmShYbYAB7
Python[2 Hr]: https://www.youtube.com/watch?v=ihk_Xglr164&list=PLu0W_9lII9ahKZ42vg2w9ERPmShYbYAB7
Python[15 Min]:https://www.youtube.com/watch?v=fr1f84rg4Nw&list=PLu0W_9lII9ahKZ42vg2w9ERPmShYbYAB7
JavaScript[1 Hr]: https://www.youtube.com/watch?v=onbBV0uFVpo&list=PLu0W_9lII9ahKZ42vg2w9ERPmShYbYAB7
C[1.3 Hr]-https://www.youtube.com/watch?v=YXcgD8hRHYY&list=PLu0W_9lII9ahKZ42vg2w9ERPmShYbYAB7
php[1 Hr]: https://www.youtube.com/watch?v=xW7ro3lwaCI&list=PLu0W_9lII9ahKZ42vg2w9ERPmShYbYAB7
php[2.3 Hr]:https://www.youtube.com/watch?v=1SnPKhCdlsU&list=PLu0W_9lII9ahKZ42vg2w9ERPmShYbYAB7
php[Project]- https://www.youtube.com/watch?v=-al2bECumKg&list=PLu0W_9lII9ahKZ42vg2w9ERPmShYbYAB7
HTML[30 Min]:https://www.youtube.com/watch?v=E3ByCRqE7Lo&list=PLu0W_9lII9ahKZ42vg2w9ERPmShYbYAB7
CSS[8.5 Hr]:https://www.youtube.com/watch?v=Edsxf_NBFrw&list=PLu0W_9lII9ahKZ42vg2w9ERPmShYbYAB7
CSS[1.4 Hr]:https://www.youtube.com/watch?v=u5-K_ua9sOw&list=PLu0W_9lII9ahKZ42vg2w9ERPmShYbYAB7
Wordpress[3.2 Hr]:https://www.youtube.com/watch?v=GlLRYml8mCY&list=PLu0W_9lII9ahKZ42vg2w9ERPmShYbYAB7
Angular[2 Hr]:https://www.youtube.com/watch?v=0LhBvp8qpro&list=PLu0W_9lII9ahKZ42vg2w9ERPmShYbYAB7
Java[2.3 Hr]:https://www.youtube.com/watch?v=rV_3Lewxx6o&list=PLu0W_9lII9ahKZ42vg2w9ERPmShYbYAB7
Web Scraping[1 Hr]:https://www.youtube.com/watch?v=uufDGjTuq34&list=PLu0W_9lII9ahKZ42vg2w9ERPmShYbYAB7
MongoDB[2 Hr]:https://www.youtube.com/watch?v=oSIv-E60NiU&list=PLu0W_9lII9ahKZ42vg2w9ERPmShYbYAB7
Numpy[1 Hr]:https://www.youtube.com/watch?v=Rbh1rieb3zc&list=PLu0W_9lII9ahKZ42vg2w9ERPmShYbYAB7
Android Dev[12 Hr]- https://www.youtube.com/watch?v=mXjZQX3UzOs
Linux[1 Hr]:https://www.youtube.com/watch?v=_tCY-c-sPZc&list=PLu0W_9lII9ahKZ42vg2w9ERPmShYbYAB7
JQuery[1.1 Hr]:https://www.youtube.com/watch?v=YFlx1C8XwR0&list=PLu0W_9lII9ahKZ42vg2w9ERPmShYbYAB7
Git and GitHub[1.1 Hr]:https://www.youtube.com/watch?v=gwWKnnCMQ5c&list=PLu0W_9lII9ahKZ42vg2w9ERPmShYbYAB7

►Complete course [playlist]:
React: https://www.youtube.com/playlist?list=PLu0W_9lII9agx66oZnT6IyhcMIbUMNMdt
Python-https://www.youtube.com/playlist?list=PLu0W_9lII9agICnT8t4iYVSZ3eykIAOME
OOP Python-https://www.youtube.com/playlist?list=PLu0W_9lII9ahfRrhFcoB-4lpp9YaBmdCP
Java:https://www.youtube.com/playlist?list=PLu0W_9lII9agS67Uits0UnJyrYiXhDS6q
JavaScript- https://www.youtube.com/playlist?list=PLu0W_9lII9ajyk081To1Cbt2eI5913SsL
PHP-https://www.youtube.com/playlist?list=PLu0W_9lII9aikXkRE0WxDt1vozo3hnmtR
C-https://www.youtube.com/playlist?list=PLu0W_9lII9aiXlHcLx-mDH1Qul38wD3aR
C++-https://www.youtube.com/playlist?list=PLu0W_9lII9agpFUAlPFe_VNSlXW5uE0YL
Git & GitHub-https://www.youtube.com/playlist?list=PLu0W_9lII9ahVQekD7ePHmnirTePXwIln
Android Dev- https://www.youtube.com/playlist?list=PLu0W_9lII9aiL0kysYlfSOUgY5rNlOhUd
Python GUI- https://www.youtube.com/playlist?list=PLu0W_9lII9ajLcqRcj4PoEihkukF_OTzA
Web Development- https://www.youtube.com/playlist?list=PLu0W_9lII9agiCUZYRsvtGTXdxkzPyItg
Python Django:https://www.youtube.com/playlist?list=PLu0W_9lII9ah7DDtYtflgwMwpT3xmjXY9
Projects Using HTML, CSS & Javascript- https://www.youtube.com/playlist?list=PLu0W_9lII9aiQiOwthuSvinxoflmhRxM3
Data Structure and Algo:https://www.youtube.com/playlist?list=PLu0W_9lII9ahIappRPN0MCAgtOu3lQjQi 

Follow Me On Social Media
►Website (created using Django Rest & Angular): https://www.codewithharry.com
►Facebook: https://www.facebook.com/CodeWithHarry
►Instagram: https://www.instagram.com/codewithharry/ 
Twitter: https://twitter.com/CodeWithHarry
Comment ""#HarryBhai"" if you read this 😉😉",https://i.ytimg.com/vi/jIbXtgL0qrg/maxresdefault.jpg,CodeWithHarry,134405,4388,308,977,16:17,"16 Minutes, 17 Seconds",2024-02-16T11:30:17,https://www.youtube.com/watch?v=jIbXtgL0qrg
The useMemo hook in React | Sigma Web Development Course - Tutorial #117,"Latest Udemy Web dev Course With Certificate: https://goharry.in/webdev
Access the Sigma web development course playlist: https://www.youtube.com/playlist?list=PLu0W_9lII9agq5TrH9XLIKQvv0iaF2X3w
➡️ Source Code: https://github.com/CodeWithHarry/Sigma-Web-Dev-Course
➡️ Notes and CheatSheets: https://www.codewithharry.com/notes/
➡️ English Subtitles are now up for all the videos!

►Checkout my English channel here: https://www.youtube.com/channel/UC7btqG2Ww0_2LwuQxpvo2HQ
►Instagram: https://www.instagram.com/codewithharry

python, C, C++, Java, JavaScript and Other Cheatsheets [++]:
Playlist: https://www.youtube.com/playlist?list=PLu0W_9lII9agrsRZjFECeFuWY5ev2pQlk

►Learn in One Video[++]:
Python Course with 5 Projects: https://www.youtube.com/watch?v=fqF9M92jzUo
Python[15 Hr]: https://www.youtube.com/watch?v=gfDE2a7MKjA&list=PLu0W_9lII9ahKZ42vg2w9ERPmShYbYAB7
Python Advance[3.5 Hr]: https://www.youtube.com/watch?v=61a7UkDO50s&list=PLu0W_9lII9ahKZ42vg2w9ERPmShYbYAB7
Python[1 Hr]: https://www.youtube.com/watch?v=qHJjMvHLJdg&list=PLu0W_9lII9ahKZ42vg2w9ERPmShYbYAB7
Python[2 Hr]: https://www.youtube.com/watch?v=ihk_Xglr164&list=PLu0W_9lII9ahKZ42vg2w9ERPmShYbYAB7
Python[15 Min]:https://www.youtube.com/watch?v=fr1f84rg4Nw&list=PLu0W_9lII9ahKZ42vg2w9ERPmShYbYAB7
JavaScript[1 Hr]: https://www.youtube.com/watch?v=onbBV0uFVpo&list=PLu0W_9lII9ahKZ42vg2w9ERPmShYbYAB7
C[1.3 Hr]-https://www.youtube.com/watch?v=YXcgD8hRHYY&list=PLu0W_9lII9ahKZ42vg2w9ERPmShYbYAB7
php[1 Hr]: https://www.youtube.com/watch?v=xW7ro3lwaCI&list=PLu0W_9lII9ahKZ42vg2w9ERPmShYbYAB7
php[2.3 Hr]:https://www.youtube.com/watch?v=1SnPKhCdlsU&list=PLu0W_9lII9ahKZ42vg2w9ERPmShYbYAB7
php[Project]- https://www.youtube.com/watch?v=-al2bECumKg&list=PLu0W_9lII9ahKZ42vg2w9ERPmShYbYAB7
HTML[30 Min]:https://www.youtube.com/watch?v=E3ByCRqE7Lo&list=PLu0W_9lII9ahKZ42vg2w9ERPmShYbYAB7
CSS[8.5 Hr]:https://www.youtube.com/watch?v=Edsxf_NBFrw&list=PLu0W_9lII9ahKZ42vg2w9ERPmShYbYAB7
CSS[1.4 Hr]:https://www.youtube.com/watch?v=u5-K_ua9sOw&list=PLu0W_9lII9ahKZ42vg2w9ERPmShYbYAB7
Wordpress[3.2 Hr]:https://www.youtube.com/watch?v=GlLRYml8mCY&list=PLu0W_9lII9ahKZ42vg2w9ERPmShYbYAB7
Angular[2 Hr]:https://www.youtube.com/watch?v=0LhBvp8qpro&list=PLu0W_9lII9ahKZ42vg2w9ERPmShYbYAB7
Java[2.3 Hr]:https://www.youtube.com/watch?v=rV_3Lewxx6o&list=PLu0W_9lII9ahKZ42vg2w9ERPmShYbYAB7
Web Scraping[1 Hr]:https://www.youtube.com/watch?v=uufDGjTuq34&list=PLu0W_9lII9ahKZ42vg2w9ERPmShYbYAB7
MongoDB[2 Hr]:https://www.youtube.com/watch?v=oSIv-E60NiU&list=PLu0W_9lII9ahKZ42vg2w9ERPmShYbYAB7
Numpy[1 Hr]:https://www.youtube.com/watch?v=Rbh1rieb3zc&list=PLu0W_9lII9ahKZ42vg2w9ERPmShYbYAB7
Android Dev[12 Hr]- https://www.youtube.com/watch?v=mXjZQX3UzOs
Linux[1 Hr]:https://www.youtube.com/watch?v=_tCY-c-sPZc&list=PLu0W_9lII9ahKZ42vg2w9ERPmShYbYAB7
JQuery[1.1 Hr]:https://www.youtube.com/watch?v=YFlx1C8XwR0&list=PLu0W_9lII9ahKZ42vg2w9ERPmShYbYAB7
Git and GitHub[1.1 Hr]:https://www.youtube.com/watch?v=gwWKnnCMQ5c&list=PLu0W_9lII9ahKZ42vg2w9ERPmShYbYAB7

►Complete course [playlist]:
React: https://www.youtube.com/playlist?list=PLu0W_9lII9agx66oZnT6IyhcMIbUMNMdt
Python-https://www.youtube.com/playlist?list=PLu0W_9lII9agICnT8t4iYVSZ3eykIAOME
OOP Python-https://www.youtube.com/playlist?list=PLu0W_9lII9ahfRrhFcoB-4lpp9YaBmdCP
Java:https://www.youtube.com/playlist?list=PLu0W_9lII9agS67Uits0UnJyrYiXhDS6q
JavaScript- https://www.youtube.com/playlist?list=PLu0W_9lII9ajyk081To1Cbt2eI5913SsL
PHP-https://www.youtube.com/playlist?list=PLu0W_9lII9aikXkRE0WxDt1vozo3hnmtR
C-https://www.youtube.com/playlist?list=PLu0W_9lII9aiXlHcLx-mDH1Qul38wD3aR
C++-https://www.youtube.com/playlist?list=PLu0W_9lII9agpFUAlPFe_VNSlXW5uE0YL
Git & GitHub-https://www.youtube.com/playlist?list=PLu0W_9lII9ahVQekD7ePHmnirTePXwIln
Android Dev- https://www.youtube.com/playlist?list=PLu0W_9lII9aiL0kysYlfSOUgY5rNlOhUd
Python GUI- https://www.youtube.com/playlist?list=PLu0W_9lII9ajLcqRcj4PoEihkukF_OTzA
Web Development- https://www.youtube.com/playlist?list=PLu0W_9lII9agiCUZYRsvtGTXdxkzPyItg
Python Django:https://www.youtube.com/playlist?list=PLu0W_9lII9ah7DDtYtflgwMwpT3xmjXY9
Projects Using HTML, CSS & Javascript- https://www.youtube.com/playlist?list=PLu0W_9lII9aiQiOwthuSvinxoflmhRxM3
Data Structure and Algo:https://www.youtube.com/playlist?list=PLu0W_9lII9ahIappRPN0MCAgtOu3lQjQi 

Follow Me On Social Media
►Website (created using Django Rest & Angular): https://www.codewithharry.com
►Facebook: https://www.facebook.com/CodeWithHarry
►Instagram: https://www.instagram.com/codewithharry/ 
Twitter: https://twitter.com/CodeWithHarry
Comment ""#HarryBhai"" if you read this 😉😉",https://i.ytimg.com/vi/rRiBpNhFgoM/maxresdefault.jpg,CodeWithHarry,90294,3495,314,889,14:49,"14 Minutes, 49 Seconds",2024-02-17T11:30:25,https://www.youtube.com/watch?v=rRiBpNhFgoM
The useCallback hook in React | Sigma Web Development Course - Tutorial #118,"Latest Udemy Web dev Course With Certificate: https://goharry.in/webdev
Access the Sigma web development course playlist: https://www.youtube.com/playlist?list=PLu0W_9lII9agq5TrH9XLIKQvv0iaF2X3w
➡️ Source Code: https://github.com/CodeWithHarry/Sigma-Web-Dev-Course
➡️ Notes and CheatSheets: https://www.codewithharry.com/notes/
➡️ English Subtitles are now up for all the videos!

►Checkout my English channel here: https://www.youtube.com/channel/UC7btqG2Ww0_2LwuQxpvo2HQ
►Instagram: https://www.instagram.com/codewithharry

python, C, C++, Java, JavaScript and Other Cheatsheets [++]:
Playlist: https://www.youtube.com/playlist?list=PLu0W_9lII9agrsRZjFECeFuWY5ev2pQlk

►Learn in One Video[++]:
Python Course with 5 Projects: https://www.youtube.com/watch?v=fqF9M92jzUo
Python[15 Hr]: https://www.youtube.com/watch?v=gfDE2a7MKjA&list=PLu0W_9lII9ahKZ42vg2w9ERPmShYbYAB7
Python Advance[3.5 Hr]: https://www.youtube.com/watch?v=61a7UkDO50s&list=PLu0W_9lII9ahKZ42vg2w9ERPmShYbYAB7
Python[1 Hr]: https://www.youtube.com/watch?v=qHJjMvHLJdg&list=PLu0W_9lII9ahKZ42vg2w9ERPmShYbYAB7
Python[2 Hr]: https://www.youtube.com/watch?v=ihk_Xglr164&list=PLu0W_9lII9ahKZ42vg2w9ERPmShYbYAB7
Python[15 Min]:https://www.youtube.com/watch?v=fr1f84rg4Nw&list=PLu0W_9lII9ahKZ42vg2w9ERPmShYbYAB7
JavaScript[1 Hr]: https://www.youtube.com/watch?v=onbBV0uFVpo&list=PLu0W_9lII9ahKZ42vg2w9ERPmShYbYAB7
C[1.3 Hr]-https://www.youtube.com/watch?v=YXcgD8hRHYY&list=PLu0W_9lII9ahKZ42vg2w9ERPmShYbYAB7
php[1 Hr]: https://www.youtube.com/watch?v=xW7ro3lwaCI&list=PLu0W_9lII9ahKZ42vg2w9ERPmShYbYAB7
php[2.3 Hr]:https://www.youtube.com/watch?v=1SnPKhCdlsU&list=PLu0W_9lII9ahKZ42vg2w9ERPmShYbYAB7
php[Project]- https://www.youtube.com/watch?v=-al2bECumKg&list=PLu0W_9lII9ahKZ42vg2w9ERPmShYbYAB7
HTML[30 Min]:https://www.youtube.com/watch?v=E3ByCRqE7Lo&list=PLu0W_9lII9ahKZ42vg2w9ERPmShYbYAB7
CSS[8.5 Hr]:https://www.youtube.com/watch?v=Edsxf_NBFrw&list=PLu0W_9lII9ahKZ42vg2w9ERPmShYbYAB7
CSS[1.4 Hr]:https://www.youtube.com/watch?v=u5-K_ua9sOw&list=PLu0W_9lII9ahKZ42vg2w9ERPmShYbYAB7
Wordpress[3.2 Hr]:https://www.youtube.com/watch?v=GlLRYml8mCY&list=PLu0W_9lII9ahKZ42vg2w9ERPmShYbYAB7
Angular[2 Hr]:https://www.youtube.com/watch?v=0LhBvp8qpro&list=PLu0W_9lII9ahKZ42vg2w9ERPmShYbYAB7
Java[2.3 Hr]:https://www.youtube.com/watch?v=rV_3Lewxx6o&list=PLu0W_9lII9ahKZ42vg2w9ERPmShYbYAB7
Web Scraping[1 Hr]:https://www.youtube.com/watch?v=uufDGjTuq34&list=PLu0W_9lII9ahKZ42vg2w9ERPmShYbYAB7
MongoDB[2 Hr]:https://www.youtube.com/watch?v=oSIv-E60NiU&list=PLu0W_9lII9ahKZ42vg2w9ERPmShYbYAB7
Numpy[1 Hr]:https://www.youtube.com/watch?v=Rbh1rieb3zc&list=PLu0W_9lII9ahKZ42vg2w9ERPmShYbYAB7
Android Dev[12 Hr]- https://www.youtube.com/watch?v=mXjZQX3UzOs
Linux[1 Hr]:https://www.youtube.com/watch?v=_tCY-c-sPZc&list=PLu0W_9lII9ahKZ42vg2w9ERPmShYbYAB7
JQuery[1.1 Hr]:https://www.youtube.com/watch?v=YFlx1C8XwR0&list=PLu0W_9lII9ahKZ42vg2w9ERPmShYbYAB7
Git and GitHub[1.1 Hr]:https://www.youtube.com/watch?v=gwWKnnCMQ5c&list=PLu0W_9lII9ahKZ42vg2w9ERPmShYbYAB7

►Complete course [playlist]:
React: https://www.youtube.com/playlist?list=PLu0W_9lII9agx66oZnT6IyhcMIbUMNMdt
Python-https://www.youtube.com/playlist?list=PLu0W_9lII9agICnT8t4iYVSZ3eykIAOME
OOP Python-https://www.youtube.com/playlist?list=PLu0W_9lII9ahfRrhFcoB-4lpp9YaBmdCP
Java:https://www.youtube.com/playlist?list=PLu0W_9lII9agS67Uits0UnJyrYiXhDS6q
JavaScript- https://www.youtube.com/playlist?list=PLu0W_9lII9ajyk081To1Cbt2eI5913SsL
PHP-https://www.youtube.com/playlist?list=PLu0W_9lII9aikXkRE0WxDt1vozo3hnmtR
C-https://www.youtube.com/playlist?list=PLu0W_9lII9aiXlHcLx-mDH1Qul38wD3aR
C++-https://www.youtube.com/playlist?list=PLu0W_9lII9agpFUAlPFe_VNSlXW5uE0YL
Git & GitHub-https://www.youtube.com/playlist?list=PLu0W_9lII9ahVQekD7ePHmnirTePXwIln
Android Dev- https://www.youtube.com/playlist?list=PLu0W_9lII9aiL0kysYlfSOUgY5rNlOhUd
Python GUI- https://www.youtube.com/playlist?list=PLu0W_9lII9ajLcqRcj4PoEihkukF_OTzA
Web Development- https://www.youtube.com/playlist?list=PLu0W_9lII9agiCUZYRsvtGTXdxkzPyItg
Python Django:https://www.youtube.com/playlist?list=PLu0W_9lII9ah7DDtYtflgwMwpT3xmjXY9
Projects Using HTML, CSS & Javascript- https://www.youtube.com/playlist?list=PLu0W_9lII9aiQiOwthuSvinxoflmhRxM3
Data Structure and Algo:https://www.youtube.com/playlist?list=PLu0W_9lII9ahIappRPN0MCAgtOu3lQjQi 

Follow Me On Social Media
►Website (created using Django Rest & Angular): https://www.codewithharry.com
►Facebook: https://www.facebook.com/CodeWithHarry
►Instagram: https://www.instagram.com/codewithharry/ 
Twitter: https://twitter.com/CodeWithHarry
Comment ""#HarryBhai"" if you read this 😉😉",https://i.ytimg.com/vi/M1ELG5Wgtdo/maxresdefault.jpg,CodeWithHarry,96721,3535,309,840,14:00,"14 Minutes, 0 Seconds",2024-02-18T11:30:07,https://www.youtube.com/watch?v=M1ELG5Wgtdo
Handling Forms + Connecting React to Express Backend | Sigma Web Development Course - Tutorial #119,"Latest Udemy Web dev Course With Certificate: https://goharry.in/webdev
Access the Sigma web development course playlist: https://www.youtube.com/playlist?list=PLu0W_9lII9agq5TrH9XLIKQvv0iaF2X3w
➡️ Source Code: https://github.com/CodeWithHarry/Sigma-Web-Dev-Course
➡️ Notes and CheatSheets: https://www.codewithharry.com/notes/
➡️ English Subtitles are now up for all the videos!

►Checkout my English channel here: https://www.youtube.com/channel/UC7btqG2Ww0_2LwuQxpvo2HQ
►Instagram: https://www.instagram.com/codewithharry

python, C, C++, Java, JavaScript and Other Cheatsheets [++]:
Playlist: https://www.youtube.com/playlist?list=PLu0W_9lII9agrsRZjFECeFuWY5ev2pQlk

►Learn in One Video[++]:
Python Course with 5 Projects: https://www.youtube.com/watch?v=fqF9M92jzUo
Python[15 Hr]: https://www.youtube.com/watch?v=gfDE2a7MKjA&list=PLu0W_9lII9ahKZ42vg2w9ERPmShYbYAB7
Python Advance[3.5 Hr]: https://www.youtube.com/watch?v=61a7UkDO50s&list=PLu0W_9lII9ahKZ42vg2w9ERPmShYbYAB7
Python[1 Hr]: https://www.youtube.com/watch?v=qHJjMvHLJdg&list=PLu0W_9lII9ahKZ42vg2w9ERPmShYbYAB7
Python[2 Hr]: https://www.youtube.com/watch?v=ihk_Xglr164&list=PLu0W_9lII9ahKZ42vg2w9ERPmShYbYAB7
Python[15 Min]:https://www.youtube.com/watch?v=fr1f84rg4Nw&list=PLu0W_9lII9ahKZ42vg2w9ERPmShYbYAB7
JavaScript[1 Hr]: https://www.youtube.com/watch?v=onbBV0uFVpo&list=PLu0W_9lII9ahKZ42vg2w9ERPmShYbYAB7
C[1.3 Hr]-https://www.youtube.com/watch?v=YXcgD8hRHYY&list=PLu0W_9lII9ahKZ42vg2w9ERPmShYbYAB7
php[1 Hr]: https://www.youtube.com/watch?v=xW7ro3lwaCI&list=PLu0W_9lII9ahKZ42vg2w9ERPmShYbYAB7
php[2.3 Hr]:https://www.youtube.com/watch?v=1SnPKhCdlsU&list=PLu0W_9lII9ahKZ42vg2w9ERPmShYbYAB7
php[Project]- https://www.youtube.com/watch?v=-al2bECumKg&list=PLu0W_9lII9ahKZ42vg2w9ERPmShYbYAB7
HTML[30 Min]:https://www.youtube.com/watch?v=E3ByCRqE7Lo&list=PLu0W_9lII9ahKZ42vg2w9ERPmShYbYAB7
CSS[8.5 Hr]:https://www.youtube.com/watch?v=Edsxf_NBFrw&list=PLu0W_9lII9ahKZ42vg2w9ERPmShYbYAB7
CSS[1.4 Hr]:https://www.youtube.com/watch?v=u5-K_ua9sOw&list=PLu0W_9lII9ahKZ42vg2w9ERPmShYbYAB7
Wordpress[3.2 Hr]:https://www.youtube.com/watch?v=GlLRYml8mCY&list=PLu0W_9lII9ahKZ42vg2w9ERPmShYbYAB7
Angular[2 Hr]:https://www.youtube.com/watch?v=0LhBvp8qpro&list=PLu0W_9lII9ahKZ42vg2w9ERPmShYbYAB7
Java[2.3 Hr]:https://www.youtube.com/watch?v=rV_3Lewxx6o&list=PLu0W_9lII9ahKZ42vg2w9ERPmShYbYAB7
Web Scraping[1 Hr]:https://www.youtube.com/watch?v=uufDGjTuq34&list=PLu0W_9lII9ahKZ42vg2w9ERPmShYbYAB7
MongoDB[2 Hr]:https://www.youtube.com/watch?v=oSIv-E60NiU&list=PLu0W_9lII9ahKZ42vg2w9ERPmShYbYAB7
Numpy[1 Hr]:https://www.youtube.com/watch?v=Rbh1rieb3zc&list=PLu0W_9lII9ahKZ42vg2w9ERPmShYbYAB7
Android Dev[12 Hr]- https://www.youtube.com/watch?v=mXjZQX3UzOs
Linux[1 Hr]:https://www.youtube.com/watch?v=_tCY-c-sPZc&list=PLu0W_9lII9ahKZ42vg2w9ERPmShYbYAB7
JQuery[1.1 Hr]:https://www.youtube.com/watch?v=YFlx1C8XwR0&list=PLu0W_9lII9ahKZ42vg2w9ERPmShYbYAB7
Git and GitHub[1.1 Hr]:https://www.youtube.com/watch?v=gwWKnnCMQ5c&list=PLu0W_9lII9ahKZ42vg2w9ERPmShYbYAB7

►Complete course [playlist]:
React: https://www.youtube.com/playlist?list=PLu0W_9lII9agx66oZnT6IyhcMIbUMNMdt
Python-https://www.youtube.com/playlist?list=PLu0W_9lII9agICnT8t4iYVSZ3eykIAOME
OOP Python-https://www.youtube.com/playlist?list=PLu0W_9lII9ahfRrhFcoB-4lpp9YaBmdCP
Java:https://www.youtube.com/playlist?list=PLu0W_9lII9agS67Uits0UnJyrYiXhDS6q
JavaScript- https://www.youtube.com/playlist?list=PLu0W_9lII9ajyk081To1Cbt2eI5913SsL
PHP-https://www.youtube.com/playlist?list=PLu0W_9lII9aikXkRE0WxDt1vozo3hnmtR
C-https://www.youtube.com/playlist?list=PLu0W_9lII9aiXlHcLx-mDH1Qul38wD3aR
C++-https://www.youtube.com/playlist?list=PLu0W_9lII9agpFUAlPFe_VNSlXW5uE0YL
Git & GitHub-https://www.youtube.com/playlist?list=PLu0W_9lII9ahVQekD7ePHmnirTePXwIln
Android Dev- https://www.youtube.com/playlist?list=PLu0W_9lII9aiL0kysYlfSOUgY5rNlOhUd
Python GUI- https://www.youtube.com/playlist?list=PLu0W_9lII9ajLcqRcj4PoEihkukF_OTzA
Web Development- https://www.youtube.com/playlist?list=PLu0W_9lII9agiCUZYRsvtGTXdxkzPyItg
Python Django:https://www.youtube.com/playlist?list=PLu0W_9lII9ah7DDtYtflgwMwpT3xmjXY9
Projects Using HTML, CSS & Javascript- https://www.youtube.com/playlist?list=PLu0W_9lII9aiQiOwthuSvinxoflmhRxM3
Data Structure and Algo:https://www.youtube.com/playlist?list=PLu0W_9lII9ahIappRPN0MCAgtOu3lQjQi 

Follow Me On Social Media
►Website (created using Django Rest & Angular): https://www.codewithharry.com
►Facebook: https://www.facebook.com/CodeWithHarry
►Instagram: https://www.instagram.com/codewithharry/ 
Twitter: https://twitter.com/CodeWithHarry
Comment ""#HarryBhai"" if you read this 😉😉",https://i.ytimg.com/vi/SdzMBWT2CDQ/maxresdefault.jpg,CodeWithHarry,115266,3311,281,1889,31:29,"31 Minutes, 29 Seconds",2024-02-20T13:43:27,https://www.youtube.com/watch?v=SdzMBWT2CDQ
Learn Redux in One video | Sigma Web Development Course - Tutorial #120,"Latest Udemy Web dev Course With Certificate: https://goharry.in/webdev
Access the Sigma web development course playlist: https://www.youtube.com/playlist?list=PLu0W_9lII9agq5TrH9XLIKQvv0iaF2X3w
➡️ Source Code: https://github.com/CodeWithHarry/Sigma-Web-Dev-Course
➡️ Notes and CheatSheets: https://www.codewithharry.com/notes/
➡️ English Subtitles are now up for all the videos!

►Checkout my English channel here: https://www.youtube.com/channel/UC7btqG2Ww0_2LwuQxpvo2HQ
►Instagram: https://www.instagram.com/codewithharry

python, C, C++, Java, JavaScript and Other Cheatsheets [++]:
Playlist: https://www.youtube.com/playlist?list=PLu0W_9lII9agrsRZjFECeFuWY5ev2pQlk

►Learn in One Video[++]:
Python Course with 5 Projects: https://www.youtube.com/watch?v=fqF9M92jzUo
Python[15 Hr]: https://www.youtube.com/watch?v=gfDE2a7MKjA&list=PLu0W_9lII9ahKZ42vg2w9ERPmShYbYAB7
Python Advance[3.5 Hr]: https://www.youtube.com/watch?v=61a7UkDO50s&list=PLu0W_9lII9ahKZ42vg2w9ERPmShYbYAB7
Python[1 Hr]: https://www.youtube.com/watch?v=qHJjMvHLJdg&list=PLu0W_9lII9ahKZ42vg2w9ERPmShYbYAB7
Python[2 Hr]: https://www.youtube.com/watch?v=ihk_Xglr164&list=PLu0W_9lII9ahKZ42vg2w9ERPmShYbYAB7
Python[15 Min]:https://www.youtube.com/watch?v=fr1f84rg4Nw&list=PLu0W_9lII9ahKZ42vg2w9ERPmShYbYAB7
JavaScript[1 Hr]: https://www.youtube.com/watch?v=onbBV0uFVpo&list=PLu0W_9lII9ahKZ42vg2w9ERPmShYbYAB7
C[1.3 Hr]-https://www.youtube.com/watch?v=YXcgD8hRHYY&list=PLu0W_9lII9ahKZ42vg2w9ERPmShYbYAB7
php[1 Hr]: https://www.youtube.com/watch?v=xW7ro3lwaCI&list=PLu0W_9lII9ahKZ42vg2w9ERPmShYbYAB7
php[2.3 Hr]:https://www.youtube.com/watch?v=1SnPKhCdlsU&list=PLu0W_9lII9ahKZ42vg2w9ERPmShYbYAB7
php[Project]- https://www.youtube.com/watch?v=-al2bECumKg&list=PLu0W_9lII9ahKZ42vg2w9ERPmShYbYAB7
HTML[30 Min]:https://www.youtube.com/watch?v=E3ByCRqE7Lo&list=PLu0W_9lII9ahKZ42vg2w9ERPmShYbYAB7
CSS[8.5 Hr]:https://www.youtube.com/watch?v=Edsxf_NBFrw&list=PLu0W_9lII9ahKZ42vg2w9ERPmShYbYAB7
CSS[1.4 Hr]:https://www.youtube.com/watch?v=u5-K_ua9sOw&list=PLu0W_9lII9ahKZ42vg2w9ERPmShYbYAB7
Wordpress[3.2 Hr]:https://www.youtube.com/watch?v=GlLRYml8mCY&list=PLu0W_9lII9ahKZ42vg2w9ERPmShYbYAB7
Angular[2 Hr]:https://www.youtube.com/watch?v=0LhBvp8qpro&list=PLu0W_9lII9ahKZ42vg2w9ERPmShYbYAB7
Java[2.3 Hr]:https://www.youtube.com/watch?v=rV_3Lewxx6o&list=PLu0W_9lII9ahKZ42vg2w9ERPmShYbYAB7
Web Scraping[1 Hr]:https://www.youtube.com/watch?v=uufDGjTuq34&list=PLu0W_9lII9ahKZ42vg2w9ERPmShYbYAB7
MongoDB[2 Hr]:https://www.youtube.com/watch?v=oSIv-E60NiU&list=PLu0W_9lII9ahKZ42vg2w9ERPmShYbYAB7
Numpy[1 Hr]:https://www.youtube.com/watch?v=Rbh1rieb3zc&list=PLu0W_9lII9ahKZ42vg2w9ERPmShYbYAB7
Android Dev[12 Hr]- https://www.youtube.com/watch?v=mXjZQX3UzOs
Linux[1 Hr]:https://www.youtube.com/watch?v=_tCY-c-sPZc&list=PLu0W_9lII9ahKZ42vg2w9ERPmShYbYAB7
JQuery[1.1 Hr]:https://www.youtube.com/watch?v=YFlx1C8XwR0&list=PLu0W_9lII9ahKZ42vg2w9ERPmShYbYAB7
Git and GitHub[1.1 Hr]:https://www.youtube.com/watch?v=gwWKnnCMQ5c&list=PLu0W_9lII9ahKZ42vg2w9ERPmShYbYAB7

►Complete course [playlist]:
React: https://www.youtube.com/playlist?list=PLu0W_9lII9agx66oZnT6IyhcMIbUMNMdt
Python-https://www.youtube.com/playlist?list=PLu0W_9lII9agICnT8t4iYVSZ3eykIAOME
OOP Python-https://www.youtube.com/playlist?list=PLu0W_9lII9ahfRrhFcoB-4lpp9YaBmdCP
Java:https://www.youtube.com/playlist?list=PLu0W_9lII9agS67Uits0UnJyrYiXhDS6q
JavaScript- https://www.youtube.com/playlist?list=PLu0W_9lII9ajyk081To1Cbt2eI5913SsL
PHP-https://www.youtube.com/playlist?list=PLu0W_9lII9aikXkRE0WxDt1vozo3hnmtR
C-https://www.youtube.com/playlist?list=PLu0W_9lII9aiXlHcLx-mDH1Qul38wD3aR
C++-https://www.youtube.com/playlist?list=PLu0W_9lII9agpFUAlPFe_VNSlXW5uE0YL
Git & GitHub-https://www.youtube.com/playlist?list=PLu0W_9lII9ahVQekD7ePHmnirTePXwIln
Android Dev- https://www.youtube.com/playlist?list=PLu0W_9lII9aiL0kysYlfSOUgY5rNlOhUd
Python GUI- https://www.youtube.com/playlist?list=PLu0W_9lII9ajLcqRcj4PoEihkukF_OTzA
Web Development- https://www.youtube.com/playlist?list=PLu0W_9lII9agiCUZYRsvtGTXdxkzPyItg
Python Django:https://www.youtube.com/playlist?list=PLu0W_9lII9ah7DDtYtflgwMwpT3xmjXY9
Projects Using HTML, CSS & Javascript- https://www.youtube.com/playlist?list=PLu0W_9lII9aiQiOwthuSvinxoflmhRxM3
Data Structure and Algo:https://www.youtube.com/playlist?list=PLu0W_9lII9ahIappRPN0MCAgtOu3lQjQi 

Follow Me On Social Media
►Website (created using Django Rest & Angular): https://www.codewithharry.com
►Facebook: https://www.facebook.com/CodeWithHarry
►Instagram: https://www.instagram.com/codewithharry/ 
Twitter: https://twitter.com/CodeWithHarry
Comment ""#HarryBhai"" if you read this 😉😉",https://i.ytimg.com/vi/J5By-Q4ZhZs/maxresdefault.jpg,CodeWithHarry,153947,4822,300,1177,19:37,"19 Minutes, 37 Seconds",2024-02-21T15:44:53,https://www.youtube.com/watch?v=J5By-Q4ZhZs
Introduction to Next.js & File based routing | Sigma Web Development Course - Tutorial #121,"Latest Udemy Web dev Course With Certificate: https://goharry.in/webdev
Access the Sigma web development course playlist: https://www.youtube.com/playlist?list=PLu0W_9lII9agq5TrH9XLIKQvv0iaF2X3w
➡️ Source Code: https://github.com/CodeWithHarry/Sigma-Web-Dev-Course
➡️ Notes and CheatSheets: https://www.codewithharry.com/notes/
➡️ English Subtitles are now up for all the videos!

►Checkout my English channel here: https://www.youtube.com/channel/UC7btqG2Ww0_2LwuQxpvo2HQ
►Instagram: https://www.instagram.com/codewithharry

python, C, C++, Java, JavaScript and Other Cheatsheets [++]:
Playlist: https://www.youtube.com/playlist?list=PLu0W_9lII9agrsRZjFECeFuWY5ev2pQlk

►Learn in One Video[++]:
Python Course with 5 Projects: https://www.youtube.com/watch?v=fqF9M92jzUo
Python[15 Hr]: https://www.youtube.com/watch?v=gfDE2a7MKjA&list=PLu0W_9lII9ahKZ42vg2w9ERPmShYbYAB7
Python Advance[3.5 Hr]: https://www.youtube.com/watch?v=61a7UkDO50s&list=PLu0W_9lII9ahKZ42vg2w9ERPmShYbYAB7
Python[1 Hr]: https://www.youtube.com/watch?v=qHJjMvHLJdg&list=PLu0W_9lII9ahKZ42vg2w9ERPmShYbYAB7
Python[2 Hr]: https://www.youtube.com/watch?v=ihk_Xglr164&list=PLu0W_9lII9ahKZ42vg2w9ERPmShYbYAB7
Python[15 Min]:https://www.youtube.com/watch?v=fr1f84rg4Nw&list=PLu0W_9lII9ahKZ42vg2w9ERPmShYbYAB7
JavaScript[1 Hr]: https://www.youtube.com/watch?v=onbBV0uFVpo&list=PLu0W_9lII9ahKZ42vg2w9ERPmShYbYAB7
C[1.3 Hr]-https://www.youtube.com/watch?v=YXcgD8hRHYY&list=PLu0W_9lII9ahKZ42vg2w9ERPmShYbYAB7
php[1 Hr]: https://www.youtube.com/watch?v=xW7ro3lwaCI&list=PLu0W_9lII9ahKZ42vg2w9ERPmShYbYAB7
php[2.3 Hr]:https://www.youtube.com/watch?v=1SnPKhCdlsU&list=PLu0W_9lII9ahKZ42vg2w9ERPmShYbYAB7
php[Project]- https://www.youtube.com/watch?v=-al2bECumKg&list=PLu0W_9lII9ahKZ42vg2w9ERPmShYbYAB7
HTML[30 Min]:https://www.youtube.com/watch?v=E3ByCRqE7Lo&list=PLu0W_9lII9ahKZ42vg2w9ERPmShYbYAB7
CSS[8.5 Hr]:https://www.youtube.com/watch?v=Edsxf_NBFrw&list=PLu0W_9lII9ahKZ42vg2w9ERPmShYbYAB7
CSS[1.4 Hr]:https://www.youtube.com/watch?v=u5-K_ua9sOw&list=PLu0W_9lII9ahKZ42vg2w9ERPmShYbYAB7
Wordpress[3.2 Hr]:https://www.youtube.com/watch?v=GlLRYml8mCY&list=PLu0W_9lII9ahKZ42vg2w9ERPmShYbYAB7
Angular[2 Hr]:https://www.youtube.com/watch?v=0LhBvp8qpro&list=PLu0W_9lII9ahKZ42vg2w9ERPmShYbYAB7
Java[2.3 Hr]:https://www.youtube.com/watch?v=rV_3Lewxx6o&list=PLu0W_9lII9ahKZ42vg2w9ERPmShYbYAB7
Web Scraping[1 Hr]:https://www.youtube.com/watch?v=uufDGjTuq34&list=PLu0W_9lII9ahKZ42vg2w9ERPmShYbYAB7
MongoDB[2 Hr]:https://www.youtube.com/watch?v=oSIv-E60NiU&list=PLu0W_9lII9ahKZ42vg2w9ERPmShYbYAB7
Numpy[1 Hr]:https://www.youtube.com/watch?v=Rbh1rieb3zc&list=PLu0W_9lII9ahKZ42vg2w9ERPmShYbYAB7
Android Dev[12 Hr]- https://www.youtube.com/watch?v=mXjZQX3UzOs
Linux[1 Hr]:https://www.youtube.com/watch?v=_tCY-c-sPZc&list=PLu0W_9lII9ahKZ42vg2w9ERPmShYbYAB7
JQuery[1.1 Hr]:https://www.youtube.com/watch?v=YFlx1C8XwR0&list=PLu0W_9lII9ahKZ42vg2w9ERPmShYbYAB7
Git and GitHub[1.1 Hr]:https://www.youtube.com/watch?v=gwWKnnCMQ5c&list=PLu0W_9lII9ahKZ42vg2w9ERPmShYbYAB7

►Complete course [playlist]:
React: https://www.youtube.com/playlist?list=PLu0W_9lII9agx66oZnT6IyhcMIbUMNMdt
Python-https://www.youtube.com/playlist?list=PLu0W_9lII9agICnT8t4iYVSZ3eykIAOME
OOP Python-https://www.youtube.com/playlist?list=PLu0W_9lII9ahfRrhFcoB-4lpp9YaBmdCP
Java:https://www.youtube.com/playlist?list=PLu0W_9lII9agS67Uits0UnJyrYiXhDS6q
JavaScript- https://www.youtube.com/playlist?list=PLu0W_9lII9ajyk081To1Cbt2eI5913SsL
PHP-https://www.youtube.com/playlist?list=PLu0W_9lII9aikXkRE0WxDt1vozo3hnmtR
C-https://www.youtube.com/playlist?list=PLu0W_9lII9aiXlHcLx-mDH1Qul38wD3aR
C++-https://www.youtube.com/playlist?list=PLu0W_9lII9agpFUAlPFe_VNSlXW5uE0YL
Git & GitHub-https://www.youtube.com/playlist?list=PLu0W_9lII9ahVQekD7ePHmnirTePXwIln
Android Dev- https://www.youtube.com/playlist?list=PLu0W_9lII9aiL0kysYlfSOUgY5rNlOhUd
Python GUI- https://www.youtube.com/playlist?list=PLu0W_9lII9ajLcqRcj4PoEihkukF_OTzA
Web Development- https://www.youtube.com/playlist?list=PLu0W_9lII9agiCUZYRsvtGTXdxkzPyItg
Python Django:https://www.youtube.com/playlist?list=PLu0W_9lII9ah7DDtYtflgwMwpT3xmjXY9
Projects Using HTML, CSS & Javascript- https://www.youtube.com/playlist?list=PLu0W_9lII9aiQiOwthuSvinxoflmhRxM3
Data Structure and Algo:https://www.youtube.com/playlist?list=PLu0W_9lII9ahIappRPN0MCAgtOu3lQjQi 

Follow Me On Social Media
►Website (created using Django Rest & Angular): https://www.codewithharry.com
►Facebook: https://www.facebook.com/CodeWithHarry
►Instagram: https://www.instagram.com/codewithharry/ 
Twitter: https://twitter.com/CodeWithHarry
Comment ""#HarryBhai"" if you read this 😉😉",https://i.ytimg.com/vi/6XVaVITFOgY/maxresdefault.jpg,CodeWithHarry,105836,3535,307,745,12:25,"12 Minutes, 25 Seconds",2024-02-22T11:52:23,https://www.youtube.com/watch?v=6XVaVITFOgY
Server Components in Next.js | Sigma Web Development Course - Tutorial #122,"Latest Udemy Web dev Course With Certificate: https://goharry.in/webdev
Access the Sigma web development course playlist: https://www.youtube.com/playlist?list=PLu0W_9lII9agq5TrH9XLIKQvv0iaF2X3w
➡️ Source Code: https://github.com/CodeWithHarry/Sigma-Web-Dev-Course
➡️ Notes and CheatSheets: https://www.codewithharry.com/notes/
➡️ English Subtitles are now up for all the videos!

►Checkout my English channel here: https://www.youtube.com/channel/UC7btqG2Ww0_2LwuQxpvo2HQ
►Instagram: https://www.instagram.com/codewithharry

python, C, C++, Java, JavaScript and Other Cheatsheets [++]:
Playlist: https://www.youtube.com/playlist?list=PLu0W_9lII9agrsRZjFECeFuWY5ev2pQlk

►Learn in One Video[++]:
Python Course with 5 Projects: https://www.youtube.com/watch?v=fqF9M92jzUo
Python[15 Hr]: https://www.youtube.com/watch?v=gfDE2a7MKjA&list=PLu0W_9lII9ahKZ42vg2w9ERPmShYbYAB7
Python Advance[3.5 Hr]: https://www.youtube.com/watch?v=61a7UkDO50s&list=PLu0W_9lII9ahKZ42vg2w9ERPmShYbYAB7
Python[1 Hr]: https://www.youtube.com/watch?v=qHJjMvHLJdg&list=PLu0W_9lII9ahKZ42vg2w9ERPmShYbYAB7
Python[2 Hr]: https://www.youtube.com/watch?v=ihk_Xglr164&list=PLu0W_9lII9ahKZ42vg2w9ERPmShYbYAB7
Python[15 Min]:https://www.youtube.com/watch?v=fr1f84rg4Nw&list=PLu0W_9lII9ahKZ42vg2w9ERPmShYbYAB7
JavaScript[1 Hr]: https://www.youtube.com/watch?v=onbBV0uFVpo&list=PLu0W_9lII9ahKZ42vg2w9ERPmShYbYAB7
C[1.3 Hr]-https://www.youtube.com/watch?v=YXcgD8hRHYY&list=PLu0W_9lII9ahKZ42vg2w9ERPmShYbYAB7
php[1 Hr]: https://www.youtube.com/watch?v=xW7ro3lwaCI&list=PLu0W_9lII9ahKZ42vg2w9ERPmShYbYAB7
php[2.3 Hr]:https://www.youtube.com/watch?v=1SnPKhCdlsU&list=PLu0W_9lII9ahKZ42vg2w9ERPmShYbYAB7
php[Project]- https://www.youtube.com/watch?v=-al2bECumKg&list=PLu0W_9lII9ahKZ42vg2w9ERPmShYbYAB7
HTML[30 Min]:https://www.youtube.com/watch?v=E3ByCRqE7Lo&list=PLu0W_9lII9ahKZ42vg2w9ERPmShYbYAB7
CSS[8.5 Hr]:https://www.youtube.com/watch?v=Edsxf_NBFrw&list=PLu0W_9lII9ahKZ42vg2w9ERPmShYbYAB7
CSS[1.4 Hr]:https://www.youtube.com/watch?v=u5-K_ua9sOw&list=PLu0W_9lII9ahKZ42vg2w9ERPmShYbYAB7
Wordpress[3.2 Hr]:https://www.youtube.com/watch?v=GlLRYml8mCY&list=PLu0W_9lII9ahKZ42vg2w9ERPmShYbYAB7
Angular[2 Hr]:https://www.youtube.com/watch?v=0LhBvp8qpro&list=PLu0W_9lII9ahKZ42vg2w9ERPmShYbYAB7
Java[2.3 Hr]:https://www.youtube.com/watch?v=rV_3Lewxx6o&list=PLu0W_9lII9ahKZ42vg2w9ERPmShYbYAB7
Web Scraping[1 Hr]:https://www.youtube.com/watch?v=uufDGjTuq34&list=PLu0W_9lII9ahKZ42vg2w9ERPmShYbYAB7
MongoDB[2 Hr]:https://www.youtube.com/watch?v=oSIv-E60NiU&list=PLu0W_9lII9ahKZ42vg2w9ERPmShYbYAB7
Numpy[1 Hr]:https://www.youtube.com/watch?v=Rbh1rieb3zc&list=PLu0W_9lII9ahKZ42vg2w9ERPmShYbYAB7
Android Dev[12 Hr]- https://www.youtube.com/watch?v=mXjZQX3UzOs
Linux[1 Hr]:https://www.youtube.com/watch?v=_tCY-c-sPZc&list=PLu0W_9lII9ahKZ42vg2w9ERPmShYbYAB7
JQuery[1.1 Hr]:https://www.youtube.com/watch?v=YFlx1C8XwR0&list=PLu0W_9lII9ahKZ42vg2w9ERPmShYbYAB7
Git and GitHub[1.1 Hr]:https://www.youtube.com/watch?v=gwWKnnCMQ5c&list=PLu0W_9lII9ahKZ42vg2w9ERPmShYbYAB7

►Complete course [playlist]:
React: https://www.youtube.com/playlist?list=PLu0W_9lII9agx66oZnT6IyhcMIbUMNMdt
Python-https://www.youtube.com/playlist?list=PLu0W_9lII9agICnT8t4iYVSZ3eykIAOME
OOP Python-https://www.youtube.com/playlist?list=PLu0W_9lII9ahfRrhFcoB-4lpp9YaBmdCP
Java:https://www.youtube.com/playlist?list=PLu0W_9lII9agS67Uits0UnJyrYiXhDS6q
JavaScript- https://www.youtube.com/playlist?list=PLu0W_9lII9ajyk081To1Cbt2eI5913SsL
PHP-https://www.youtube.com/playlist?list=PLu0W_9lII9aikXkRE0WxDt1vozo3hnmtR
C-https://www.youtube.com/playlist?list=PLu0W_9lII9aiXlHcLx-mDH1Qul38wD3aR
C++-https://www.youtube.com/playlist?list=PLu0W_9lII9agpFUAlPFe_VNSlXW5uE0YL
Git & GitHub-https://www.youtube.com/playlist?list=PLu0W_9lII9ahVQekD7ePHmnirTePXwIln
Android Dev- https://www.youtube.com/playlist?list=PLu0W_9lII9aiL0kysYlfSOUgY5rNlOhUd
Python GUI- https://www.youtube.com/playlist?list=PLu0W_9lII9ajLcqRcj4PoEihkukF_OTzA
Web Development- https://www.youtube.com/playlist?list=PLu0W_9lII9agiCUZYRsvtGTXdxkzPyItg
Python Django:https://www.youtube.com/playlist?list=PLu0W_9lII9ah7DDtYtflgwMwpT3xmjXY9
Projects Using HTML, CSS & Javascript- https://www.youtube.com/playlist?list=PLu0W_9lII9aiQiOwthuSvinxoflmhRxM3
Data Structure and Algo:https://www.youtube.com/playlist?list=PLu0W_9lII9ahIappRPN0MCAgtOu3lQjQi 

Follow Me On Social Media
►Website (created using Django Rest & Angular): https://www.codewithharry.com
►Facebook: https://www.facebook.com/CodeWithHarry
►Instagram: https://www.instagram.com/codewithharry/ 
Twitter: https://twitter.com/CodeWithHarry
Comment ""#HarryBhai"" if you read this 😉😉",https://i.ytimg.com/vi/YuX_R4RGdZw/maxresdefault.jpg,CodeWithHarry,57993,2395,246,672,11:12,"11 Minutes, 12 Seconds",2024-02-23T11:30:16,https://www.youtube.com/watch?v=YuX_R4RGdZw
"Script, Link & Image components in Next.js | Sigma Web Development Course - Tutorial #123","Latest Udemy Web dev Course With Certificate: https://goharry.in/webdev
Access the Sigma web development course playlist: https://www.youtube.com/playlist?list=PLu0W_9lII9agq5TrH9XLIKQvv0iaF2X3w
➡️ Source Code: https://github.com/CodeWithHarry/Sigma-Web-Dev-Course
➡️ Notes and CheatSheets: https://www.codewithharry.com/notes/
➡️ English Subtitles are now up for all the videos!

►Checkout my English channel here: https://www.youtube.com/channel/UC7btqG2Ww0_2LwuQxpvo2HQ
►Instagram: https://www.instagram.com/codewithharry

python, C, C++, Java, JavaScript and Other Cheatsheets [++]:
Playlist: https://www.youtube.com/playlist?list=PLu0W_9lII9agrsRZjFECeFuWY5ev2pQlk

►Learn in One Video[++]:
Python Course with 5 Projects: https://www.youtube.com/watch?v=fqF9M92jzUo
Python[15 Hr]: https://www.youtube.com/watch?v=gfDE2a7MKjA&list=PLu0W_9lII9ahKZ42vg2w9ERPmShYbYAB7
Python Advance[3.5 Hr]: https://www.youtube.com/watch?v=61a7UkDO50s&list=PLu0W_9lII9ahKZ42vg2w9ERPmShYbYAB7
Python[1 Hr]: https://www.youtube.com/watch?v=qHJjMvHLJdg&list=PLu0W_9lII9ahKZ42vg2w9ERPmShYbYAB7
Python[2 Hr]: https://www.youtube.com/watch?v=ihk_Xglr164&list=PLu0W_9lII9ahKZ42vg2w9ERPmShYbYAB7
Python[15 Min]:https://www.youtube.com/watch?v=fr1f84rg4Nw&list=PLu0W_9lII9ahKZ42vg2w9ERPmShYbYAB7
JavaScript[1 Hr]: https://www.youtube.com/watch?v=onbBV0uFVpo&list=PLu0W_9lII9ahKZ42vg2w9ERPmShYbYAB7
C[1.3 Hr]-https://www.youtube.com/watch?v=YXcgD8hRHYY&list=PLu0W_9lII9ahKZ42vg2w9ERPmShYbYAB7
php[1 Hr]: https://www.youtube.com/watch?v=xW7ro3lwaCI&list=PLu0W_9lII9ahKZ42vg2w9ERPmShYbYAB7
php[2.3 Hr]:https://www.youtube.com/watch?v=1SnPKhCdlsU&list=PLu0W_9lII9ahKZ42vg2w9ERPmShYbYAB7
php[Project]- https://www.youtube.com/watch?v=-al2bECumKg&list=PLu0W_9lII9ahKZ42vg2w9ERPmShYbYAB7
HTML[30 Min]:https://www.youtube.com/watch?v=E3ByCRqE7Lo&list=PLu0W_9lII9ahKZ42vg2w9ERPmShYbYAB7
CSS[8.5 Hr]:https://www.youtube.com/watch?v=Edsxf_NBFrw&list=PLu0W_9lII9ahKZ42vg2w9ERPmShYbYAB7
CSS[1.4 Hr]:https://www.youtube.com/watch?v=u5-K_ua9sOw&list=PLu0W_9lII9ahKZ42vg2w9ERPmShYbYAB7
Wordpress[3.2 Hr]:https://www.youtube.com/watch?v=GlLRYml8mCY&list=PLu0W_9lII9ahKZ42vg2w9ERPmShYbYAB7
Angular[2 Hr]:https://www.youtube.com/watch?v=0LhBvp8qpro&list=PLu0W_9lII9ahKZ42vg2w9ERPmShYbYAB7
Java[2.3 Hr]:https://www.youtube.com/watch?v=rV_3Lewxx6o&list=PLu0W_9lII9ahKZ42vg2w9ERPmShYbYAB7
Web Scraping[1 Hr]:https://www.youtube.com/watch?v=uufDGjTuq34&list=PLu0W_9lII9ahKZ42vg2w9ERPmShYbYAB7
MongoDB[2 Hr]:https://www.youtube.com/watch?v=oSIv-E60NiU&list=PLu0W_9lII9ahKZ42vg2w9ERPmShYbYAB7
Numpy[1 Hr]:https://www.youtube.com/watch?v=Rbh1rieb3zc&list=PLu0W_9lII9ahKZ42vg2w9ERPmShYbYAB7
Android Dev[12 Hr]- https://www.youtube.com/watch?v=mXjZQX3UzOs
Linux[1 Hr]:https://www.youtube.com/watch?v=_tCY-c-sPZc&list=PLu0W_9lII9ahKZ42vg2w9ERPmShYbYAB7
JQuery[1.1 Hr]:https://www.youtube.com/watch?v=YFlx1C8XwR0&list=PLu0W_9lII9ahKZ42vg2w9ERPmShYbYAB7
Git and GitHub[1.1 Hr]:https://www.youtube.com/watch?v=gwWKnnCMQ5c&list=PLu0W_9lII9ahKZ42vg2w9ERPmShYbYAB7

►Complete course [playlist]:
React: https://www.youtube.com/playlist?list=PLu0W_9lII9agx66oZnT6IyhcMIbUMNMdt
Python-https://www.youtube.com/playlist?list=PLu0W_9lII9agICnT8t4iYVSZ3eykIAOME
OOP Python-https://www.youtube.com/playlist?list=PLu0W_9lII9ahfRrhFcoB-4lpp9YaBmdCP
Java:https://www.youtube.com/playlist?list=PLu0W_9lII9agS67Uits0UnJyrYiXhDS6q
JavaScript- https://www.youtube.com/playlist?list=PLu0W_9lII9ajyk081To1Cbt2eI5913SsL
PHP-https://www.youtube.com/playlist?list=PLu0W_9lII9aikXkRE0WxDt1vozo3hnmtR
C-https://www.youtube.com/playlist?list=PLu0W_9lII9aiXlHcLx-mDH1Qul38wD3aR
C++-https://www.youtube.com/playlist?list=PLu0W_9lII9agpFUAlPFe_VNSlXW5uE0YL
Git & GitHub-https://www.youtube.com/playlist?list=PLu0W_9lII9ahVQekD7ePHmnirTePXwIln
Android Dev- https://www.youtube.com/playlist?list=PLu0W_9lII9aiL0kysYlfSOUgY5rNlOhUd
Python GUI- https://www.youtube.com/playlist?list=PLu0W_9lII9ajLcqRcj4PoEihkukF_OTzA
Web Development- https://www.youtube.com/playlist?list=PLu0W_9lII9agiCUZYRsvtGTXdxkzPyItg
Python Django:https://www.youtube.com/playlist?list=PLu0W_9lII9ah7DDtYtflgwMwpT3xmjXY9
Projects Using HTML, CSS & Javascript- https://www.youtube.com/playlist?list=PLu0W_9lII9aiQiOwthuSvinxoflmhRxM3
Data Structure and Algo:https://www.youtube.com/playlist?list=PLu0W_9lII9ahIappRPN0MCAgtOu3lQjQi 

Follow Me On Social Media
►Website (created using Django Rest & Angular): https://www.codewithharry.com
►Facebook: https://www.facebook.com/CodeWithHarry
►Instagram: https://www.instagram.com/codewithharry/ 
Twitter: https://twitter.com/CodeWithHarry
Comment ""#HarryBhai"" if you read this 😉😉",https://i.ytimg.com/vi/tHTtOJl7ZlI/maxresdefault.jpg,CodeWithHarry,62304,2284,217,1237,20:37,"20 Minutes, 37 Seconds",2024-02-24T11:30:33,https://www.youtube.com/watch?v=tHTtOJl7ZlI
Creating APIs in Next.js | Sigma Web Development Course - Tutorial #124,"Latest Udemy Web dev Course With Certificate: https://goharry.in/webdev
Access the Sigma web development course playlist: https://www.youtube.com/playlist?list=PLu0W_9lII9agq5TrH9XLIKQvv0iaF2X3w
➡️ Source Code: https://github.com/CodeWithHarry/Sigma-Web-Dev-Course
➡️ Notes and CheatSheets: https://www.codewithharry.com/notes/
➡️ English Subtitles are now up for all the videos!

►Checkout my English channel here: https://www.youtube.com/channel/UC7btqG2Ww0_2LwuQxpvo2HQ
►Instagram: https://www.instagram.com/codewithharry

python, C, C++, Java, JavaScript and Other Cheatsheets [++]:
Playlist: https://www.youtube.com/playlist?list=PLu0W_9lII9agrsRZjFECeFuWY5ev2pQlk

►Learn in One Video[++]:
Python Course with 5 Projects: https://www.youtube.com/watch?v=fqF9M92jzUo
Python[15 Hr]: https://www.youtube.com/watch?v=gfDE2a7MKjA&list=PLu0W_9lII9ahKZ42vg2w9ERPmShYbYAB7
Python Advance[3.5 Hr]: https://www.youtube.com/watch?v=61a7UkDO50s&list=PLu0W_9lII9ahKZ42vg2w9ERPmShYbYAB7
Python[1 Hr]: https://www.youtube.com/watch?v=qHJjMvHLJdg&list=PLu0W_9lII9ahKZ42vg2w9ERPmShYbYAB7
Python[2 Hr]: https://www.youtube.com/watch?v=ihk_Xglr164&list=PLu0W_9lII9ahKZ42vg2w9ERPmShYbYAB7
Python[15 Min]:https://www.youtube.com/watch?v=fr1f84rg4Nw&list=PLu0W_9lII9ahKZ42vg2w9ERPmShYbYAB7
JavaScript[1 Hr]: https://www.youtube.com/watch?v=onbBV0uFVpo&list=PLu0W_9lII9ahKZ42vg2w9ERPmShYbYAB7
C[1.3 Hr]-https://www.youtube.com/watch?v=YXcgD8hRHYY&list=PLu0W_9lII9ahKZ42vg2w9ERPmShYbYAB7
php[1 Hr]: https://www.youtube.com/watch?v=xW7ro3lwaCI&list=PLu0W_9lII9ahKZ42vg2w9ERPmShYbYAB7
php[2.3 Hr]:https://www.youtube.com/watch?v=1SnPKhCdlsU&list=PLu0W_9lII9ahKZ42vg2w9ERPmShYbYAB7
php[Project]- https://www.youtube.com/watch?v=-al2bECumKg&list=PLu0W_9lII9ahKZ42vg2w9ERPmShYbYAB7
HTML[30 Min]:https://www.youtube.com/watch?v=E3ByCRqE7Lo&list=PLu0W_9lII9ahKZ42vg2w9ERPmShYbYAB7
CSS[8.5 Hr]:https://www.youtube.com/watch?v=Edsxf_NBFrw&list=PLu0W_9lII9ahKZ42vg2w9ERPmShYbYAB7
CSS[1.4 Hr]:https://www.youtube.com/watch?v=u5-K_ua9sOw&list=PLu0W_9lII9ahKZ42vg2w9ERPmShYbYAB7
Wordpress[3.2 Hr]:https://www.youtube.com/watch?v=GlLRYml8mCY&list=PLu0W_9lII9ahKZ42vg2w9ERPmShYbYAB7
Angular[2 Hr]:https://www.youtube.com/watch?v=0LhBvp8qpro&list=PLu0W_9lII9ahKZ42vg2w9ERPmShYbYAB7
Java[2.3 Hr]:https://www.youtube.com/watch?v=rV_3Lewxx6o&list=PLu0W_9lII9ahKZ42vg2w9ERPmShYbYAB7
Web Scraping[1 Hr]:https://www.youtube.com/watch?v=uufDGjTuq34&list=PLu0W_9lII9ahKZ42vg2w9ERPmShYbYAB7
MongoDB[2 Hr]:https://www.youtube.com/watch?v=oSIv-E60NiU&list=PLu0W_9lII9ahKZ42vg2w9ERPmShYbYAB7
Numpy[1 Hr]:https://www.youtube.com/watch?v=Rbh1rieb3zc&list=PLu0W_9lII9ahKZ42vg2w9ERPmShYbYAB7
Android Dev[12 Hr]- https://www.youtube.com/watch?v=mXjZQX3UzOs
Linux[1 Hr]:https://www.youtube.com/watch?v=_tCY-c-sPZc&list=PLu0W_9lII9ahKZ42vg2w9ERPmShYbYAB7
JQuery[1.1 Hr]:https://www.youtube.com/watch?v=YFlx1C8XwR0&list=PLu0W_9lII9ahKZ42vg2w9ERPmShYbYAB7
Git and GitHub[1.1 Hr]:https://www.youtube.com/watch?v=gwWKnnCMQ5c&list=PLu0W_9lII9ahKZ42vg2w9ERPmShYbYAB7

►Complete course [playlist]:
React: https://www.youtube.com/playlist?list=PLu0W_9lII9agx66oZnT6IyhcMIbUMNMdt
Python-https://www.youtube.com/playlist?list=PLu0W_9lII9agICnT8t4iYVSZ3eykIAOME
OOP Python-https://www.youtube.com/playlist?list=PLu0W_9lII9ahfRrhFcoB-4lpp9YaBmdCP
Java:https://www.youtube.com/playlist?list=PLu0W_9lII9agS67Uits0UnJyrYiXhDS6q
JavaScript- https://www.youtube.com/playlist?list=PLu0W_9lII9ajyk081To1Cbt2eI5913SsL
PHP-https://www.youtube.com/playlist?list=PLu0W_9lII9aikXkRE0WxDt1vozo3hnmtR
C-https://www.youtube.com/playlist?list=PLu0W_9lII9aiXlHcLx-mDH1Qul38wD3aR
C++-https://www.youtube.com/playlist?list=PLu0W_9lII9agpFUAlPFe_VNSlXW5uE0YL
Git & GitHub-https://www.youtube.com/playlist?list=PLu0W_9lII9ahVQekD7ePHmnirTePXwIln
Android Dev- https://www.youtube.com/playlist?list=PLu0W_9lII9aiL0kysYlfSOUgY5rNlOhUd
Python GUI- https://www.youtube.com/playlist?list=PLu0W_9lII9ajLcqRcj4PoEihkukF_OTzA
Web Development- https://www.youtube.com/playlist?list=PLu0W_9lII9agiCUZYRsvtGTXdxkzPyItg
Python Django:https://www.youtube.com/playlist?list=PLu0W_9lII9ah7DDtYtflgwMwpT3xmjXY9
Projects Using HTML, CSS & Javascript- https://www.youtube.com/playlist?list=PLu0W_9lII9aiQiOwthuSvinxoflmhRxM3
Data Structure and Algo:https://www.youtube.com/playlist?list=PLu0W_9lII9ahIappRPN0MCAgtOu3lQjQi 

Follow Me On Social Media
►Website (created using Django Rest & Angular): https://www.codewithharry.com
►Facebook: https://www.facebook.com/CodeWithHarry
►Instagram: https://www.instagram.com/codewithharry/ 
Twitter: https://twitter.com/CodeWithHarry
Comment ""#HarryBhai"" if you read this 😉😉",https://i.ytimg.com/vi/0rC-3PyhNnI/maxresdefault.jpg,CodeWithHarry,67871,2149,148,468,7:48,"7 Minutes, 48 Seconds",2024-02-27T11:30:01,https://www.youtube.com/watch?v=0rC-3PyhNnI
Server Actions in Next.js | Sigma Web Development Course - Tutorial #125,"Latest Udemy Web dev Course With Certificate: https://goharry.in/webdev
Access the Sigma web development course playlist: https://www.youtube.com/playlist?list=PLu0W_9lII9agq5TrH9XLIKQvv0iaF2X3w
➡️ Source Code: https://github.com/CodeWithHarry/Sigma-Web-Dev-Course
➡️ Notes and CheatSheets: https://www.codewithharry.com/notes/
➡️ English Subtitles are now up for all the videos!

►Checkout my English channel here: https://www.youtube.com/channel/UC7btqG2Ww0_2LwuQxpvo2HQ
►Instagram: https://www.instagram.com/codewithharry

python, C, C++, Java, JavaScript and Other Cheatsheets [++]:
Playlist: https://www.youtube.com/playlist?list=PLu0W_9lII9agrsRZjFECeFuWY5ev2pQlk

►Learn in One Video[++]:
Python Course with 5 Projects: https://www.youtube.com/watch?v=fqF9M92jzUo
Python[15 Hr]: https://www.youtube.com/watch?v=gfDE2a7MKjA&list=PLu0W_9lII9ahKZ42vg2w9ERPmShYbYAB7
Python Advance[3.5 Hr]: https://www.youtube.com/watch?v=61a7UkDO50s&list=PLu0W_9lII9ahKZ42vg2w9ERPmShYbYAB7
Python[1 Hr]: https://www.youtube.com/watch?v=qHJjMvHLJdg&list=PLu0W_9lII9ahKZ42vg2w9ERPmShYbYAB7
Python[2 Hr]: https://www.youtube.com/watch?v=ihk_Xglr164&list=PLu0W_9lII9ahKZ42vg2w9ERPmShYbYAB7
Python[15 Min]:https://www.youtube.com/watch?v=fr1f84rg4Nw&list=PLu0W_9lII9ahKZ42vg2w9ERPmShYbYAB7
JavaScript[1 Hr]: https://www.youtube.com/watch?v=onbBV0uFVpo&list=PLu0W_9lII9ahKZ42vg2w9ERPmShYbYAB7
C[1.3 Hr]-https://www.youtube.com/watch?v=YXcgD8hRHYY&list=PLu0W_9lII9ahKZ42vg2w9ERPmShYbYAB7
php[1 Hr]: https://www.youtube.com/watch?v=xW7ro3lwaCI&list=PLu0W_9lII9ahKZ42vg2w9ERPmShYbYAB7
php[2.3 Hr]:https://www.youtube.com/watch?v=1SnPKhCdlsU&list=PLu0W_9lII9ahKZ42vg2w9ERPmShYbYAB7
php[Project]- https://www.youtube.com/watch?v=-al2bECumKg&list=PLu0W_9lII9ahKZ42vg2w9ERPmShYbYAB7
HTML[30 Min]:https://www.youtube.com/watch?v=E3ByCRqE7Lo&list=PLu0W_9lII9ahKZ42vg2w9ERPmShYbYAB7
CSS[8.5 Hr]:https://www.youtube.com/watch?v=Edsxf_NBFrw&list=PLu0W_9lII9ahKZ42vg2w9ERPmShYbYAB7
CSS[1.4 Hr]:https://www.youtube.com/watch?v=u5-K_ua9sOw&list=PLu0W_9lII9ahKZ42vg2w9ERPmShYbYAB7
Wordpress[3.2 Hr]:https://www.youtube.com/watch?v=GlLRYml8mCY&list=PLu0W_9lII9ahKZ42vg2w9ERPmShYbYAB7
Angular[2 Hr]:https://www.youtube.com/watch?v=0LhBvp8qpro&list=PLu0W_9lII9ahKZ42vg2w9ERPmShYbYAB7
Java[2.3 Hr]:https://www.youtube.com/watch?v=rV_3Lewxx6o&list=PLu0W_9lII9ahKZ42vg2w9ERPmShYbYAB7
Web Scraping[1 Hr]:https://www.youtube.com/watch?v=uufDGjTuq34&list=PLu0W_9lII9ahKZ42vg2w9ERPmShYbYAB7
MongoDB[2 Hr]:https://www.youtube.com/watch?v=oSIv-E60NiU&list=PLu0W_9lII9ahKZ42vg2w9ERPmShYbYAB7
Numpy[1 Hr]:https://www.youtube.com/watch?v=Rbh1rieb3zc&list=PLu0W_9lII9ahKZ42vg2w9ERPmShYbYAB7
Android Dev[12 Hr]- https://www.youtube.com/watch?v=mXjZQX3UzOs
Linux[1 Hr]:https://www.youtube.com/watch?v=_tCY-c-sPZc&list=PLu0W_9lII9ahKZ42vg2w9ERPmShYbYAB7
JQuery[1.1 Hr]:https://www.youtube.com/watch?v=YFlx1C8XwR0&list=PLu0W_9lII9ahKZ42vg2w9ERPmShYbYAB7
Git and GitHub[1.1 Hr]:https://www.youtube.com/watch?v=gwWKnnCMQ5c&list=PLu0W_9lII9ahKZ42vg2w9ERPmShYbYAB7

►Complete course [playlist]:
React: https://www.youtube.com/playlist?list=PLu0W_9lII9agx66oZnT6IyhcMIbUMNMdt
Python-https://www.youtube.com/playlist?list=PLu0W_9lII9agICnT8t4iYVSZ3eykIAOME
OOP Python-https://www.youtube.com/playlist?list=PLu0W_9lII9ahfRrhFcoB-4lpp9YaBmdCP
Java:https://www.youtube.com/playlist?list=PLu0W_9lII9agS67Uits0UnJyrYiXhDS6q
JavaScript- https://www.youtube.com/playlist?list=PLu0W_9lII9ajyk081To1Cbt2eI5913SsL
PHP-https://www.youtube.com/playlist?list=PLu0W_9lII9aikXkRE0WxDt1vozo3hnmtR
C-https://www.youtube.com/playlist?list=PLu0W_9lII9aiXlHcLx-mDH1Qul38wD3aR
C++-https://www.youtube.com/playlist?list=PLu0W_9lII9agpFUAlPFe_VNSlXW5uE0YL
Git & GitHub-https://www.youtube.com/playlist?list=PLu0W_9lII9ahVQekD7ePHmnirTePXwIln
Android Dev- https://www.youtube.com/playlist?list=PLu0W_9lII9aiL0kysYlfSOUgY5rNlOhUd
Python GUI- https://www.youtube.com/playlist?list=PLu0W_9lII9ajLcqRcj4PoEihkukF_OTzA
Web Development- https://www.youtube.com/playlist?list=PLu0W_9lII9agiCUZYRsvtGTXdxkzPyItg
Python Django:https://www.youtube.com/playlist?list=PLu0W_9lII9ah7DDtYtflgwMwpT3xmjXY9
Projects Using HTML, CSS & Javascript- https://www.youtube.com/playlist?list=PLu0W_9lII9aiQiOwthuSvinxoflmhRxM3
Data Structure and Algo:https://www.youtube.com/playlist?list=PLu0W_9lII9ahIappRPN0MCAgtOu3lQjQi 

Follow Me On Social Media
►Website (created using Django Rest & Angular): https://www.codewithharry.com
►Facebook: https://www.facebook.com/CodeWithHarry
►Instagram: https://www.instagram.com/codewithharry/ 
Twitter: https://twitter.com/CodeWithHarry
Comment ""#HarryBhai"" if you read this 😉😉",https://i.ytimg.com/vi/lvU8fMNVivY/maxresdefault.jpg,CodeWithHarry,56605,2231,252,796,13:16,"13 Minutes, 16 Seconds",2024-02-28T05:30:10,https://www.youtube.com/watch?v=lvU8fMNVivY
Middleware in Next.js | Sigma Web Development Course - Tutorial #126,"Latest Udemy Web dev Course With Certificate: https://goharry.in/webdev
Access the Sigma web development course playlist: https://www.youtube.com/playlist?list=PLu0W_9lII9agq5TrH9XLIKQvv0iaF2X3w
➡️ Source Code: https://github.com/CodeWithHarry/Sigma-Web-Dev-Course
➡️ Notes and CheatSheets: https://www.codewithharry.com/notes/
➡️ English Subtitles are now up for all the videos!

►Checkout my English channel here: https://www.youtube.com/channel/UC7btqG2Ww0_2LwuQxpvo2HQ
►Instagram: https://www.instagram.com/codewithharry

python, C, C++, Java, JavaScript and Other Cheatsheets [++]:
Playlist: https://www.youtube.com/playlist?list=PLu0W_9lII9agrsRZjFECeFuWY5ev2pQlk

►Learn in One Video[++]:
Python Course with 5 Projects: https://www.youtube.com/watch?v=fqF9M92jzUo
Python[15 Hr]: https://www.youtube.com/watch?v=gfDE2a7MKjA&list=PLu0W_9lII9ahKZ42vg2w9ERPmShYbYAB7
Python Advance[3.5 Hr]: https://www.youtube.com/watch?v=61a7UkDO50s&list=PLu0W_9lII9ahKZ42vg2w9ERPmShYbYAB7
Python[1 Hr]: https://www.youtube.com/watch?v=qHJjMvHLJdg&list=PLu0W_9lII9ahKZ42vg2w9ERPmShYbYAB7
Python[2 Hr]: https://www.youtube.com/watch?v=ihk_Xglr164&list=PLu0W_9lII9ahKZ42vg2w9ERPmShYbYAB7
Python[15 Min]:https://www.youtube.com/watch?v=fr1f84rg4Nw&list=PLu0W_9lII9ahKZ42vg2w9ERPmShYbYAB7
JavaScript[1 Hr]: https://www.youtube.com/watch?v=onbBV0uFVpo&list=PLu0W_9lII9ahKZ42vg2w9ERPmShYbYAB7
C[1.3 Hr]-https://www.youtube.com/watch?v=YXcgD8hRHYY&list=PLu0W_9lII9ahKZ42vg2w9ERPmShYbYAB7
php[1 Hr]: https://www.youtube.com/watch?v=xW7ro3lwaCI&list=PLu0W_9lII9ahKZ42vg2w9ERPmShYbYAB7
php[2.3 Hr]:https://www.youtube.com/watch?v=1SnPKhCdlsU&list=PLu0W_9lII9ahKZ42vg2w9ERPmShYbYAB7
php[Project]- https://www.youtube.com/watch?v=-al2bECumKg&list=PLu0W_9lII9ahKZ42vg2w9ERPmShYbYAB7
HTML[30 Min]:https://www.youtube.com/watch?v=E3ByCRqE7Lo&list=PLu0W_9lII9ahKZ42vg2w9ERPmShYbYAB7
CSS[8.5 Hr]:https://www.youtube.com/watch?v=Edsxf_NBFrw&list=PLu0W_9lII9ahKZ42vg2w9ERPmShYbYAB7
CSS[1.4 Hr]:https://www.youtube.com/watch?v=u5-K_ua9sOw&list=PLu0W_9lII9ahKZ42vg2w9ERPmShYbYAB7
Wordpress[3.2 Hr]:https://www.youtube.com/watch?v=GlLRYml8mCY&list=PLu0W_9lII9ahKZ42vg2w9ERPmShYbYAB7
Angular[2 Hr]:https://www.youtube.com/watch?v=0LhBvp8qpro&list=PLu0W_9lII9ahKZ42vg2w9ERPmShYbYAB7
Java[2.3 Hr]:https://www.youtube.com/watch?v=rV_3Lewxx6o&list=PLu0W_9lII9ahKZ42vg2w9ERPmShYbYAB7
Web Scraping[1 Hr]:https://www.youtube.com/watch?v=uufDGjTuq34&list=PLu0W_9lII9ahKZ42vg2w9ERPmShYbYAB7
MongoDB[2 Hr]:https://www.youtube.com/watch?v=oSIv-E60NiU&list=PLu0W_9lII9ahKZ42vg2w9ERPmShYbYAB7
Numpy[1 Hr]:https://www.youtube.com/watch?v=Rbh1rieb3zc&list=PLu0W_9lII9ahKZ42vg2w9ERPmShYbYAB7
Android Dev[12 Hr]- https://www.youtube.com/watch?v=mXjZQX3UzOs
Linux[1 Hr]:https://www.youtube.com/watch?v=_tCY-c-sPZc&list=PLu0W_9lII9ahKZ42vg2w9ERPmShYbYAB7
JQuery[1.1 Hr]:https://www.youtube.com/watch?v=YFlx1C8XwR0&list=PLu0W_9lII9ahKZ42vg2w9ERPmShYbYAB7
Git and GitHub[1.1 Hr]:https://www.youtube.com/watch?v=gwWKnnCMQ5c&list=PLu0W_9lII9ahKZ42vg2w9ERPmShYbYAB7

►Complete course [playlist]:
React: https://www.youtube.com/playlist?list=PLu0W_9lII9agx66oZnT6IyhcMIbUMNMdt
Python-https://www.youtube.com/playlist?list=PLu0W_9lII9agICnT8t4iYVSZ3eykIAOME
OOP Python-https://www.youtube.com/playlist?list=PLu0W_9lII9ahfRrhFcoB-4lpp9YaBmdCP
Java:https://www.youtube.com/playlist?list=PLu0W_9lII9agS67Uits0UnJyrYiXhDS6q
JavaScript- https://www.youtube.com/playlist?list=PLu0W_9lII9ajyk081To1Cbt2eI5913SsL
PHP-https://www.youtube.com/playlist?list=PLu0W_9lII9aikXkRE0WxDt1vozo3hnmtR
C-https://www.youtube.com/playlist?list=PLu0W_9lII9aiXlHcLx-mDH1Qul38wD3aR
C++-https://www.youtube.com/playlist?list=PLu0W_9lII9agpFUAlPFe_VNSlXW5uE0YL
Git & GitHub-https://www.youtube.com/playlist?list=PLu0W_9lII9ahVQekD7ePHmnirTePXwIln
Android Dev- https://www.youtube.com/playlist?list=PLu0W_9lII9aiL0kysYlfSOUgY5rNlOhUd
Python GUI- https://www.youtube.com/playlist?list=PLu0W_9lII9ajLcqRcj4PoEihkukF_OTzA
Web Development- https://www.youtube.com/playlist?list=PLu0W_9lII9agiCUZYRsvtGTXdxkzPyItg
Python Django:https://www.youtube.com/playlist?list=PLu0W_9lII9ah7DDtYtflgwMwpT3xmjXY9
Projects Using HTML, CSS & Javascript- https://www.youtube.com/playlist?list=PLu0W_9lII9aiQiOwthuSvinxoflmhRxM3
Data Structure and Algo:https://www.youtube.com/playlist?list=PLu0W_9lII9ahIappRPN0MCAgtOu3lQjQi 

Follow Me On Social Media
►Website (created using Django Rest & Angular): https://www.codewithharry.com
►Facebook: https://www.facebook.com/CodeWithHarry
►Instagram: https://www.instagram.com/codewithharry/ 
Twitter: https://twitter.com/CodeWithHarry
Comment ""#HarryBhai"" if you read this 😉😉",https://i.ytimg.com/vi/nZ2heJVkawQ/maxresdefault.jpg,CodeWithHarry,48161,1866,149,618,10:18,"10 Minutes, 18 Seconds",2024-03-02T15:05:23,https://www.youtube.com/watch?v=nZ2heJVkawQ
Auth.js - Authentication in Next.js | Sigma Web Development Course - Tutorial #127,"Latest Udemy Web dev Course With Certificate: https://goharry.in/webdev
Access the Sigma web development course playlist: https://www.youtube.com/playlist?list=PLu0W_9lII9agq5TrH9XLIKQvv0iaF2X3w
➡️ Source Code: https://github.com/CodeWithHarry/Sigma-Web-Dev-Course
➡️ Notes and CheatSheets: https://www.codewithharry.com/notes/
➡️ English Subtitles are now up for all the videos!

►Checkout my English channel here: https://www.youtube.com/channel/UC7btqG2Ww0_2LwuQxpvo2HQ
►Instagram: https://www.instagram.com/codewithharry

python, C, C++, Java, JavaScript and Other Cheatsheets [++]:
Playlist: https://www.youtube.com/playlist?list=PLu0W_9lII9agrsRZjFECeFuWY5ev2pQlk

►Learn in One Video[++]:
Python Course with 5 Projects: https://www.youtube.com/watch?v=fqF9M92jzUo
Python[15 Hr]: https://www.youtube.com/watch?v=gfDE2a7MKjA&list=PLu0W_9lII9ahKZ42vg2w9ERPmShYbYAB7
Python Advance[3.5 Hr]: https://www.youtube.com/watch?v=61a7UkDO50s&list=PLu0W_9lII9ahKZ42vg2w9ERPmShYbYAB7
Python[1 Hr]: https://www.youtube.com/watch?v=qHJjMvHLJdg&list=PLu0W_9lII9ahKZ42vg2w9ERPmShYbYAB7
Python[2 Hr]: https://www.youtube.com/watch?v=ihk_Xglr164&list=PLu0W_9lII9ahKZ42vg2w9ERPmShYbYAB7
Python[15 Min]:https://www.youtube.com/watch?v=fr1f84rg4Nw&list=PLu0W_9lII9ahKZ42vg2w9ERPmShYbYAB7
JavaScript[1 Hr]: https://www.youtube.com/watch?v=onbBV0uFVpo&list=PLu0W_9lII9ahKZ42vg2w9ERPmShYbYAB7
C[1.3 Hr]-https://www.youtube.com/watch?v=YXcgD8hRHYY&list=PLu0W_9lII9ahKZ42vg2w9ERPmShYbYAB7
php[1 Hr]: https://www.youtube.com/watch?v=xW7ro3lwaCI&list=PLu0W_9lII9ahKZ42vg2w9ERPmShYbYAB7
php[2.3 Hr]:https://www.youtube.com/watch?v=1SnPKhCdlsU&list=PLu0W_9lII9ahKZ42vg2w9ERPmShYbYAB7
php[Project]- https://www.youtube.com/watch?v=-al2bECumKg&list=PLu0W_9lII9ahKZ42vg2w9ERPmShYbYAB7
HTML[30 Min]:https://www.youtube.com/watch?v=E3ByCRqE7Lo&list=PLu0W_9lII9ahKZ42vg2w9ERPmShYbYAB7
CSS[8.5 Hr]:https://www.youtube.com/watch?v=Edsxf_NBFrw&list=PLu0W_9lII9ahKZ42vg2w9ERPmShYbYAB7
CSS[1.4 Hr]:https://www.youtube.com/watch?v=u5-K_ua9sOw&list=PLu0W_9lII9ahKZ42vg2w9ERPmShYbYAB7
Wordpress[3.2 Hr]:https://www.youtube.com/watch?v=GlLRYml8mCY&list=PLu0W_9lII9ahKZ42vg2w9ERPmShYbYAB7
Angular[2 Hr]:https://www.youtube.com/watch?v=0LhBvp8qpro&list=PLu0W_9lII9ahKZ42vg2w9ERPmShYbYAB7
Java[2.3 Hr]:https://www.youtube.com/watch?v=rV_3Lewxx6o&list=PLu0W_9lII9ahKZ42vg2w9ERPmShYbYAB7
Web Scraping[1 Hr]:https://www.youtube.com/watch?v=uufDGjTuq34&list=PLu0W_9lII9ahKZ42vg2w9ERPmShYbYAB7
MongoDB[2 Hr]:https://www.youtube.com/watch?v=oSIv-E60NiU&list=PLu0W_9lII9ahKZ42vg2w9ERPmShYbYAB7
Numpy[1 Hr]:https://www.youtube.com/watch?v=Rbh1rieb3zc&list=PLu0W_9lII9ahKZ42vg2w9ERPmShYbYAB7
Android Dev[12 Hr]- https://www.youtube.com/watch?v=mXjZQX3UzOs
Linux[1 Hr]:https://www.youtube.com/watch?v=_tCY-c-sPZc&list=PLu0W_9lII9ahKZ42vg2w9ERPmShYbYAB7
JQuery[1.1 Hr]:https://www.youtube.com/watch?v=YFlx1C8XwR0&list=PLu0W_9lII9ahKZ42vg2w9ERPmShYbYAB7
Git and GitHub[1.1 Hr]:https://www.youtube.com/watch?v=gwWKnnCMQ5c&list=PLu0W_9lII9ahKZ42vg2w9ERPmShYbYAB7

►Complete course [playlist]:
React: https://www.youtube.com/playlist?list=PLu0W_9lII9agx66oZnT6IyhcMIbUMNMdt
Python-https://www.youtube.com/playlist?list=PLu0W_9lII9agICnT8t4iYVSZ3eykIAOME
OOP Python-https://www.youtube.com/playlist?list=PLu0W_9lII9ahfRrhFcoB-4lpp9YaBmdCP
Java:https://www.youtube.com/playlist?list=PLu0W_9lII9agS67Uits0UnJyrYiXhDS6q
JavaScript- https://www.youtube.com/playlist?list=PLu0W_9lII9ajyk081To1Cbt2eI5913SsL
PHP-https://www.youtube.com/playlist?list=PLu0W_9lII9aikXkRE0WxDt1vozo3hnmtR
C-https://www.youtube.com/playlist?list=PLu0W_9lII9aiXlHcLx-mDH1Qul38wD3aR
C++-https://www.youtube.com/playlist?list=PLu0W_9lII9agpFUAlPFe_VNSlXW5uE0YL
Git & GitHub-https://www.youtube.com/playlist?list=PLu0W_9lII9ahVQekD7ePHmnirTePXwIln
Android Dev- https://www.youtube.com/playlist?list=PLu0W_9lII9aiL0kysYlfSOUgY5rNlOhUd
Python GUI- https://www.youtube.com/playlist?list=PLu0W_9lII9ajLcqRcj4PoEihkukF_OTzA
Web Development- https://www.youtube.com/playlist?list=PLu0W_9lII9agiCUZYRsvtGTXdxkzPyItg
Python Django:https://www.youtube.com/playlist?list=PLu0W_9lII9ah7DDtYtflgwMwpT3xmjXY9
Projects Using HTML, CSS & Javascript- https://www.youtube.com/playlist?list=PLu0W_9lII9aiQiOwthuSvinxoflmhRxM3
Data Structure and Algo:https://www.youtube.com/playlist?list=PLu0W_9lII9ahIappRPN0MCAgtOu3lQjQi 

Follow Me On Social Media
►Website (created using Django Rest & Angular): https://www.codewithharry.com
►Facebook: https://www.facebook.com/CodeWithHarry
►Instagram: https://www.instagram.com/codewithharry/ 
Twitter: https://twitter.com/CodeWithHarry
Comment ""#HarryBhai"" if you read this 😉😉",https://i.ytimg.com/vi/2JnEq3ZmLH0/maxresdefault.jpg,CodeWithHarry,80799,2335,256,844,14:04,"14 Minutes, 4 Seconds",2024-03-03T13:45:50,https://www.youtube.com/watch?v=2JnEq3ZmLH0
Dynamic Routes in Next.js | Sigma Web Development Course - Tutorial #128,"Latest Udemy Web dev Course With Certificate: https://goharry.in/webdev
Access the Sigma web development course playlist: https://www.youtube.com/playlist?list=PLu0W_9lII9agq5TrH9XLIKQvv0iaF2X3w
➡️ Source Code: https://github.com/CodeWithHarry/Sigma-Web-Dev-Course
➡️ Notes and CheatSheets: https://www.codewithharry.com/notes/
➡️ English Subtitles are now up for all the videos!

►Checkout my English channel here: https://www.youtube.com/channel/UC7btqG2Ww0_2LwuQxpvo2HQ
►Instagram: https://www.instagram.com/codewithharry

python, C, C++, Java, JavaScript and Other Cheatsheets [++]:
Playlist: https://www.youtube.com/playlist?list=PLu0W_9lII9agrsRZjFECeFuWY5ev2pQlk

►Learn in One Video[++]:
Python Course with 5 Projects: https://www.youtube.com/watch?v=fqF9M92jzUo
Python[15 Hr]: https://www.youtube.com/watch?v=gfDE2a7MKjA&list=PLu0W_9lII9ahKZ42vg2w9ERPmShYbYAB7
Python Advance[3.5 Hr]: https://www.youtube.com/watch?v=61a7UkDO50s&list=PLu0W_9lII9ahKZ42vg2w9ERPmShYbYAB7
Python[1 Hr]: https://www.youtube.com/watch?v=qHJjMvHLJdg&list=PLu0W_9lII9ahKZ42vg2w9ERPmShYbYAB7
Python[2 Hr]: https://www.youtube.com/watch?v=ihk_Xglr164&list=PLu0W_9lII9ahKZ42vg2w9ERPmShYbYAB7
Python[15 Min]:https://www.youtube.com/watch?v=fr1f84rg4Nw&list=PLu0W_9lII9ahKZ42vg2w9ERPmShYbYAB7
JavaScript[1 Hr]: https://www.youtube.com/watch?v=onbBV0uFVpo&list=PLu0W_9lII9ahKZ42vg2w9ERPmShYbYAB7
C[1.3 Hr]-https://www.youtube.com/watch?v=YXcgD8hRHYY&list=PLu0W_9lII9ahKZ42vg2w9ERPmShYbYAB7
php[1 Hr]: https://www.youtube.com/watch?v=xW7ro3lwaCI&list=PLu0W_9lII9ahKZ42vg2w9ERPmShYbYAB7
php[2.3 Hr]:https://www.youtube.com/watch?v=1SnPKhCdlsU&list=PLu0W_9lII9ahKZ42vg2w9ERPmShYbYAB7
php[Project]- https://www.youtube.com/watch?v=-al2bECumKg&list=PLu0W_9lII9ahKZ42vg2w9ERPmShYbYAB7
HTML[30 Min]:https://www.youtube.com/watch?v=E3ByCRqE7Lo&list=PLu0W_9lII9ahKZ42vg2w9ERPmShYbYAB7
CSS[8.5 Hr]:https://www.youtube.com/watch?v=Edsxf_NBFrw&list=PLu0W_9lII9ahKZ42vg2w9ERPmShYbYAB7
CSS[1.4 Hr]:https://www.youtube.com/watch?v=u5-K_ua9sOw&list=PLu0W_9lII9ahKZ42vg2w9ERPmShYbYAB7
Wordpress[3.2 Hr]:https://www.youtube.com/watch?v=GlLRYml8mCY&list=PLu0W_9lII9ahKZ42vg2w9ERPmShYbYAB7
Angular[2 Hr]:https://www.youtube.com/watch?v=0LhBvp8qpro&list=PLu0W_9lII9ahKZ42vg2w9ERPmShYbYAB7
Java[2.3 Hr]:https://www.youtube.com/watch?v=rV_3Lewxx6o&list=PLu0W_9lII9ahKZ42vg2w9ERPmShYbYAB7
Web Scraping[1 Hr]:https://www.youtube.com/watch?v=uufDGjTuq34&list=PLu0W_9lII9ahKZ42vg2w9ERPmShYbYAB7
MongoDB[2 Hr]:https://www.youtube.com/watch?v=oSIv-E60NiU&list=PLu0W_9lII9ahKZ42vg2w9ERPmShYbYAB7
Numpy[1 Hr]:https://www.youtube.com/watch?v=Rbh1rieb3zc&list=PLu0W_9lII9ahKZ42vg2w9ERPmShYbYAB7
Android Dev[12 Hr]- https://www.youtube.com/watch?v=mXjZQX3UzOs
Linux[1 Hr]:https://www.youtube.com/watch?v=_tCY-c-sPZc&list=PLu0W_9lII9ahKZ42vg2w9ERPmShYbYAB7
JQuery[1.1 Hr]:https://www.youtube.com/watch?v=YFlx1C8XwR0&list=PLu0W_9lII9ahKZ42vg2w9ERPmShYbYAB7
Git and GitHub[1.1 Hr]:https://www.youtube.com/watch?v=gwWKnnCMQ5c&list=PLu0W_9lII9ahKZ42vg2w9ERPmShYbYAB7

►Complete course [playlist]:
React: https://www.youtube.com/playlist?list=PLu0W_9lII9agx66oZnT6IyhcMIbUMNMdt
Python-https://www.youtube.com/playlist?list=PLu0W_9lII9agICnT8t4iYVSZ3eykIAOME
OOP Python-https://www.youtube.com/playlist?list=PLu0W_9lII9ahfRrhFcoB-4lpp9YaBmdCP
Java:https://www.youtube.com/playlist?list=PLu0W_9lII9agS67Uits0UnJyrYiXhDS6q
JavaScript- https://www.youtube.com/playlist?list=PLu0W_9lII9ajyk081To1Cbt2eI5913SsL
PHP-https://www.youtube.com/playlist?list=PLu0W_9lII9aikXkRE0WxDt1vozo3hnmtR
C-https://www.youtube.com/playlist?list=PLu0W_9lII9aiXlHcLx-mDH1Qul38wD3aR
C++-https://www.youtube.com/playlist?list=PLu0W_9lII9agpFUAlPFe_VNSlXW5uE0YL
Git & GitHub-https://www.youtube.com/playlist?list=PLu0W_9lII9ahVQekD7ePHmnirTePXwIln
Android Dev- https://www.youtube.com/playlist?list=PLu0W_9lII9aiL0kysYlfSOUgY5rNlOhUd
Python GUI- https://www.youtube.com/playlist?list=PLu0W_9lII9ajLcqRcj4PoEihkukF_OTzA
Web Development- https://www.youtube.com/playlist?list=PLu0W_9lII9agiCUZYRsvtGTXdxkzPyItg
Python Django:https://www.youtube.com/playlist?list=PLu0W_9lII9ah7DDtYtflgwMwpT3xmjXY9
Projects Using HTML, CSS & Javascript- https://www.youtube.com/playlist?list=PLu0W_9lII9aiQiOwthuSvinxoflmhRxM3
Data Structure and Algo:https://www.youtube.com/playlist?list=PLu0W_9lII9ahIappRPN0MCAgtOu3lQjQi 

Follow Me On Social Media
►Website (created using Django Rest & Angular): https://www.codewithharry.com
►Facebook: https://www.facebook.com/CodeWithHarry
►Instagram: https://www.instagram.com/codewithharry/ 
Twitter: https://twitter.com/CodeWithHarry
Comment ""#HarryBhai"" if you read this 😉😉",https://i.ytimg.com/vi/D7YuI6vOzdY/maxresdefault.jpg,CodeWithHarry,59181,1952,317,591,9:51,"9 Minutes, 51 Seconds",2024-03-04T11:48:54,https://www.youtube.com/watch?v=D7YuI6vOzdY
Layouts in Next.js | Sigma Web Development Course - Tutorial #129,"Latest Udemy Web dev Course With Certificate: https://goharry.in/webdev
Access the Sigma web development course playlist: https://www.youtube.com/playlist?list=PLu0W_9lII9agq5TrH9XLIKQvv0iaF2X3w
➡️ Source Code: https://github.com/CodeWithHarry/Sigma-Web-Dev-Course
➡️ Notes and CheatSheets: https://www.codewithharry.com/notes/
➡️ English Subtitles are now up for all the videos!

►Checkout my English channel here: https://www.youtube.com/channel/UC7btqG2Ww0_2LwuQxpvo2HQ
►Instagram: https://www.instagram.com/codewithharry

python, C, C++, Java, JavaScript and Other Cheatsheets [++]:
Playlist: https://www.youtube.com/playlist?list=PLu0W_9lII9agrsRZjFECeFuWY5ev2pQlk

►Learn in One Video[++]:
Python Course with 5 Projects: https://www.youtube.com/watch?v=fqF9M92jzUo
Python[15 Hr]: https://www.youtube.com/watch?v=gfDE2a7MKjA&list=PLu0W_9lII9ahKZ42vg2w9ERPmShYbYAB7
Python Advance[3.5 Hr]: https://www.youtube.com/watch?v=61a7UkDO50s&list=PLu0W_9lII9ahKZ42vg2w9ERPmShYbYAB7
Python[1 Hr]: https://www.youtube.com/watch?v=qHJjMvHLJdg&list=PLu0W_9lII9ahKZ42vg2w9ERPmShYbYAB7
Python[2 Hr]: https://www.youtube.com/watch?v=ihk_Xglr164&list=PLu0W_9lII9ahKZ42vg2w9ERPmShYbYAB7
Python[15 Min]:https://www.youtube.com/watch?v=fr1f84rg4Nw&list=PLu0W_9lII9ahKZ42vg2w9ERPmShYbYAB7
JavaScript[1 Hr]: https://www.youtube.com/watch?v=onbBV0uFVpo&list=PLu0W_9lII9ahKZ42vg2w9ERPmShYbYAB7
C[1.3 Hr]-https://www.youtube.com/watch?v=YXcgD8hRHYY&list=PLu0W_9lII9ahKZ42vg2w9ERPmShYbYAB7
php[1 Hr]: https://www.youtube.com/watch?v=xW7ro3lwaCI&list=PLu0W_9lII9ahKZ42vg2w9ERPmShYbYAB7
php[2.3 Hr]:https://www.youtube.com/watch?v=1SnPKhCdlsU&list=PLu0W_9lII9ahKZ42vg2w9ERPmShYbYAB7
php[Project]- https://www.youtube.com/watch?v=-al2bECumKg&list=PLu0W_9lII9ahKZ42vg2w9ERPmShYbYAB7
HTML[30 Min]:https://www.youtube.com/watch?v=E3ByCRqE7Lo&list=PLu0W_9lII9ahKZ42vg2w9ERPmShYbYAB7
CSS[8.5 Hr]:https://www.youtube.com/watch?v=Edsxf_NBFrw&list=PLu0W_9lII9ahKZ42vg2w9ERPmShYbYAB7
CSS[1.4 Hr]:https://www.youtube.com/watch?v=u5-K_ua9sOw&list=PLu0W_9lII9ahKZ42vg2w9ERPmShYbYAB7
Wordpress[3.2 Hr]:https://www.youtube.com/watch?v=GlLRYml8mCY&list=PLu0W_9lII9ahKZ42vg2w9ERPmShYbYAB7
Angular[2 Hr]:https://www.youtube.com/watch?v=0LhBvp8qpro&list=PLu0W_9lII9ahKZ42vg2w9ERPmShYbYAB7
Java[2.3 Hr]:https://www.youtube.com/watch?v=rV_3Lewxx6o&list=PLu0W_9lII9ahKZ42vg2w9ERPmShYbYAB7
Web Scraping[1 Hr]:https://www.youtube.com/watch?v=uufDGjTuq34&list=PLu0W_9lII9ahKZ42vg2w9ERPmShYbYAB7
MongoDB[2 Hr]:https://www.youtube.com/watch?v=oSIv-E60NiU&list=PLu0W_9lII9ahKZ42vg2w9ERPmShYbYAB7
Numpy[1 Hr]:https://www.youtube.com/watch?v=Rbh1rieb3zc&list=PLu0W_9lII9ahKZ42vg2w9ERPmShYbYAB7
Android Dev[12 Hr]- https://www.youtube.com/watch?v=mXjZQX3UzOs
Linux[1 Hr]:https://www.youtube.com/watch?v=_tCY-c-sPZc&list=PLu0W_9lII9ahKZ42vg2w9ERPmShYbYAB7
JQuery[1.1 Hr]:https://www.youtube.com/watch?v=YFlx1C8XwR0&list=PLu0W_9lII9ahKZ42vg2w9ERPmShYbYAB7
Git and GitHub[1.1 Hr]:https://www.youtube.com/watch?v=gwWKnnCMQ5c&list=PLu0W_9lII9ahKZ42vg2w9ERPmShYbYAB7

►Complete course [playlist]:
React: https://www.youtube.com/playlist?list=PLu0W_9lII9agx66oZnT6IyhcMIbUMNMdt
Python-https://www.youtube.com/playlist?list=PLu0W_9lII9agICnT8t4iYVSZ3eykIAOME
OOP Python-https://www.youtube.com/playlist?list=PLu0W_9lII9ahfRrhFcoB-4lpp9YaBmdCP
Java:https://www.youtube.com/playlist?list=PLu0W_9lII9agS67Uits0UnJyrYiXhDS6q
JavaScript- https://www.youtube.com/playlist?list=PLu0W_9lII9ajyk081To1Cbt2eI5913SsL
PHP-https://www.youtube.com/playlist?list=PLu0W_9lII9aikXkRE0WxDt1vozo3hnmtR
C-https://www.youtube.com/playlist?list=PLu0W_9lII9aiXlHcLx-mDH1Qul38wD3aR
C++-https://www.youtube.com/playlist?list=PLu0W_9lII9agpFUAlPFe_VNSlXW5uE0YL
Git & GitHub-https://www.youtube.com/playlist?list=PLu0W_9lII9ahVQekD7ePHmnirTePXwIln
Android Dev- https://www.youtube.com/playlist?list=PLu0W_9lII9aiL0kysYlfSOUgY5rNlOhUd
Python GUI- https://www.youtube.com/playlist?list=PLu0W_9lII9ajLcqRcj4PoEihkukF_OTzA
Web Development- https://www.youtube.com/playlist?list=PLu0W_9lII9agiCUZYRsvtGTXdxkzPyItg
Python Django:https://www.youtube.com/playlist?list=PLu0W_9lII9ah7DDtYtflgwMwpT3xmjXY9
Projects Using HTML, CSS & Javascript- https://www.youtube.com/playlist?list=PLu0W_9lII9aiQiOwthuSvinxoflmhRxM3
Data Structure and Algo:https://www.youtube.com/playlist?list=PLu0W_9lII9ahIappRPN0MCAgtOu3lQjQi 

Follow Me On Social Media
►Website (created using Django Rest & Angular): https://www.codewithharry.com
►Facebook: https://www.facebook.com/CodeWithHarry
►Instagram: https://www.instagram.com/codewithharry/ 
Twitter: https://twitter.com/CodeWithHarry
Comment ""#HarryBhai"" if you read this 😉😉",https://i.ytimg.com/vi/jWi8d3SJYN0/maxresdefault.jpg,CodeWithHarry,69873,2198,351,754,12:34,"12 Minutes, 34 Seconds",2024-03-05T05:30:10,https://www.youtube.com/watch?v=jWi8d3SJYN0
"React Project: Password Manager using React, Tailwind, MongoDB & Express | Sigma WebD Tutorial #130","Try Lordicons: https://lordicon.com/?utm_source=influ&utm_medium=social&utm_campaign=code&utm_content=yt_codewithharry

TimeStamps ⌚
00:00:00 Introduction
00:00:26 Sigma Intro
00:00:36 Demo
00:02:11 Lordicons Icon Library
00:02:59 Initialize Project
00:04:32 Installing TailwindCSS
00:05:47 Creating UI
00:42:43 Saving to Local Storage
00:52:05 Displaying Passwords from Local Storage
01:00:56 More UI Fixes
01:14:36 Making the Copy Button
01:25:23 Using React Toastify
01:29:30 Editing & Deleting Passwords from Local Storage
01:46:12 Responsiveness Fixes
01:58:12 Using ExpressJS for PassOP
02:00:20 Creating an Express app
02:01:51 Connecting to MongoDB
02:04:31 Creating APIs
02:14:14 Merging Backend with Frontend
02:27:17 Conclusion
02:27:53 Sigma Outro

►Checkout my English channel here: https://www.youtube.com/channel/UC7btqG2Ww0_2LwuQxpvo2HQ
►Instagram: https://www.instagram.com/codewithharry

python, C, C++, Java, JavaScript and Other Cheatsheets [++]:
Playlist: https://www.youtube.com/playlist?list=PLu0W_9lII9agrsRZjFECeFuWY5ev2pQlk

►Learn in One Video[++]:
Python Course with 5 Projects: https://www.youtube.com/watch?v=fqF9M92jzUo
Python[15 Hr]: https://www.youtube.com/watch?v=gfDE2a7MKjA&list=PLu0W_9lII9ahKZ42vg2w9ERPmShYbYAB7
Python Advance[3.5 Hr]: https://www.youtube.com/watch?v=61a7UkDO50s&list=PLu0W_9lII9ahKZ42vg2w9ERPmShYbYAB7
Python[1 Hr]: https://www.youtube.com/watch?v=qHJjMvHLJdg&list=PLu0W_9lII9ahKZ42vg2w9ERPmShYbYAB7
Python[2 Hr]: https://www.youtube.com/watch?v=ihk_Xglr164&list=PLu0W_9lII9ahKZ42vg2w9ERPmShYbYAB7
Python[15 Min]:https://www.youtube.com/watch?v=fr1f84rg4Nw&list=PLu0W_9lII9ahKZ42vg2w9ERPmShYbYAB7
JavaScript[1 Hr]: https://www.youtube.com/watch?v=onbBV0uFVpo&list=PLu0W_9lII9ahKZ42vg2w9ERPmShYbYAB7
C[1.3 Hr]-https://www.youtube.com/watch?v=YXcgD8hRHYY&list=PLu0W_9lII9ahKZ42vg2w9ERPmShYbYAB7
php[1 Hr]: https://www.youtube.com/watch?v=xW7ro3lwaCI&list=PLu0W_9lII9ahKZ42vg2w9ERPmShYbYAB7
php[2.3 Hr]:https://www.youtube.com/watch?v=1SnPKhCdlsU&list=PLu0W_9lII9ahKZ42vg2w9ERPmShYbYAB7
php[Project]- https://www.youtube.com/watch?v=-al2bECumKg&list=PLu0W_9lII9ahKZ42vg2w9ERPmShYbYAB7
HTML[30 Min]:https://www.youtube.com/watch?v=E3ByCRqE7Lo&list=PLu0W_9lII9ahKZ42vg2w9ERPmShYbYAB7
CSS[8.5 Hr]:https://www.youtube.com/watch?v=Edsxf_NBFrw&list=PLu0W_9lII9ahKZ42vg2w9ERPmShYbYAB7
CSS[1.4 Hr]:https://www.youtube.com/watch?v=u5-K_ua9sOw&list=PLu0W_9lII9ahKZ42vg2w9ERPmShYbYAB7
Wordpress[3.2 Hr]:https://www.youtube.com/watch?v=GlLRYml8mCY&list=PLu0W_9lII9ahKZ42vg2w9ERPmShYbYAB7
Angular[2 Hr]:https://www.youtube.com/watch?v=0LhBvp8qpro&list=PLu0W_9lII9ahKZ42vg2w9ERPmShYbYAB7
Java[2.3 Hr]:https://www.youtube.com/watch?v=rV_3Lewxx6o&list=PLu0W_9lII9ahKZ42vg2w9ERPmShYbYAB7
Web Scraping[1 Hr]:https://www.youtube.com/watch?v=uufDGjTuq34&list=PLu0W_9lII9ahKZ42vg2w9ERPmShYbYAB7
MongoDB[2 Hr]:https://www.youtube.com/watch?v=oSIv-E60NiU&list=PLu0W_9lII9ahKZ42vg2w9ERPmShYbYAB7
Numpy[1 Hr]:https://www.youtube.com/watch?v=Rbh1rieb3zc&list=PLu0W_9lII9ahKZ42vg2w9ERPmShYbYAB7
Android Dev[12 Hr]- https://www.youtube.com/watch?v=mXjZQX3UzOs
Linux[1 Hr]:https://www.youtube.com/watch?v=_tCY-c-sPZc&list=PLu0W_9lII9ahKZ42vg2w9ERPmShYbYAB7
JQuery[1.1 Hr]:https://www.youtube.com/watch?v=YFlx1C8XwR0&list=PLu0W_9lII9ahKZ42vg2w9ERPmShYbYAB7
Git and GitHub[1.1 Hr]:https://www.youtube.com/watch?v=gwWKnnCMQ5c&list=PLu0W_9lII9ahKZ42vg2w9ERPmShYbYAB7

►Complete course [playlist]:
React: https://www.youtube.com/playlist?list=PLu0W_9lII9agx66oZnT6IyhcMIbUMNMdt
Python-https://www.youtube.com/playlist?list=PLu0W_9lII9agICnT8t4iYVSZ3eykIAOME
OOP Python-https://www.youtube.com/playlist?list=PLu0W_9lII9ahfRrhFcoB-4lpp9YaBmdCP
Java:https://www.youtube.com/playlist?list=PLu0W_9lII9agS67Uits0UnJyrYiXhDS6q
JavaScript- https://www.youtube.com/playlist?list=PLu0W_9lII9ajyk081To1Cbt2eI5913SsL
PHP-https://www.youtube.com/playlist?list=PLu0W_9lII9aikXkRE0WxDt1vozo3hnmtR
C-https://www.youtube.com/playlist?list=PLu0W_9lII9aiXlHcLx-mDH1Qul38wD3aR
C++-https://www.youtube.com/playlist?list=PLu0W_9lII9agpFUAlPFe_VNSlXW5uE0YL
Git & GitHub-https://www.youtube.com/playlist?list=PLu0W_9lII9ahVQekD7ePHmnirTePXwIln
Android Dev- https://www.youtube.com/playlist?list=PLu0W_9lII9aiL0kysYlfSOUgY5rNlOhUd
Python GUI- https://www.youtube.com/playlist?list=PLu0W_9lII9ajLcqRcj4PoEihkukF_OTzA
Web Development- https://www.youtube.com/playlist?list=PLu0W_9lII9agiCUZYRsvtGTXdxkzPyItg
Python Django:https://www.youtube.com/playlist?list=PLu0W_9lII9ah7DDtYtflgwMwpT3xmjXY9
Projects Using HTML, CSS & Javascript- https://www.youtube.com/playlist?list=PLu0W_9lII9aiQiOwthuSvinxoflmhRxM3
Data Structure and Algo:https://www.youtube.com/playlist?list=PLu0W_9lII9ahIappRPN0MCAgtOu3lQjQi 

Follow Me On Social Media
►Website (created using Django Rest & Angular): https://www.codewithharry.com
►Facebook: https://www.facebook.com/CodeWithHarry
►Instagram: https://www.instagram.com/codewithharry/ 
Twitter: https://twitter.com/CodeWithHarry
Comment ""#HarryBhai"" if you read this 😉😉",https://i.ytimg.com/vi/sgNZcK8QIyc/maxresdefault.jpg,CodeWithHarry,262757,4831,831,8895,2:28:15,"2 Hours, 28 Minutes, 15 Seconds",2024-03-18T12:33:11,https://www.youtube.com/watch?v=sgNZcK8QIyc
Project GetMeAChai - Patreon Clone in Next.js | Sigma Web Development Course - Tutorial #131,"Latest Udemy Web dev Course With Certificate: https://goharry.in/webdev
Checkout Bigrock: https://bigrock-in.sjv.io/c/5070339/387593/5632
Use Code CODEWITHHARRYVPS & Get up to 60% Off on VPS hosting NVMe 4 Plan 
https://www.bigrock.in/self-managed-vps-hosting
""Applicable on VPS Hosting NVMe 4 for 60% off on 3Years & 2 Years, 55% Off on 1 Year""


Use code CODEWITHHARRY and get Up to 70% Off On Shared Hosting + Free Domain
https://www.bigrock.in/web-hosting/linux-hosting
""Applicable on PRO Web Hosting for 70% off on 5 Years, 50% off on 3 Years, 42% Off on 2 Years, 32% off on 1 Year + Free .COM or .IN domain name for 1 Year""


TimeStamps:
00:00 - Introduction
02:20 - BigRock Hosting
07:09 - Developing the Website

Access the Sigma web development course playlist: https://www.youtube.com/playlist?list=PLu0W_9lII9agq5TrH9XLIKQvv0iaF2X3w
➡️ Source Code: https://github.com/CodeWithHarry/Sigma-Web-Dev-Course
➡️ Notes and CheatSheets: https://www.codewithharry.com/notes/
➡️ English Subtitles are now up for all the videos!
►Checkout my English channel here: https://www.youtube.com/channel/UC7btqG2Ww0_2LwuQxpvo2HQ
►Instagram: https://www.instagram.com/codewithharry
 

Follow Me On Social Media 
►Facebook: https://www.facebook.com/CodeWithHarry
►Instagram: https://www.instagram.com/codewithharry/ 
Twitter: https://twitter.com/CodeWithHarry
Comment ""#HarryBhai"" if you read this 😉😉",https://i.ytimg.com/vi/QtaorVNAwbI/maxresdefault.jpg,CodeWithHarry,295708,5155,974,17342,4:49:02,"4 Hours, 49 Minutes, 2 Seconds",2024-04-20T14:21:47,https://www.youtube.com/watch?v=QtaorVNAwbI
Understanding next/navigation module in Next.js | Sigma Web Development Course - Tutorial #132,"Latest Udemy Web dev Course With Certificate: https://goharry.in/webdev
Access the Sigma web development course playlist: https://www.youtube.com/playlist?list=PLu0W_9lII9agq5TrH9XLIKQvv0iaF2X3w
➡️ Source Code: https://github.com/CodeWithHarry/Sigma-Web-Dev-Course
➡️ Notes and CheatSheets: https://www.codewithharry.com/notes/
➡️ English Subtitles are now up for all the videos!

►Checkout my English channel here: https://www.youtube.com/channel/UC7btqG2Ww0_2LwuQxpvo2HQ
►Instagram: https://www.instagram.com/codewithharry

python, C, C++, Java, JavaScript and Other Cheatsheets [++]:
Playlist: https://www.youtube.com/playlist?list=PLu0W_9lII9agrsRZjFECeFuWY5ev2pQlk

►Learn in One Video[++]:
Python Course with 5 Projects: https://www.youtube.com/watch?v=fqF9M92jzUo
Python[15 Hr]: https://www.youtube.com/watch?v=gfDE2a7MKjA&list=PLu0W_9lII9ahKZ42vg2w9ERPmShYbYAB7
Python Advance[3.5 Hr]: https://www.youtube.com/watch?v=61a7UkDO50s&list=PLu0W_9lII9ahKZ42vg2w9ERPmShYbYAB7
Python[1 Hr]: https://www.youtube.com/watch?v=qHJjMvHLJdg&list=PLu0W_9lII9ahKZ42vg2w9ERPmShYbYAB7
Python[2 Hr]: https://www.youtube.com/watch?v=ihk_Xglr164&list=PLu0W_9lII9ahKZ42vg2w9ERPmShYbYAB7
Python[15 Min]:https://www.youtube.com/watch?v=fr1f84rg4Nw&list=PLu0W_9lII9ahKZ42vg2w9ERPmShYbYAB7
JavaScript[1 Hr]: https://www.youtube.com/watch?v=onbBV0uFVpo&list=PLu0W_9lII9ahKZ42vg2w9ERPmShYbYAB7
C[1.3 Hr]-https://www.youtube.com/watch?v=YXcgD8hRHYY&list=PLu0W_9lII9ahKZ42vg2w9ERPmShYbYAB7
php[1 Hr]: https://www.youtube.com/watch?v=xW7ro3lwaCI&list=PLu0W_9lII9ahKZ42vg2w9ERPmShYbYAB7
php[2.3 Hr]:https://www.youtube.com/watch?v=1SnPKhCdlsU&list=PLu0W_9lII9ahKZ42vg2w9ERPmShYbYAB7
php[Project]- https://www.youtube.com/watch?v=-al2bECumKg&list=PLu0W_9lII9ahKZ42vg2w9ERPmShYbYAB7
HTML[30 Min]:https://www.youtube.com/watch?v=E3ByCRqE7Lo&list=PLu0W_9lII9ahKZ42vg2w9ERPmShYbYAB7
CSS[8.5 Hr]:https://www.youtube.com/watch?v=Edsxf_NBFrw&list=PLu0W_9lII9ahKZ42vg2w9ERPmShYbYAB7
CSS[1.4 Hr]:https://www.youtube.com/watch?v=u5-K_ua9sOw&list=PLu0W_9lII9ahKZ42vg2w9ERPmShYbYAB7
Wordpress[3.2 Hr]:https://www.youtube.com/watch?v=GlLRYml8mCY&list=PLu0W_9lII9ahKZ42vg2w9ERPmShYbYAB7
Angular[2 Hr]:https://www.youtube.com/watch?v=0LhBvp8qpro&list=PLu0W_9lII9ahKZ42vg2w9ERPmShYbYAB7
Java[2.3 Hr]:https://www.youtube.com/watch?v=rV_3Lewxx6o&list=PLu0W_9lII9ahKZ42vg2w9ERPmShYbYAB7
Web Scraping[1 Hr]:https://www.youtube.com/watch?v=uufDGjTuq34&list=PLu0W_9lII9ahKZ42vg2w9ERPmShYbYAB7
MongoDB[2 Hr]:https://www.youtube.com/watch?v=oSIv-E60NiU&list=PLu0W_9lII9ahKZ42vg2w9ERPmShYbYAB7
Numpy[1 Hr]:https://www.youtube.com/watch?v=Rbh1rieb3zc&list=PLu0W_9lII9ahKZ42vg2w9ERPmShYbYAB7
Android Dev[12 Hr]- https://www.youtube.com/watch?v=mXjZQX3UzOs
Linux[1 Hr]:https://www.youtube.com/watch?v=_tCY-c-sPZc&list=PLu0W_9lII9ahKZ42vg2w9ERPmShYbYAB7
JQuery[1.1 Hr]:https://www.youtube.com/watch?v=YFlx1C8XwR0&list=PLu0W_9lII9ahKZ42vg2w9ERPmShYbYAB7
Git and GitHub[1.1 Hr]:https://www.youtube.com/watch?v=gwWKnnCMQ5c&list=PLu0W_9lII9ahKZ42vg2w9ERPmShYbYAB7

►Complete course [playlist]:
React: https://www.youtube.com/playlist?list=PLu0W_9lII9agx66oZnT6IyhcMIbUMNMdt
Python-https://www.youtube.com/playlist?list=PLu0W_9lII9agICnT8t4iYVSZ3eykIAOME
OOP Python-https://www.youtube.com/playlist?list=PLu0W_9lII9ahfRrhFcoB-4lpp9YaBmdCP
Java:https://www.youtube.com/playlist?list=PLu0W_9lII9agS67Uits0UnJyrYiXhDS6q
JavaScript- https://www.youtube.com/playlist?list=PLu0W_9lII9ajyk081To1Cbt2eI5913SsL
PHP-https://www.youtube.com/playlist?list=PLu0W_9lII9aikXkRE0WxDt1vozo3hnmtR
C-https://www.youtube.com/playlist?list=PLu0W_9lII9aiXlHcLx-mDH1Qul38wD3aR
C++-https://www.youtube.com/playlist?list=PLu0W_9lII9agpFUAlPFe_VNSlXW5uE0YL
Git & GitHub-https://www.youtube.com/playlist?list=PLu0W_9lII9ahVQekD7ePHmnirTePXwIln
Android Dev- https://www.youtube.com/playlist?list=PLu0W_9lII9aiL0kysYlfSOUgY5rNlOhUd
Python GUI- https://www.youtube.com/playlist?list=PLu0W_9lII9ajLcqRcj4PoEihkukF_OTzA
Web Development- https://www.youtube.com/playlist?list=PLu0W_9lII9agiCUZYRsvtGTXdxkzPyItg
Python Django:https://www.youtube.com/playlist?list=PLu0W_9lII9ah7DDtYtflgwMwpT3xmjXY9
Projects Using HTML, CSS & Javascript- https://www.youtube.com/playlist?list=PLu0W_9lII9aiQiOwthuSvinxoflmhRxM3
Data Structure and Algo:https://www.youtube.com/playlist?list=PLu0W_9lII9ahIappRPN0MCAgtOu3lQjQi 

Follow Me On Social Media
►Website (created using Django Rest & Angular): https://www.codewithharry.com
►Facebook: https://www.facebook.com/CodeWithHarry
►Instagram: https://www.instagram.com/codewithharry/ 
Twitter: https://twitter.com/CodeWithHarry
Comment ""#HarryBhai"" if you read this 😉😉",https://i.ytimg.com/vi/K052tdPqa5U/maxresdefault.jpg,CodeWithHarry,27205,1037,215,770,12:50,"12 Minutes, 50 Seconds",2024-10-15T11:30:12,https://www.youtube.com/watch?v=K052tdPqa5U
"SSR, SSG & ISR in Next.js | Sigma Web Development Course - Tutorial #133","Latest Udemy Web dev Course With Certificate: https://goharry.in/webdev
Access the Sigma web development course playlist: https://www.youtube.com/playlist?list=PLu0W_9lII9agq5TrH9XLIKQvv0iaF2X3w
➡️ Source Code: https://github.com/CodeWithHarry/Sigma-Web-Dev-Course
➡️ Notes and CheatSheets: https://www.codewithharry.com/notes/
➡️ English Subtitles are now up for all the videos!

►Checkout my English channel here: https://www.youtube.com/channel/UC7btqG2Ww0_2LwuQxpvo2HQ
►Instagram: https://www.instagram.com/codewithharry

python, C, C++, Java, JavaScript and Other Cheatsheets [++]:
Playlist: https://www.youtube.com/playlist?list=PLu0W_9lII9agrsRZjFECeFuWY5ev2pQlk

►Learn in One Video[++]:
Python Course with 5 Projects: https://www.youtube.com/watch?v=fqF9M92jzUo
Python[15 Hr]: https://www.youtube.com/watch?v=gfDE2a7MKjA&list=PLu0W_9lII9ahKZ42vg2w9ERPmShYbYAB7
Python Advance[3.5 Hr]: https://www.youtube.com/watch?v=61a7UkDO50s&list=PLu0W_9lII9ahKZ42vg2w9ERPmShYbYAB7
Python[1 Hr]: https://www.youtube.com/watch?v=qHJjMvHLJdg&list=PLu0W_9lII9ahKZ42vg2w9ERPmShYbYAB7
Python[2 Hr]: https://www.youtube.com/watch?v=ihk_Xglr164&list=PLu0W_9lII9ahKZ42vg2w9ERPmShYbYAB7
Python[15 Min]:https://www.youtube.com/watch?v=fr1f84rg4Nw&list=PLu0W_9lII9ahKZ42vg2w9ERPmShYbYAB7
JavaScript[1 Hr]: https://www.youtube.com/watch?v=onbBV0uFVpo&list=PLu0W_9lII9ahKZ42vg2w9ERPmShYbYAB7
C[1.3 Hr]-https://www.youtube.com/watch?v=YXcgD8hRHYY&list=PLu0W_9lII9ahKZ42vg2w9ERPmShYbYAB7
php[1 Hr]: https://www.youtube.com/watch?v=xW7ro3lwaCI&list=PLu0W_9lII9ahKZ42vg2w9ERPmShYbYAB7
php[2.3 Hr]:https://www.youtube.com/watch?v=1SnPKhCdlsU&list=PLu0W_9lII9ahKZ42vg2w9ERPmShYbYAB7
php[Project]- https://www.youtube.com/watch?v=-al2bECumKg&list=PLu0W_9lII9ahKZ42vg2w9ERPmShYbYAB7
HTML[30 Min]:https://www.youtube.com/watch?v=E3ByCRqE7Lo&list=PLu0W_9lII9ahKZ42vg2w9ERPmShYbYAB7
CSS[8.5 Hr]:https://www.youtube.com/watch?v=Edsxf_NBFrw&list=PLu0W_9lII9ahKZ42vg2w9ERPmShYbYAB7
CSS[1.4 Hr]:https://www.youtube.com/watch?v=u5-K_ua9sOw&list=PLu0W_9lII9ahKZ42vg2w9ERPmShYbYAB7
Wordpress[3.2 Hr]:https://www.youtube.com/watch?v=GlLRYml8mCY&list=PLu0W_9lII9ahKZ42vg2w9ERPmShYbYAB7
Angular[2 Hr]:https://www.youtube.com/watch?v=0LhBvp8qpro&list=PLu0W_9lII9ahKZ42vg2w9ERPmShYbYAB7
Java[2.3 Hr]:https://www.youtube.com/watch?v=rV_3Lewxx6o&list=PLu0W_9lII9ahKZ42vg2w9ERPmShYbYAB7
Web Scraping[1 Hr]:https://www.youtube.com/watch?v=uufDGjTuq34&list=PLu0W_9lII9ahKZ42vg2w9ERPmShYbYAB7
MongoDB[2 Hr]:https://www.youtube.com/watch?v=oSIv-E60NiU&list=PLu0W_9lII9ahKZ42vg2w9ERPmShYbYAB7
Numpy[1 Hr]:https://www.youtube.com/watch?v=Rbh1rieb3zc&list=PLu0W_9lII9ahKZ42vg2w9ERPmShYbYAB7
Android Dev[12 Hr]- https://www.youtube.com/watch?v=mXjZQX3UzOs
Linux[1 Hr]:https://www.youtube.com/watch?v=_tCY-c-sPZc&list=PLu0W_9lII9ahKZ42vg2w9ERPmShYbYAB7
JQuery[1.1 Hr]:https://www.youtube.com/watch?v=YFlx1C8XwR0&list=PLu0W_9lII9ahKZ42vg2w9ERPmShYbYAB7
Git and GitHub[1.1 Hr]:https://www.youtube.com/watch?v=gwWKnnCMQ5c&list=PLu0W_9lII9ahKZ42vg2w9ERPmShYbYAB7

►Complete course [playlist]:
React: https://www.youtube.com/playlist?list=PLu0W_9lII9agx66oZnT6IyhcMIbUMNMdt
Python-https://www.youtube.com/playlist?list=PLu0W_9lII9agICnT8t4iYVSZ3eykIAOME
OOP Python-https://www.youtube.com/playlist?list=PLu0W_9lII9ahfRrhFcoB-4lpp9YaBmdCP
Java:https://www.youtube.com/playlist?list=PLu0W_9lII9agS67Uits0UnJyrYiXhDS6q
JavaScript- https://www.youtube.com/playlist?list=PLu0W_9lII9ajyk081To1Cbt2eI5913SsL
PHP-https://www.youtube.com/playlist?list=PLu0W_9lII9aikXkRE0WxDt1vozo3hnmtR
C-https://www.youtube.com/playlist?list=PLu0W_9lII9aiXlHcLx-mDH1Qul38wD3aR
C++-https://www.youtube.com/playlist?list=PLu0W_9lII9agpFUAlPFe_VNSlXW5uE0YL
Git & GitHub-https://www.youtube.com/playlist?list=PLu0W_9lII9ahVQekD7ePHmnirTePXwIln
Android Dev- https://www.youtube.com/playlist?list=PLu0W_9lII9aiL0kysYlfSOUgY5rNlOhUd
Python GUI- https://www.youtube.com/playlist?list=PLu0W_9lII9ajLcqRcj4PoEihkukF_OTzA
Web Development- https://www.youtube.com/playlist?list=PLu0W_9lII9agiCUZYRsvtGTXdxkzPyItg
Python Django:https://www.youtube.com/playlist?list=PLu0W_9lII9ah7DDtYtflgwMwpT3xmjXY9
Projects Using HTML, CSS & Javascript- https://www.youtube.com/playlist?list=PLu0W_9lII9aiQiOwthuSvinxoflmhRxM3
Data Structure and Algo:https://www.youtube.com/playlist?list=PLu0W_9lII9ahIappRPN0MCAgtOu3lQjQi 

Follow Me On Social Media
►Website (created using Django Rest & Angular): https://www.codewithharry.com
►Facebook: https://www.facebook.com/CodeWithHarry
►Instagram: https://www.instagram.com/codewithharry/ 
Twitter: https://twitter.com/CodeWithHarry
Comment ""#HarryBhai"" if you read this 😉😉",https://i.ytimg.com/vi/O0UGlA1YVUI/maxresdefault.jpg,CodeWithHarry,35673,1447,248,858,14:18,"14 Minutes, 18 Seconds",2024-10-17T14:30:11,https://www.youtube.com/watch?v=O0UGlA1YVUI
Environment Variables in Next.js | Sigma Web Development Course - Tutorial #134,"Latest Udemy Web dev Course With Certificate: https://goharry.in/webdev
Access the Sigma web development course playlist: https://www.youtube.com/playlist?list=PLu0W_9lII9agq5TrH9XLIKQvv0iaF2X3w
➡️ Source Code: https://github.com/CodeWithHarry/Sigma-Web-Dev-Course
➡️ Notes and CheatSheets: https://www.codewithharry.com/notes/
➡️ English Subtitles are now up for all the videos!

►Checkout my English channel here: https://www.youtube.com/channel/UC7btqG2Ww0_2LwuQxpvo2HQ
►Instagram: https://www.instagram.com/codewithharry

python, C, C++, Java, JavaScript and Other Cheatsheets [++]:
Playlist: https://www.youtube.com/playlist?list=PLu0W_9lII9agrsRZjFECeFuWY5ev2pQlk

►Learn in One Video[++]:
Python Course with 5 Projects: https://www.youtube.com/watch?v=fqF9M92jzUo
Python[15 Hr]: https://www.youtube.com/watch?v=gfDE2a7MKjA&list=PLu0W_9lII9ahKZ42vg2w9ERPmShYbYAB7
Python Advance[3.5 Hr]: https://www.youtube.com/watch?v=61a7UkDO50s&list=PLu0W_9lII9ahKZ42vg2w9ERPmShYbYAB7
Python[1 Hr]: https://www.youtube.com/watch?v=qHJjMvHLJdg&list=PLu0W_9lII9ahKZ42vg2w9ERPmShYbYAB7
Python[2 Hr]: https://www.youtube.com/watch?v=ihk_Xglr164&list=PLu0W_9lII9ahKZ42vg2w9ERPmShYbYAB7
Python[15 Min]:https://www.youtube.com/watch?v=fr1f84rg4Nw&list=PLu0W_9lII9ahKZ42vg2w9ERPmShYbYAB7
JavaScript[1 Hr]: https://www.youtube.com/watch?v=onbBV0uFVpo&list=PLu0W_9lII9ahKZ42vg2w9ERPmShYbYAB7
C[1.3 Hr]-https://www.youtube.com/watch?v=YXcgD8hRHYY&list=PLu0W_9lII9ahKZ42vg2w9ERPmShYbYAB7
php[1 Hr]: https://www.youtube.com/watch?v=xW7ro3lwaCI&list=PLu0W_9lII9ahKZ42vg2w9ERPmShYbYAB7
php[2.3 Hr]:https://www.youtube.com/watch?v=1SnPKhCdlsU&list=PLu0W_9lII9ahKZ42vg2w9ERPmShYbYAB7
php[Project]- https://www.youtube.com/watch?v=-al2bECumKg&list=PLu0W_9lII9ahKZ42vg2w9ERPmShYbYAB7
HTML[30 Min]:https://www.youtube.com/watch?v=E3ByCRqE7Lo&list=PLu0W_9lII9ahKZ42vg2w9ERPmShYbYAB7
CSS[8.5 Hr]:https://www.youtube.com/watch?v=Edsxf_NBFrw&list=PLu0W_9lII9ahKZ42vg2w9ERPmShYbYAB7
CSS[1.4 Hr]:https://www.youtube.com/watch?v=u5-K_ua9sOw&list=PLu0W_9lII9ahKZ42vg2w9ERPmShYbYAB7
Wordpress[3.2 Hr]:https://www.youtube.com/watch?v=GlLRYml8mCY&list=PLu0W_9lII9ahKZ42vg2w9ERPmShYbYAB7
Angular[2 Hr]:https://www.youtube.com/watch?v=0LhBvp8qpro&list=PLu0W_9lII9ahKZ42vg2w9ERPmShYbYAB7
Java[2.3 Hr]:https://www.youtube.com/watch?v=rV_3Lewxx6o&list=PLu0W_9lII9ahKZ42vg2w9ERPmShYbYAB7
Web Scraping[1 Hr]:https://www.youtube.com/watch?v=uufDGjTuq34&list=PLu0W_9lII9ahKZ42vg2w9ERPmShYbYAB7
MongoDB[2 Hr]:https://www.youtube.com/watch?v=oSIv-E60NiU&list=PLu0W_9lII9ahKZ42vg2w9ERPmShYbYAB7
Numpy[1 Hr]:https://www.youtube.com/watch?v=Rbh1rieb3zc&list=PLu0W_9lII9ahKZ42vg2w9ERPmShYbYAB7
Android Dev[12 Hr]- https://www.youtube.com/watch?v=mXjZQX3UzOs
Linux[1 Hr]:https://www.youtube.com/watch?v=_tCY-c-sPZc&list=PLu0W_9lII9ahKZ42vg2w9ERPmShYbYAB7
JQuery[1.1 Hr]:https://www.youtube.com/watch?v=YFlx1C8XwR0&list=PLu0W_9lII9ahKZ42vg2w9ERPmShYbYAB7
Git and GitHub[1.1 Hr]:https://www.youtube.com/watch?v=gwWKnnCMQ5c&list=PLu0W_9lII9ahKZ42vg2w9ERPmShYbYAB7

►Complete course [playlist]:
React: https://www.youtube.com/playlist?list=PLu0W_9lII9agx66oZnT6IyhcMIbUMNMdt
Python-https://www.youtube.com/playlist?list=PLu0W_9lII9agICnT8t4iYVSZ3eykIAOME
OOP Python-https://www.youtube.com/playlist?list=PLu0W_9lII9ahfRrhFcoB-4lpp9YaBmdCP
Java:https://www.youtube.com/playlist?list=PLu0W_9lII9agS67Uits0UnJyrYiXhDS6q
JavaScript- https://www.youtube.com/playlist?list=PLu0W_9lII9ajyk081To1Cbt2eI5913SsL
PHP-https://www.youtube.com/playlist?list=PLu0W_9lII9aikXkRE0WxDt1vozo3hnmtR
C-https://www.youtube.com/playlist?list=PLu0W_9lII9aiXlHcLx-mDH1Qul38wD3aR
C++-https://www.youtube.com/playlist?list=PLu0W_9lII9agpFUAlPFe_VNSlXW5uE0YL
Git & GitHub-https://www.youtube.com/playlist?list=PLu0W_9lII9ahVQekD7ePHmnirTePXwIln
Android Dev- https://www.youtube.com/playlist?list=PLu0W_9lII9aiL0kysYlfSOUgY5rNlOhUd
Python GUI- https://www.youtube.com/playlist?list=PLu0W_9lII9ajLcqRcj4PoEihkukF_OTzA
Web Development- https://www.youtube.com/playlist?list=PLu0W_9lII9agiCUZYRsvtGTXdxkzPyItg
Python Django:https://www.youtube.com/playlist?list=PLu0W_9lII9ah7DDtYtflgwMwpT3xmjXY9
Projects Using HTML, CSS & Javascript- https://www.youtube.com/playlist?list=PLu0W_9lII9aiQiOwthuSvinxoflmhRxM3
Data Structure and Algo:https://www.youtube.com/playlist?list=PLu0W_9lII9ahIappRPN0MCAgtOu3lQjQi 

Follow Me On Social Media
►Website (created using Django Rest & Angular): https://www.codewithharry.com
►Facebook: https://www.facebook.com/CodeWithHarry
►Instagram: https://www.instagram.com/codewithharry/ 
Twitter: https://twitter.com/CodeWithHarry
Comment ""#HarryBhai"" if you read this 😉😉",https://i.ytimg.com/vi/DbVI7QnDnjY/maxresdefault.jpg,CodeWithHarry,25529,1019,168,675,11:15,"11 Minutes, 15 Seconds",2024-10-19T12:47:37,https://www.youtube.com/watch?v=DbVI7QnDnjY
Styled JSX and other ways to Style in Next.js | Sigma Web Development Course - Tutorial #135,"Latest Udemy Web dev Course With Certificate: https://goharry.in/webdev
Access the Sigma web development course playlist: https://www.youtube.com/playlist?list=PLu0W_9lII9agq5TrH9XLIKQvv0iaF2X3w
➡️ Source Code: https://github.com/CodeWithHarry/Sigma-Web-Dev-Course
➡️ Notes and CheatSheets: https://www.codewithharry.com/notes/
➡️ English Subtitles are now up for all the videos!

►Checkout my English channel here: https://www.youtube.com/channel/UC7btqG2Ww0_2LwuQxpvo2HQ
►Instagram: https://www.instagram.com/codewithharry

python, C, C++, Java, JavaScript and Other Cheatsheets [++]:
Playlist: https://www.youtube.com/playlist?list=PLu0W_9lII9agrsRZjFECeFuWY5ev2pQlk

►Learn in One Video[++]:
Python Course with 5 Projects: https://www.youtube.com/watch?v=fqF9M92jzUo
Python[15 Hr]: https://www.youtube.com/watch?v=gfDE2a7MKjA&list=PLu0W_9lII9ahKZ42vg2w9ERPmShYbYAB7
Python Advance[3.5 Hr]: https://www.youtube.com/watch?v=61a7UkDO50s&list=PLu0W_9lII9ahKZ42vg2w9ERPmShYbYAB7
Python[1 Hr]: https://www.youtube.com/watch?v=qHJjMvHLJdg&list=PLu0W_9lII9ahKZ42vg2w9ERPmShYbYAB7
Python[2 Hr]: https://www.youtube.com/watch?v=ihk_Xglr164&list=PLu0W_9lII9ahKZ42vg2w9ERPmShYbYAB7
Python[15 Min]:https://www.youtube.com/watch?v=fr1f84rg4Nw&list=PLu0W_9lII9ahKZ42vg2w9ERPmShYbYAB7
JavaScript[1 Hr]: https://www.youtube.com/watch?v=onbBV0uFVpo&list=PLu0W_9lII9ahKZ42vg2w9ERPmShYbYAB7
C[1.3 Hr]-https://www.youtube.com/watch?v=YXcgD8hRHYY&list=PLu0W_9lII9ahKZ42vg2w9ERPmShYbYAB7
php[1 Hr]: https://www.youtube.com/watch?v=xW7ro3lwaCI&list=PLu0W_9lII9ahKZ42vg2w9ERPmShYbYAB7
php[2.3 Hr]:https://www.youtube.com/watch?v=1SnPKhCdlsU&list=PLu0W_9lII9ahKZ42vg2w9ERPmShYbYAB7
php[Project]- https://www.youtube.com/watch?v=-al2bECumKg&list=PLu0W_9lII9ahKZ42vg2w9ERPmShYbYAB7
HTML[30 Min]:https://www.youtube.com/watch?v=E3ByCRqE7Lo&list=PLu0W_9lII9ahKZ42vg2w9ERPmShYbYAB7
CSS[8.5 Hr]:https://www.youtube.com/watch?v=Edsxf_NBFrw&list=PLu0W_9lII9ahKZ42vg2w9ERPmShYbYAB7
CSS[1.4 Hr]:https://www.youtube.com/watch?v=u5-K_ua9sOw&list=PLu0W_9lII9ahKZ42vg2w9ERPmShYbYAB7
Wordpress[3.2 Hr]:https://www.youtube.com/watch?v=GlLRYml8mCY&list=PLu0W_9lII9ahKZ42vg2w9ERPmShYbYAB7
Angular[2 Hr]:https://www.youtube.com/watch?v=0LhBvp8qpro&list=PLu0W_9lII9ahKZ42vg2w9ERPmShYbYAB7
Java[2.3 Hr]:https://www.youtube.com/watch?v=rV_3Lewxx6o&list=PLu0W_9lII9ahKZ42vg2w9ERPmShYbYAB7
Web Scraping[1 Hr]:https://www.youtube.com/watch?v=uufDGjTuq34&list=PLu0W_9lII9ahKZ42vg2w9ERPmShYbYAB7
MongoDB[2 Hr]:https://www.youtube.com/watch?v=oSIv-E60NiU&list=PLu0W_9lII9ahKZ42vg2w9ERPmShYbYAB7
Numpy[1 Hr]:https://www.youtube.com/watch?v=Rbh1rieb3zc&list=PLu0W_9lII9ahKZ42vg2w9ERPmShYbYAB7
Android Dev[12 Hr]- https://www.youtube.com/watch?v=mXjZQX3UzOs
Linux[1 Hr]:https://www.youtube.com/watch?v=_tCY-c-sPZc&list=PLu0W_9lII9ahKZ42vg2w9ERPmShYbYAB7
JQuery[1.1 Hr]:https://www.youtube.com/watch?v=YFlx1C8XwR0&list=PLu0W_9lII9ahKZ42vg2w9ERPmShYbYAB7
Git and GitHub[1.1 Hr]:https://www.youtube.com/watch?v=gwWKnnCMQ5c&list=PLu0W_9lII9ahKZ42vg2w9ERPmShYbYAB7

►Complete course [playlist]:
React: https://www.youtube.com/playlist?list=PLu0W_9lII9agx66oZnT6IyhcMIbUMNMdt
Python-https://www.youtube.com/playlist?list=PLu0W_9lII9agICnT8t4iYVSZ3eykIAOME
OOP Python-https://www.youtube.com/playlist?list=PLu0W_9lII9ahfRrhFcoB-4lpp9YaBmdCP
Java:https://www.youtube.com/playlist?list=PLu0W_9lII9agS67Uits0UnJyrYiXhDS6q
JavaScript- https://www.youtube.com/playlist?list=PLu0W_9lII9ajyk081To1Cbt2eI5913SsL
PHP-https://www.youtube.com/playlist?list=PLu0W_9lII9aikXkRE0WxDt1vozo3hnmtR
C-https://www.youtube.com/playlist?list=PLu0W_9lII9aiXlHcLx-mDH1Qul38wD3aR
C++-https://www.youtube.com/playlist?list=PLu0W_9lII9agpFUAlPFe_VNSlXW5uE0YL
Git & GitHub-https://www.youtube.com/playlist?list=PLu0W_9lII9ahVQekD7ePHmnirTePXwIln
Android Dev- https://www.youtube.com/playlist?list=PLu0W_9lII9aiL0kysYlfSOUgY5rNlOhUd
Python GUI- https://www.youtube.com/playlist?list=PLu0W_9lII9ajLcqRcj4PoEihkukF_OTzA
Web Development- https://www.youtube.com/playlist?list=PLu0W_9lII9agiCUZYRsvtGTXdxkzPyItg
Python Django:https://www.youtube.com/playlist?list=PLu0W_9lII9ah7DDtYtflgwMwpT3xmjXY9
Projects Using HTML, CSS & Javascript- https://www.youtube.com/playlist?list=PLu0W_9lII9aiQiOwthuSvinxoflmhRxM3
Data Structure and Algo:https://www.youtube.com/playlist?list=PLu0W_9lII9ahIappRPN0MCAgtOu3lQjQi 

Follow Me On Social Media
►Website (created using Django Rest & Angular): https://www.codewithharry.com
►Facebook: https://www.facebook.com/CodeWithHarry
►Instagram: https://www.instagram.com/codewithharry/ 
Twitter: https://twitter.com/CodeWithHarry
Comment ""#HarryBhai"" if you read this 😉😉",https://i.ytimg.com/vi/M6aXSV2HAHo/maxresdefault.jpg,CodeWithHarry,32514,1070,214,514,8:34,"8 Minutes, 34 Seconds",2024-10-21T11:30:23,https://www.youtube.com/watch?v=M6aXSV2HAHo
[Project] Let's Build a Url Shortener in Next.js 15 | Sigma Web Development Course - Tutorial #136,"Latest Udemy Web dev Course With Certificate: https://goharry.in/webdev
Access the Sigma web development course playlist: https://www.youtube.com/playlist?list=PLu0W_9lII9agq5TrH9XLIKQvv0iaF2X3w
➡️ Source Code: https://github.com/CodeWithHarry/Sigma-Web-Dev-Course
➡️ Notes and CheatSheets: https://www.codewithharry.com/notes/
➡️ English Subtitles are now up for all the videos!

►Checkout my English channel here: https://www.youtube.com/channel/UC7btqG2Ww0_2LwuQxpvo2HQ
►Instagram: https://www.instagram.com/codewithharry

python, C, C++, Java, JavaScript and Other Cheatsheets [++]:
Playlist: https://www.youtube.com/playlist?list=PLu0W_9lII9agrsRZjFECeFuWY5ev2pQlk

►Learn in One Video[++]:
Python Course with 5 Projects: https://www.youtube.com/watch?v=fqF9M92jzUo
Python[15 Hr]: https://www.youtube.com/watch?v=gfDE2a7MKjA&list=PLu0W_9lII9ahKZ42vg2w9ERPmShYbYAB7
Python Advance[3.5 Hr]: https://www.youtube.com/watch?v=61a7UkDO50s&list=PLu0W_9lII9ahKZ42vg2w9ERPmShYbYAB7
Python[1 Hr]: https://www.youtube.com/watch?v=qHJjMvHLJdg&list=PLu0W_9lII9ahKZ42vg2w9ERPmShYbYAB7
Python[2 Hr]: https://www.youtube.com/watch?v=ihk_Xglr164&list=PLu0W_9lII9ahKZ42vg2w9ERPmShYbYAB7
Python[15 Min]:https://www.youtube.com/watch?v=fr1f84rg4Nw&list=PLu0W_9lII9ahKZ42vg2w9ERPmShYbYAB7
JavaScript[1 Hr]: https://www.youtube.com/watch?v=onbBV0uFVpo&list=PLu0W_9lII9ahKZ42vg2w9ERPmShYbYAB7
C[1.3 Hr]-https://www.youtube.com/watch?v=YXcgD8hRHYY&list=PLu0W_9lII9ahKZ42vg2w9ERPmShYbYAB7
php[1 Hr]: https://www.youtube.com/watch?v=xW7ro3lwaCI&list=PLu0W_9lII9ahKZ42vg2w9ERPmShYbYAB7
php[2.3 Hr]:https://www.youtube.com/watch?v=1SnPKhCdlsU&list=PLu0W_9lII9ahKZ42vg2w9ERPmShYbYAB7
php[Project]- https://www.youtube.com/watch?v=-al2bECumKg&list=PLu0W_9lII9ahKZ42vg2w9ERPmShYbYAB7
HTML[30 Min]:https://www.youtube.com/watch?v=E3ByCRqE7Lo&list=PLu0W_9lII9ahKZ42vg2w9ERPmShYbYAB7
CSS[8.5 Hr]:https://www.youtube.com/watch?v=Edsxf_NBFrw&list=PLu0W_9lII9ahKZ42vg2w9ERPmShYbYAB7
CSS[1.4 Hr]:https://www.youtube.com/watch?v=u5-K_ua9sOw&list=PLu0W_9lII9ahKZ42vg2w9ERPmShYbYAB7
Wordpress[3.2 Hr]:https://www.youtube.com/watch?v=GlLRYml8mCY&list=PLu0W_9lII9ahKZ42vg2w9ERPmShYbYAB7
Angular[2 Hr]:https://www.youtube.com/watch?v=0LhBvp8qpro&list=PLu0W_9lII9ahKZ42vg2w9ERPmShYbYAB7
Java[2.3 Hr]:https://www.youtube.com/watch?v=rV_3Lewxx6o&list=PLu0W_9lII9ahKZ42vg2w9ERPmShYbYAB7
Web Scraping[1 Hr]:https://www.youtube.com/watch?v=uufDGjTuq34&list=PLu0W_9lII9ahKZ42vg2w9ERPmShYbYAB7
MongoDB[2 Hr]:https://www.youtube.com/watch?v=oSIv-E60NiU&list=PLu0W_9lII9ahKZ42vg2w9ERPmShYbYAB7
Numpy[1 Hr]:https://www.youtube.com/watch?v=Rbh1rieb3zc&list=PLu0W_9lII9ahKZ42vg2w9ERPmShYbYAB7
Android Dev[12 Hr]- https://www.youtube.com/watch?v=mXjZQX3UzOs
Linux[1 Hr]:https://www.youtube.com/watch?v=_tCY-c-sPZc&list=PLu0W_9lII9ahKZ42vg2w9ERPmShYbYAB7
JQuery[1.1 Hr]:https://www.youtube.com/watch?v=YFlx1C8XwR0&list=PLu0W_9lII9ahKZ42vg2w9ERPmShYbYAB7
Git and GitHub[1.1 Hr]:https://www.youtube.com/watch?v=gwWKnnCMQ5c&list=PLu0W_9lII9ahKZ42vg2w9ERPmShYbYAB7

►Complete course [playlist]:
React: https://www.youtube.com/playlist?list=PLu0W_9lII9agx66oZnT6IyhcMIbUMNMdt
Python-https://www.youtube.com/playlist?list=PLu0W_9lII9agICnT8t4iYVSZ3eykIAOME
OOP Python-https://www.youtube.com/playlist?list=PLu0W_9lII9ahfRrhFcoB-4lpp9YaBmdCP
Java:https://www.youtube.com/playlist?list=PLu0W_9lII9agS67Uits0UnJyrYiXhDS6q
JavaScript- https://www.youtube.com/playlist?list=PLu0W_9lII9ajyk081To1Cbt2eI5913SsL
PHP-https://www.youtube.com/playlist?list=PLu0W_9lII9aikXkRE0WxDt1vozo3hnmtR
C-https://www.youtube.com/playlist?list=PLu0W_9lII9aiXlHcLx-mDH1Qul38wD3aR
C++-https://www.youtube.com/playlist?list=PLu0W_9lII9agpFUAlPFe_VNSlXW5uE0YL
Git & GitHub-https://www.youtube.com/playlist?list=PLu0W_9lII9ahVQekD7ePHmnirTePXwIln
Android Dev- https://www.youtube.com/playlist?list=PLu0W_9lII9aiL0kysYlfSOUgY5rNlOhUd
Python GUI- https://www.youtube.com/playlist?list=PLu0W_9lII9ajLcqRcj4PoEihkukF_OTzA
Web Development- https://www.youtube.com/playlist?list=PLu0W_9lII9agiCUZYRsvtGTXdxkzPyItg
Python Django:https://www.youtube.com/playlist?list=PLu0W_9lII9ah7DDtYtflgwMwpT3xmjXY9
Projects Using HTML, CSS & Javascript- https://www.youtube.com/playlist?list=PLu0W_9lII9aiQiOwthuSvinxoflmhRxM3
Data Structure and Algo:https://www.youtube.com/playlist?list=PLu0W_9lII9ahIappRPN0MCAgtOu3lQjQi 

Follow Me On Social Media
►Website (created using Django Rest & Angular): https://www.codewithharry.com
►Facebook: https://www.facebook.com/CodeWithHarry
►Instagram: https://www.instagram.com/codewithharry/ 
Twitter: https://twitter.com/CodeWithHarry
Comment ""#HarryBhai"" if you read this 😉😉",https://i.ytimg.com/vi/Ojo_lo0djbQ/maxresdefault.jpg,CodeWithHarry,70534,1631,229,3376,56:16,"56 Minutes, 16 Seconds",2024-11-03T15:21:38,https://www.youtube.com/watch?v=Ojo_lo0djbQ
[Project] Let's Build a LinkTree Clone in Next.js 15 | Sigma Web Development Course - Tutorial #137,"Latest Udemy Web dev Course With Certificate: https://goharry.in/webdev

Access the Sigma web development course playlist: https://www.youtube.com/playlist?list=PLu0W_9lII9agq5TrH9XLIKQvv0iaF2X3w
➡️ Source Code: https://github.com/CodeWithHarry/Sigma-Web-Dev-Course
➡️ Notes and CheatSheets: https://www.codewithharry.com/notes/
➡️ English Subtitles are now up for all the videos!

►Checkout my English channel here: https://www.youtube.com/channel/UC7btqG2Ww0_2LwuQxpvo2HQ
►Instagram: https://www.instagram.com/codewithharry

python, C, C++, Java, JavaScript and Other Cheatsheets [++]:
Playlist: https://www.youtube.com/playlist?list=PLu0W_9lII9agrsRZjFECeFuWY5ev2pQlk

►Learn in One Video[++]:
Python Course with 5 Projects: https://www.youtube.com/watch?v=fqF9M92jzUo
Python[15 Hr]: https://www.youtube.com/watch?v=gfDE2a7MKjA&list=PLu0W_9lII9ahKZ42vg2w9ERPmShYbYAB7
Python Advance[3.5 Hr]: https://www.youtube.com/watch?v=61a7UkDO50s&list=PLu0W_9lII9ahKZ42vg2w9ERPmShYbYAB7
Python[1 Hr]: https://www.youtube.com/watch?v=qHJjMvHLJdg&list=PLu0W_9lII9ahKZ42vg2w9ERPmShYbYAB7
Python[2 Hr]: https://www.youtube.com/watch?v=ihk_Xglr164&list=PLu0W_9lII9ahKZ42vg2w9ERPmShYbYAB7
Python[15 Min]:https://www.youtube.com/watch?v=fr1f84rg4Nw&list=PLu0W_9lII9ahKZ42vg2w9ERPmShYbYAB7
JavaScript[1 Hr]: https://www.youtube.com/watch?v=onbBV0uFVpo&list=PLu0W_9lII9ahKZ42vg2w9ERPmShYbYAB7
C[1.3 Hr]-https://www.youtube.com/watch?v=YXcgD8hRHYY&list=PLu0W_9lII9ahKZ42vg2w9ERPmShYbYAB7
php[1 Hr]: https://www.youtube.com/watch?v=xW7ro3lwaCI&list=PLu0W_9lII9ahKZ42vg2w9ERPmShYbYAB7
php[2.3 Hr]:https://www.youtube.com/watch?v=1SnPKhCdlsU&list=PLu0W_9lII9ahKZ42vg2w9ERPmShYbYAB7
php[Project]- https://www.youtube.com/watch?v=-al2bECumKg&list=PLu0W_9lII9ahKZ42vg2w9ERPmShYbYAB7
HTML[30 Min]:https://www.youtube.com/watch?v=E3ByCRqE7Lo&list=PLu0W_9lII9ahKZ42vg2w9ERPmShYbYAB7
CSS[8.5 Hr]:https://www.youtube.com/watch?v=Edsxf_NBFrw&list=PLu0W_9lII9ahKZ42vg2w9ERPmShYbYAB7
CSS[1.4 Hr]:https://www.youtube.com/watch?v=u5-K_ua9sOw&list=PLu0W_9lII9ahKZ42vg2w9ERPmShYbYAB7
Wordpress[3.2 Hr]:https://www.youtube.com/watch?v=GlLRYml8mCY&list=PLu0W_9lII9ahKZ42vg2w9ERPmShYbYAB7
Angular[2 Hr]:https://www.youtube.com/watch?v=0LhBvp8qpro&list=PLu0W_9lII9ahKZ42vg2w9ERPmShYbYAB7
Java[2.3 Hr]:https://www.youtube.com/watch?v=rV_3Lewxx6o&list=PLu0W_9lII9ahKZ42vg2w9ERPmShYbYAB7
Web Scraping[1 Hr]:https://www.youtube.com/watch?v=uufDGjTuq34&list=PLu0W_9lII9ahKZ42vg2w9ERPmShYbYAB7
MongoDB[2 Hr]:https://www.youtube.com/watch?v=oSIv-E60NiU&list=PLu0W_9lII9ahKZ42vg2w9ERPmShYbYAB7
Numpy[1 Hr]:https://www.youtube.com/watch?v=Rbh1rieb3zc&list=PLu0W_9lII9ahKZ42vg2w9ERPmShYbYAB7
Android Dev[12 Hr]- https://www.youtube.com/watch?v=mXjZQX3UzOs
Linux[1 Hr]:https://www.youtube.com/watch?v=_tCY-c-sPZc&list=PLu0W_9lII9ahKZ42vg2w9ERPmShYbYAB7
JQuery[1.1 Hr]:https://www.youtube.com/watch?v=YFlx1C8XwR0&list=PLu0W_9lII9ahKZ42vg2w9ERPmShYbYAB7
Git and GitHub[1.1 Hr]:https://www.youtube.com/watch?v=gwWKnnCMQ5c&list=PLu0W_9lII9ahKZ42vg2w9ERPmShYbYAB7

►Complete course [playlist]:
React: https://www.youtube.com/playlist?list=PLu0W_9lII9agx66oZnT6IyhcMIbUMNMdt
Python-https://www.youtube.com/playlist?list=PLu0W_9lII9agICnT8t4iYVSZ3eykIAOME
OOP Python-https://www.youtube.com/playlist?list=PLu0W_9lII9ahfRrhFcoB-4lpp9YaBmdCP
Java:https://www.youtube.com/playlist?list=PLu0W_9lII9agS67Uits0UnJyrYiXhDS6q
JavaScript- https://www.youtube.com/playlist?list=PLu0W_9lII9ajyk081To1Cbt2eI5913SsL
PHP-https://www.youtube.com/playlist?list=PLu0W_9lII9aikXkRE0WxDt1vozo3hnmtR
C-https://www.youtube.com/playlist?list=PLu0W_9lII9aiXlHcLx-mDH1Qul38wD3aR
C++-https://www.youtube.com/playlist?list=PLu0W_9lII9agpFUAlPFe_VNSlXW5uE0YL
Git & GitHub-https://www.youtube.com/playlist?list=PLu0W_9lII9ahVQekD7ePHmnirTePXwIln
Android Dev- https://www.youtube.com/playlist?list=PLu0W_9lII9aiL0kysYlfSOUgY5rNlOhUd
Python GUI- https://www.youtube.com/playlist?list=PLu0W_9lII9ajLcqRcj4PoEihkukF_OTzA
Web Development- https://www.youtube.com/playlist?list=PLu0W_9lII9agiCUZYRsvtGTXdxkzPyItg
Python Django:https://www.youtube.com/playlist?list=PLu0W_9lII9ah7DDtYtflgwMwpT3xmjXY9
Projects Using HTML, CSS & Javascript- https://www.youtube.com/playlist?list=PLu0W_9lII9aiQiOwthuSvinxoflmhRxM3
Data Structure and Algo:https://www.youtube.com/playlist?list=PLu0W_9lII9ahIappRPN0MCAgtOu3lQjQi 

Follow Me On Social Media
►Website (created using Django Rest & Angular): https://www.codewithharry.com
►Facebook: https://www.facebook.com/CodeWithHarry
►Instagram: https://www.instagram.com/codewithharry/ 
Twitter: https://twitter.com/CodeWithHarry
Comment ""#HarryBhai"" if you read this 😉😉",https://i.ytimg.com/vi/izwkombjECA/maxresdefault.jpg,CodeWithHarry,83887,1468,225,6829,1:53:49,"1 Hours, 53 Minutes, 49 Seconds",2024-11-05T14:46:33,https://www.youtube.com/watch?v=izwkombjECA
Deploying our Next.js App to Vercel | Sigma Web Development Course - Tutorial #138,"If you are looking for a modern web development course with a completion certificate, handbook, updated topics, and modern + AI-assisted projects, you can consider enrolling in my Udemy course, which I created recently: https://goharry.in/webdev

Access the Sigma web development course playlist: https://www.youtube.com/playlist?list=PLu0W_9lII9agq5TrH9XLIKQvv0iaF2X3w
➡️ Source Code: https://github.com/CodeWithHarry/Sigma-Web-Dev-Course
➡️ Notes and CheatSheets: https://www.codewithharry.com/notes/
➡️ English Subtitles are now up for all the videos!

►Checkout my English channel here: https://www.youtube.com/channel/UC7btqG2Ww0_2LwuQxpvo2HQ
►Instagram: https://www.instagram.com/codewithharry

python, C, C++, Java, JavaScript and Other Cheatsheets [++]:
Playlist: https://www.youtube.com/playlist?list=PLu0W_9lII9agrsRZjFECeFuWY5ev2pQlk

►Learn in One Video[++]:
Python Course with 5 Projects: https://www.youtube.com/watch?v=fqF9M92jzUo
Python[15 Hr]: https://www.youtube.com/watch?v=gfDE2a7MKjA&list=PLu0W_9lII9ahKZ42vg2w9ERPmShYbYAB7
Python Advance[3.5 Hr]: https://www.youtube.com/watch?v=61a7UkDO50s&list=PLu0W_9lII9ahKZ42vg2w9ERPmShYbYAB7
Python[1 Hr]: https://www.youtube.com/watch?v=qHJjMvHLJdg&list=PLu0W_9lII9ahKZ42vg2w9ERPmShYbYAB7
Python[2 Hr]: https://www.youtube.com/watch?v=ihk_Xglr164&list=PLu0W_9lII9ahKZ42vg2w9ERPmShYbYAB7
Python[15 Min]:https://www.youtube.com/watch?v=fr1f84rg4Nw&list=PLu0W_9lII9ahKZ42vg2w9ERPmShYbYAB7
JavaScript[1 Hr]: https://www.youtube.com/watch?v=onbBV0uFVpo&list=PLu0W_9lII9ahKZ42vg2w9ERPmShYbYAB7
C[1.3 Hr]-https://www.youtube.com/watch?v=YXcgD8hRHYY&list=PLu0W_9lII9ahKZ42vg2w9ERPmShYbYAB7
php[1 Hr]: https://www.youtube.com/watch?v=xW7ro3lwaCI&list=PLu0W_9lII9ahKZ42vg2w9ERPmShYbYAB7
php[2.3 Hr]:https://www.youtube.com/watch?v=1SnPKhCdlsU&list=PLu0W_9lII9ahKZ42vg2w9ERPmShYbYAB7
php[Project]- https://www.youtube.com/watch?v=-al2bECumKg&list=PLu0W_9lII9ahKZ42vg2w9ERPmShYbYAB7
HTML[30 Min]:https://www.youtube.com/watch?v=E3ByCRqE7Lo&list=PLu0W_9lII9ahKZ42vg2w9ERPmShYbYAB7
CSS[8.5 Hr]:https://www.youtube.com/watch?v=Edsxf_NBFrw&list=PLu0W_9lII9ahKZ42vg2w9ERPmShYbYAB7
CSS[1.4 Hr]:https://www.youtube.com/watch?v=u5-K_ua9sOw&list=PLu0W_9lII9ahKZ42vg2w9ERPmShYbYAB7
Wordpress[3.2 Hr]:https://www.youtube.com/watch?v=GlLRYml8mCY&list=PLu0W_9lII9ahKZ42vg2w9ERPmShYbYAB7
Angular[2 Hr]:https://www.youtube.com/watch?v=0LhBvp8qpro&list=PLu0W_9lII9ahKZ42vg2w9ERPmShYbYAB7
Java[2.3 Hr]:https://www.youtube.com/watch?v=rV_3Lewxx6o&list=PLu0W_9lII9ahKZ42vg2w9ERPmShYbYAB7
Web Scraping[1 Hr]:https://www.youtube.com/watch?v=uufDGjTuq34&list=PLu0W_9lII9ahKZ42vg2w9ERPmShYbYAB7
MongoDB[2 Hr]:https://www.youtube.com/watch?v=oSIv-E60NiU&list=PLu0W_9lII9ahKZ42vg2w9ERPmShYbYAB7
Numpy[1 Hr]:https://www.youtube.com/watch?v=Rbh1rieb3zc&list=PLu0W_9lII9ahKZ42vg2w9ERPmShYbYAB7
Android Dev[12 Hr]- https://www.youtube.com/watch?v=mXjZQX3UzOs
Linux[1 Hr]:https://www.youtube.com/watch?v=_tCY-c-sPZc&list=PLu0W_9lII9ahKZ42vg2w9ERPmShYbYAB7
JQuery[1.1 Hr]:https://www.youtube.com/watch?v=YFlx1C8XwR0&list=PLu0W_9lII9ahKZ42vg2w9ERPmShYbYAB7
Git and GitHub[1.1 Hr]:https://www.youtube.com/watch?v=gwWKnnCMQ5c&list=PLu0W_9lII9ahKZ42vg2w9ERPmShYbYAB7

►Complete course [playlist]:
React: https://www.youtube.com/playlist?list=PLu0W_9lII9agx66oZnT6IyhcMIbUMNMdt
Python-https://www.youtube.com/playlist?list=PLu0W_9lII9agICnT8t4iYVSZ3eykIAOME
OOP Python-https://www.youtube.com/playlist?list=PLu0W_9lII9ahfRrhFcoB-4lpp9YaBmdCP
Java:https://www.youtube.com/playlist?list=PLu0W_9lII9agS67Uits0UnJyrYiXhDS6q
JavaScript- https://www.youtube.com/playlist?list=PLu0W_9lII9ajyk081To1Cbt2eI5913SsL
PHP-https://www.youtube.com/playlist?list=PLu0W_9lII9aikXkRE0WxDt1vozo3hnmtR
C-https://www.youtube.com/playlist?list=PLu0W_9lII9aiXlHcLx-mDH1Qul38wD3aR
C++-https://www.youtube.com/playlist?list=PLu0W_9lII9agpFUAlPFe_VNSlXW5uE0YL
Git & GitHub-https://www.youtube.com/playlist?list=PLu0W_9lII9ahVQekD7ePHmnirTePXwIln
Android Dev- https://www.youtube.com/playlist?list=PLu0W_9lII9aiL0kysYlfSOUgY5rNlOhUd
Python GUI- https://www.youtube.com/playlist?list=PLu0W_9lII9ajLcqRcj4PoEihkukF_OTzA
Web Development- https://www.youtube.com/playlist?list=PLu0W_9lII9agiCUZYRsvtGTXdxkzPyItg
Python Django:https://www.youtube.com/playlist?list=PLu0W_9lII9ah7DDtYtflgwMwpT3xmjXY9
Projects Using HTML, CSS & Javascript- https://www.youtube.com/playlist?list=PLu0W_9lII9aiQiOwthuSvinxoflmhRxM3
Data Structure and Algo:https://www.youtube.com/playlist?list=PLu0W_9lII9ahIappRPN0MCAgtOu3lQjQi 

Follow Me On Social Media
►Website (created using Django Rest & Angular): https://www.codewithharry.com
►Facebook: https://www.facebook.com/CodeWithHarry
►Instagram: https://www.instagram.com/codewithharry/ 
Twitter: https://twitter.com/CodeWithHarry
Comment ""#HarryBhai"" if you read this 😉😉",https://i.ytimg.com/vi/IW1hcRXK2yQ/maxresdefault.jpg,CodeWithHarry,90523,1689,252,1138,18:58,"18 Minutes, 58 Seconds",2024-11-10T05:30:11,https://www.youtube.com/watch?v=IW1hcRXK2yQ
My Last Video | Sigma Web Development Course - Tutorial #139,"If you are looking for a modern web development course with a completion certificate, handbook, updated topics, and modern + AI-assisted projects, you can consider enrolling in my Udemy course, which I created recently: https://goharry.in/webdev

Access the Sigma web development course playlist: https://www.youtube.com/playlist?list=PLu0W_9lII9agq5TrH9XLIKQvv0iaF2X3w

If you're building an eCommerce website and looking to automate your email marketing, I highly recommend checking out Omnisend: https://your.omnisend.com/6yemOb 
This powerful marketing automation platform is tailored specifically for eCommerce businesses

➡️ Source Code: https://github.com/CodeWithHarry/Sigma-Web-Dev-Course
➡️ Notes and CheatSheets: https://www.codewithharry.com/notes/
➡️ English Subtitles are now up for all the videos!

python, C, C++, Java, JavaScript and Other Cheatsheets [++]:
Playlist: https://www.youtube.com/playlist?list=PLu0W_9lII9agrsRZjFECeFuWY5ev2pQlk

►Learn in One Video[++]:
Python Course with 5 Projects: https://www.youtube.com/watch?v=fqF9M92jzUo
Python[15 Hr]: https://www.youtube.com/watch?v=gfDE2a7MKjA&list=PLu0W_9lII9ahKZ42vg2w9ERPmShYbYAB7
Python Advance[3.5 Hr]: https://www.youtube.com/watch?v=61a7UkDO50s&list=PLu0W_9lII9ahKZ42vg2w9ERPmShYbYAB7
Python[1 Hr]: https://www.youtube.com/watch?v=qHJjMvHLJdg&list=PLu0W_9lII9ahKZ42vg2w9ERPmShYbYAB7
Python[2 Hr]: https://www.youtube.com/watch?v=ihk_Xglr164&list=PLu0W_9lII9ahKZ42vg2w9ERPmShYbYAB7
Python[15 Min]:https://www.youtube.com/watch?v=fr1f84rg4Nw&list=PLu0W_9lII9ahKZ42vg2w9ERPmShYbYAB7
JavaScript[1 Hr]: https://www.youtube.com/watch?v=onbBV0uFVpo&list=PLu0W_9lII9ahKZ42vg2w9ERPmShYbYAB7
C[1.3 Hr]-https://www.youtube.com/watch?v=YXcgD8hRHYY&list=PLu0W_9lII9ahKZ42vg2w9ERPmShYbYAB7
php[1 Hr]: https://www.youtube.com/watch?v=xW7ro3lwaCI&list=PLu0W_9lII9ahKZ42vg2w9ERPmShYbYAB7
php[2.3 Hr]:https://www.youtube.com/watch?v=1SnPKhCdlsU&list=PLu0W_9lII9ahKZ42vg2w9ERPmShYbYAB7
php[Project]- https://www.youtube.com/watch?v=-al2bECumKg&list=PLu0W_9lII9ahKZ42vg2w9ERPmShYbYAB7
HTML[30 Min]:https://www.youtube.com/watch?v=E3ByCRqE7Lo&list=PLu0W_9lII9ahKZ42vg2w9ERPmShYbYAB7
CSS[8.5 Hr]:https://www.youtube.com/watch?v=Edsxf_NBFrw&list=PLu0W_9lII9ahKZ42vg2w9ERPmShYbYAB7
CSS[1.4 Hr]:https://www.youtube.com/watch?v=u5-K_ua9sOw&list=PLu0W_9lII9ahKZ42vg2w9ERPmShYbYAB7
Wordpress[3.2 Hr]:https://www.youtube.com/watch?v=GlLRYml8mCY&list=PLu0W_9lII9ahKZ42vg2w9ERPmShYbYAB7
Angular[2 Hr]:https://www.youtube.com/watch?v=0LhBvp8qpro&list=PLu0W_9lII9ahKZ42vg2w9ERPmShYbYAB7
Java[2.3 Hr]:https://www.youtube.com/watch?v=rV_3Lewxx6o&list=PLu0W_9lII9ahKZ42vg2w9ERPmShYbYAB7
Web Scraping[1 Hr]:https://www.youtube.com/watch?v=uufDGjTuq34&list=PLu0W_9lII9ahKZ42vg2w9ERPmShYbYAB7
MongoDB[2 Hr]:https://www.youtube.com/watch?v=oSIv-E60NiU&list=PLu0W_9lII9ahKZ42vg2w9ERPmShYbYAB7
Numpy[1 Hr]:https://www.youtube.com/watch?v=Rbh1rieb3zc&list=PLu0W_9lII9ahKZ42vg2w9ERPmShYbYAB7
Android Dev[12 Hr]- https://www.youtube.com/watch?v=mXjZQX3UzOs
Linux[1 Hr]:https://www.youtube.com/watch?v=_tCY-c-sPZc&list=PLu0W_9lII9ahKZ42vg2w9ERPmShYbYAB7
JQuery[1.1 Hr]:https://www.youtube.com/watch?v=YFlx1C8XwR0&list=PLu0W_9lII9ahKZ42vg2w9ERPmShYbYAB7
Git and GitHub[1.1 Hr]:https://www.youtube.com/watch?v=gwWKnnCMQ5c&list=PLu0W_9lII9ahKZ42vg2w9ERPmShYbYAB7

►Complete course [playlist]:
React: https://www.youtube.com/playlist?list=PLu0W_9lII9agx66oZnT6IyhcMIbUMNMdt
Python-https://www.youtube.com/playlist?list=PLu0W_9lII9agICnT8t4iYVSZ3eykIAOME
OOP Python-https://www.youtube.com/playlist?list=PLu0W_9lII9ahfRrhFcoB-4lpp9YaBmdCP
Java:https://www.youtube.com/playlist?list=PLu0W_9lII9agS67Uits0UnJyrYiXhDS6q
JavaScript- https://www.youtube.com/playlist?list=PLu0W_9lII9ajyk081To1Cbt2eI5913SsL
PHP-https://www.youtube.com/playlist?list=PLu0W_9lII9aikXkRE0WxDt1vozo3hnmtR
C-https://www.youtube.com/playlist?list=PLu0W_9lII9aiXlHcLx-mDH1Qul38wD3aR
C++-https://www.youtube.com/playlist?list=PLu0W_9lII9agpFUAlPFe_VNSlXW5uE0YL
Git & GitHub-https://www.youtube.com/playlist?list=PLu0W_9lII9ahVQekD7ePHmnirTePXwIln
Android Dev- https://www.youtube.com/playlist?list=PLu0W_9lII9aiL0kysYlfSOUgY5rNlOhUd
Python GUI- https://www.youtube.com/playlist?list=PLu0W_9lII9ajLcqRcj4PoEihkukF_OTzA
Web Development- https://www.youtube.com/playlist?list=PLu0W_9lII9agiCUZYRsvtGTXdxkzPyItg
Python Django:https://www.youtube.com/playlist?list=PLu0W_9lII9ah7DDtYtflgwMwpT3xmjXY9
Projects Using HTML, CSS & Javascript- https://www.youtube.com/playlist?list=PLu0W_9lII9aiQiOwthuSvinxoflmhRxM3
Data Structure and Algo:https://www.youtube.com/playlist?list=PLu0W_9lII9ahIappRPN0MCAgtOu3lQjQi 

Follow Me On Social Media
►Website (created using Django Rest & Angular): https://www.codewithharry.com
►Facebook: https://www.facebook.com/CodeWithHarry
►Instagram: https://www.instagram.com/codewithharry/ 
Twitter: https://twitter.com/CodeWithHarry
Comment ""#HarryBhai"" if you read this 😉😉",https://i.ytimg.com/vi/iZb0NsF3Xwg/maxresdefault.jpg,CodeWithHarry,565886,37371,3141,507,8:27,"8 Minutes, 27 Seconds",2024-11-11T11:30:25,https://www.youtube.com/watch?v=iZb0NsF3Xwg
